2024-12-01 12:48:15,449 - Interaction: TEMPORAL vs DEFECTOR, Payoffs: 1, 1
2024-12-01 12:48:15,456 - Interaction: DEFECTOR vs TEMPORAL, Payoffs: 1, 1
2024-12-01 12:48:15,461 - Agents count: 20
2024-12-01 12:48:15,493 - Interaction: TEMPORAL vs DEFECTOR, Payoffs: 1, 1
2024-12-01 12:48:15,497 - Interaction: DEFECTOR vs TEMPORAL, Payoffs: 1, 1
2024-12-01 12:48:15,504 - Agents count: 20
2024-12-01 12:48:15,537 - Interaction: TEMPORAL vs DEFECTOR, Payoffs: 1, 1
2024-12-01 12:48:15,541 - Interaction: DEFECTOR vs TEMPORAL, Payoffs: 1, 1
2024-12-01 12:48:15,542 - Interaction: DEFECTOR vs PROBABILISTIC, Payoffs: 1, 1
2024-12-01 12:48:15,544 - Interaction: PROBABILISTIC vs DEFECTOR, Payoffs: 1, 1
2024-12-01 12:48:15,548 - Agents count: 20
2024-12-01 12:48:15,579 - Interaction: TEMPORAL vs DEFECTOR, Payoffs: 1, 1
2024-12-01 12:48:15,584 - Interaction: DEFECTOR vs TEMPORAL, Payoffs: 1, 1
2024-12-01 12:48:15,585 - Interaction: DEFECTOR vs PROBABILISTIC, Payoffs: 1, 1
2024-12-01 12:48:15,586 - Interaction: PROBABILISTIC vs DEFECTOR, Payoffs: 1, 1
2024-12-01 12:48:15,590 - Agents count: 20
2024-12-01 12:48:15,624 - Interaction: TEMPORAL vs DEFECTOR, Payoffs: 1, 1
2024-12-01 12:48:15,628 - Interaction: DEFECTOR vs TEMPORAL, Payoffs: 1, 1
2024-12-01 12:48:15,629 - Interaction: DEFECTOR vs PROBABILISTIC, Payoffs: 1, 1
2024-12-01 12:48:15,629 - Interaction: PROBABILISTIC vs DEFECTOR, Payoffs: 1, 1
2024-12-01 12:48:15,635 - Agents count: 20
2024-12-01 12:48:15,670 - Interaction: TEMPORAL vs DEFECTOR, Payoffs: 1, 1
2024-12-01 12:48:15,674 - Interaction: DEFECTOR vs TEMPORAL, Payoffs: 1, 1
2024-12-01 12:48:15,674 - Interaction: DEFECTOR vs PROBABILISTIC, Payoffs: 1, 1
2024-12-01 12:48:15,675 - Interaction: PROBABILISTIC vs DEFECTOR, Payoffs: 1, 1
2024-12-01 12:48:15,680 - Agents count: 20
2024-12-01 12:48:15,713 - Interaction: TEMPORAL vs DEFECTOR, Payoffs: 1, 1
2024-12-01 12:48:15,717 - Interaction: DEFECTOR vs TEMPORAL, Payoffs: 1, 1
2024-12-01 12:48:15,717 - Interaction: DEFECTOR vs PROBABILISTIC, Payoffs: 1, 1
2024-12-01 12:48:15,719 - Interaction: PROBABILISTIC vs DEFECTOR, Payoffs: 1, 1
2024-12-01 12:48:15,723 - Agents count: 20
2024-12-01 12:48:15,757 - Interaction: TEMPORAL vs DEFECTOR, Payoffs: 1, 1
2024-12-01 12:48:15,762 - Interaction: DEFECTOR vs TEMPORAL, Payoffs: 1, 1
2024-12-01 12:48:15,762 - Interaction: DEFECTOR vs PROBABILISTIC, Payoffs: 1, 1
2024-12-01 12:48:15,763 - Interaction: PROBABILISTIC vs DEFECTOR, Payoffs: 1, 1
2024-12-01 12:48:15,767 - Agents count: 20
2024-12-01 12:48:15,804 - Interaction: DEFECTOR vs PROBABILISTIC, Payoffs: 1, 1
2024-12-01 12:48:15,805 - Interaction: PROBABILISTIC vs DEFECTOR, Payoffs: 1, 1
2024-12-01 12:48:16,120 - Agents count: 20
2024-12-01 12:48:16,919 - Interaction: DEFECTOR vs PROBABILISTIC, Payoffs: 1, 1
2024-12-01 12:48:16,920 - Interaction: PROBABILISTIC vs DEFECTOR, Payoffs: 1, 1
2024-12-01 12:48:17,197 - Agents count: 20
2024-12-01 12:48:17,218 - Interaction: DEFECTOR vs PROBABILISTIC, Payoffs: 1, 1
2024-12-01 12:48:17,219 - Interaction: PROBABILISTIC vs DEFECTOR, Payoffs: 1, 1
2024-12-01 12:48:17,220 - Agents count: 20
2024-12-01 12:48:17,239 - Interaction: DEFECTOR vs PROBABILISTIC, Payoffs: 1, 1
2024-12-01 12:48:17,240 - Interaction: PROBABILISTIC vs DEFECTOR, Payoffs: 1, 1
2024-12-01 12:48:17,242 - Agents count: 20
2024-12-01 12:48:17,262 - Interaction: DEFECTOR vs PROBABILISTIC, Payoffs: 1, 1
2024-12-01 12:48:17,263 - Interaction: PROBABILISTIC vs DEFECTOR, Payoffs: 1, 1
2024-12-01 12:48:17,264 - Agents count: 20
2024-12-01 12:48:19,701 - Interaction: COOPERATOR vs PROBABILISTIC, Payoffs: 0, 5
2024-12-01 12:48:19,704 - Interaction: PROBABILISTIC vs COOPERATOR, Payoffs: 5, 0
2024-12-01 12:48:19,989 - Agents count: 20
2024-12-01 12:48:20,010 - Interaction: COOPERATOR vs PROBABILISTIC, Payoffs: 0, 5
2024-12-01 12:48:20,011 - Interaction: PROBABILISTIC vs COOPERATOR, Payoffs: 5, 0
2024-12-01 12:48:20,014 - Agents count: 20
2024-12-01 12:48:20,042 - Interaction: COOPERATOR vs PROBABILISTIC, Payoffs: 0, 5
2024-12-01 12:48:20,046 - Interaction: PROBABILISTIC vs COOPERATOR, Payoffs: 5, 0
2024-12-01 12:48:20,051 - Agents count: 20
2024-12-01 12:48:20,089 - Interaction: COOPERATOR vs PROBABILISTIC, Payoffs: 0, 5
2024-12-01 12:48:20,093 - Interaction: PROBABILISTIC vs COOPERATOR, Payoffs: 5, 0
2024-12-01 12:48:20,097 - Agents count: 20
2024-12-01 12:48:20,138 - Interaction: COOPERATOR vs PROBABILISTIC, Payoffs: 0, 5
2024-12-01 12:48:20,142 - Interaction: PROBABILISTIC vs COOPERATOR, Payoffs: 5, 0
2024-12-01 12:48:20,146 - Agents count: 20
2024-12-01 12:48:20,184 - Interaction: COOPERATOR vs PROBABILISTIC, Payoffs: 0, 5
2024-12-01 12:48:20,189 - Interaction: PROBABILISTIC vs COOPERATOR, Payoffs: 5, 0
2024-12-01 12:48:20,194 - Agents count: 20
2024-12-01 12:48:20,227 - Interaction: COOPERATOR vs PROBABILISTIC, Payoffs: 3, 3
2024-12-01 12:48:20,231 - New agent spawned with strategy: PROBABILISTIC
2024-12-01 12:48:20,234 - Interaction: PROBABILISTIC vs COOPERATOR, Payoffs: 3, 3
2024-12-01 12:48:20,239 - Interaction: PROBABILISTIC vs COOPERATOR, Payoffs: 3, 3
2024-12-01 12:48:20,239 - Interaction: PROBABILISTIC vs PROBABILISTIC, Payoffs: 3, 3
2024-12-01 12:48:20,668 - Agents count: 21
2024-12-01 12:48:20,692 - Interaction: COOPERATOR vs PROBABILISTIC, Payoffs: 3, 3
2024-12-01 12:48:20,692 - Interaction: COOPERATOR vs PROBABILISTIC, Payoffs: 3, 3
2024-12-01 12:48:20,694 - Interaction: PROBABILISTIC vs COOPERATOR, Payoffs: 3, 3
2024-12-01 12:48:20,695 - Interaction: PROBABILISTIC vs PROBABILISTIC, Payoffs: 3, 3
2024-12-01 12:48:20,697 - Interaction: PROBABILISTIC vs COOPERATOR, Payoffs: 3, 3
2024-12-01 12:48:20,697 - Interaction: PROBABILISTIC vs PROBABILISTIC, Payoffs: 3, 3
2024-12-01 12:48:20,697 - Agents count: 21
2024-12-01 12:48:20,722 - Interaction: PROBABILISTIC vs DEFECTOR, Payoffs: 1, 1
2024-12-01 12:48:20,723 - Interaction: DEFECTOR vs PROBABILISTIC, Payoffs: 1, 1
2024-12-01 12:48:20,724 - Interaction: COOPERATOR vs PROBABILISTIC, Payoffs: 3, 3
2024-12-01 12:48:20,724 - Interaction: COOPERATOR vs PROBABILISTIC, Payoffs: 3, 3
2024-12-01 12:48:20,726 - Interaction: PROBABILISTIC vs COOPERATOR, Payoffs: 3, 3
2024-12-01 12:48:20,726 - Interaction: PROBABILISTIC vs PROBABILISTIC, Payoffs: 3, 3
2024-12-01 12:48:20,728 - Interaction: PROBABILISTIC vs COOPERATOR, Payoffs: 3, 3
2024-12-01 12:48:20,729 - New agent spawned with strategy: COOPERATOR
2024-12-01 12:48:20,729 - Interaction: PROBABILISTIC vs PROBABILISTIC, Payoffs: 3, 3
2024-12-01 12:48:20,729 - Interaction: COOPERATOR vs COOPERATOR, Payoffs: 3, 3
2024-12-01 12:48:20,730 - Interaction: COOPERATOR vs PROBABILISTIC, Payoffs: 3, 3
2024-12-01 12:48:20,730 - Interaction: COOPERATOR vs PROBABILISTIC, Payoffs: 3, 3
2024-12-01 12:48:20,730 - Agents count: 22
2024-12-01 12:48:20,752 - Interaction: PROBABILISTIC vs DEFECTOR, Payoffs: 1, 1
2024-12-01 12:48:20,752 - Interaction: DEFECTOR vs PROBABILISTIC, Payoffs: 1, 1
2024-12-01 12:48:20,754 - Interaction: COOPERATOR vs PROBABILISTIC, Payoffs: 3, 3
2024-12-01 12:48:20,754 - Interaction: COOPERATOR vs COOPERATOR, Payoffs: 3, 3
2024-12-01 12:48:20,754 - Interaction: COOPERATOR vs PROBABILISTIC, Payoffs: 3, 3
2024-12-01 12:48:20,756 - Interaction: PROBABILISTIC vs COOPERATOR, Payoffs: 3, 3
2024-12-01 12:48:20,756 - Interaction: PROBABILISTIC vs COOPERATOR, Payoffs: 3, 3
2024-12-01 12:48:20,758 - Interaction: PROBABILISTIC vs PROBABILISTIC, Payoffs: 3, 3
2024-12-01 12:48:20,760 - Interaction: PROBABILISTIC vs COOPERATOR, Payoffs: 3, 3
2024-12-01 12:48:20,761 - Interaction: PROBABILISTIC vs PROBABILISTIC, Payoffs: 3, 3
2024-12-01 12:48:20,761 - Interaction: PROBABILISTIC vs COOPERATOR, Payoffs: 3, 3
2024-12-01 12:48:20,762 - Interaction: COOPERATOR vs COOPERATOR, Payoffs: 3, 3
2024-12-01 12:48:20,762 - Interaction: COOPERATOR vs PROBABILISTIC, Payoffs: 3, 3
2024-12-01 12:48:20,762 - Interaction: COOPERATOR vs PROBABILISTIC, Payoffs: 3, 3
2024-12-01 12:48:21,055 - Agents count: 22
2024-12-01 12:48:21,076 - Interaction: PROBABILISTIC vs DEFECTOR, Payoffs: 1, 1
2024-12-01 12:48:21,076 - Interaction: DEFECTOR vs PROBABILISTIC, Payoffs: 1, 1
2024-12-01 12:48:21,077 - Interaction: COOPERATOR vs PROBABILISTIC, Payoffs: 3, 3
2024-12-01 12:48:21,077 - Interaction: COOPERATOR vs COOPERATOR, Payoffs: 3, 3
2024-12-01 12:48:21,077 - Interaction: COOPERATOR vs PROBABILISTIC, Payoffs: 3, 3
2024-12-01 12:48:21,081 - Interaction: PROBABILISTIC vs COOPERATOR, Payoffs: 3, 3
2024-12-01 12:48:21,081 - Interaction: PROBABILISTIC vs COOPERATOR, Payoffs: 3, 3
2024-12-01 12:48:21,081 - Interaction: PROBABILISTIC vs PROBABILISTIC, Payoffs: 3, 3
2024-12-01 12:48:21,084 - Interaction: PROBABILISTIC vs COOPERATOR, Payoffs: 3, 3
2024-12-01 12:48:21,084 - Interaction: PROBABILISTIC vs PROBABILISTIC, Payoffs: 3, 3
2024-12-01 12:48:21,085 - Interaction: PROBABILISTIC vs COOPERATOR, Payoffs: 3, 3
2024-12-01 12:48:21,085 - Interaction: COOPERATOR vs COOPERATOR, Payoffs: 3, 3
2024-12-01 12:48:21,086 - Interaction: COOPERATOR vs PROBABILISTIC, Payoffs: 3, 3
2024-12-01 12:48:21,086 - Interaction: COOPERATOR vs PROBABILISTIC, Payoffs: 3, 3
2024-12-01 12:48:21,086 - Agents count: 22
2024-12-01 12:48:21,106 - Interaction: PROBABILISTIC vs DEFECTOR, Payoffs: 1, 1
2024-12-01 12:48:21,106 - Interaction: DEFECTOR vs PROBABILISTIC, Payoffs: 1, 1
2024-12-01 12:48:21,108 - Interaction: COOPERATOR vs PROBABILISTIC, Payoffs: 3, 3
2024-12-01 12:48:21,108 - Interaction: COOPERATOR vs COOPERATOR, Payoffs: 3, 3
2024-12-01 12:48:21,108 - Interaction: COOPERATOR vs PROBABILISTIC, Payoffs: 3, 3
2024-12-01 12:48:21,109 - Interaction: PROBABILISTIC vs COOPERATOR, Payoffs: 3, 3
2024-12-01 12:48:21,111 - Interaction: PROBABILISTIC vs COOPERATOR, Payoffs: 3, 3
2024-12-01 12:48:21,111 - Interaction: PROBABILISTIC vs PROBABILISTIC, Payoffs: 3, 3
2024-12-01 12:48:21,113 - Interaction: PROBABILISTIC vs COOPERATOR, Payoffs: 3, 3
2024-12-01 12:48:21,113 - Interaction: PROBABILISTIC vs PROBABILISTIC, Payoffs: 3, 3
2024-12-01 12:48:21,113 - Interaction: PROBABILISTIC vs COOPERATOR, Payoffs: 3, 3
2024-12-01 12:48:21,114 - Interaction: COOPERATOR vs COOPERATOR, Payoffs: 3, 3
2024-12-01 12:48:21,114 - Interaction: COOPERATOR vs PROBABILISTIC, Payoffs: 3, 3
2024-12-01 12:48:21,114 - Interaction: COOPERATOR vs PROBABILISTIC, Payoffs: 3, 3
2024-12-01 12:48:21,114 - Agents count: 22
2024-12-01 12:48:21,141 - Interaction: PROBABILISTIC vs DEFECTOR, Payoffs: 1, 1
2024-12-01 12:48:21,142 - Interaction: DEFECTOR vs PROBABILISTIC, Payoffs: 1, 1
2024-12-01 12:48:21,143 - Interaction: COOPERATOR vs PROBABILISTIC, Payoffs: 3, 3
2024-12-01 12:48:21,144 - Interaction: COOPERATOR vs COOPERATOR, Payoffs: 3, 3
2024-12-01 12:48:21,144 - Interaction: COOPERATOR vs PROBABILISTIC, Payoffs: 3, 3
2024-12-01 12:48:21,146 - Interaction: PROBABILISTIC vs COOPERATOR, Payoffs: 3, 3
2024-12-01 12:48:21,147 - Interaction: PROBABILISTIC vs COOPERATOR, Payoffs: 3, 3
2024-12-01 12:48:21,147 - Interaction: PROBABILISTIC vs PROBABILISTIC, Payoffs: 3, 3
2024-12-01 12:48:21,150 - Interaction: PROBABILISTIC vs COOPERATOR, Payoffs: 3, 3
2024-12-01 12:48:21,151 - Interaction: PROBABILISTIC vs PROBABILISTIC, Payoffs: 3, 3
2024-12-01 12:48:21,151 - Interaction: PROBABILISTIC vs COOPERATOR, Payoffs: 3, 3
2024-12-01 12:48:21,152 - Interaction: COOPERATOR vs COOPERATOR, Payoffs: 3, 3
2024-12-01 12:48:21,152 - Interaction: COOPERATOR vs PROBABILISTIC, Payoffs: 3, 3
2024-12-01 12:48:21,152 - Interaction: COOPERATOR vs PROBABILISTIC, Payoffs: 3, 3
2024-12-01 12:48:21,153 - Agents count: 22
2024-12-01 12:48:21,177 - Interaction: PROBABILISTIC vs DEFECTOR, Payoffs: 1, 1
2024-12-01 12:48:21,178 - Interaction: DEFECTOR vs PROBABILISTIC, Payoffs: 1, 1
2024-12-01 12:48:21,179 - Interaction: COOPERATOR vs PROBABILISTIC, Payoffs: 3, 3
2024-12-01 12:48:21,179 - Interaction: COOPERATOR vs COOPERATOR, Payoffs: 3, 3
2024-12-01 12:48:21,179 - Interaction: COOPERATOR vs PROBABILISTIC, Payoffs: 3, 3
2024-12-01 12:48:21,181 - Interaction: PROBABILISTIC vs COOPERATOR, Payoffs: 3, 3
2024-12-01 12:48:21,182 - Interaction: PROBABILISTIC vs COOPERATOR, Payoffs: 3, 3
2024-12-01 12:48:21,182 - Interaction: PROBABILISTIC vs PROBABILISTIC, Payoffs: 3, 3
2024-12-01 12:48:21,184 - Interaction: PROBABILISTIC vs COOPERATOR, Payoffs: 3, 3
2024-12-01 12:48:21,185 - Interaction: PROBABILISTIC vs PROBABILISTIC, Payoffs: 3, 3
2024-12-01 12:48:21,185 - Interaction: PROBABILISTIC vs COOPERATOR, Payoffs: 3, 3
2024-12-01 12:48:21,186 - Interaction: COOPERATOR vs COOPERATOR, Payoffs: 3, 3
2024-12-01 12:48:21,186 - Interaction: COOPERATOR vs PROBABILISTIC, Payoffs: 3, 3
2024-12-01 12:48:21,186 - Interaction: COOPERATOR vs PROBABILISTIC, Payoffs: 3, 3
2024-12-01 12:48:21,187 - Agents count: 22
2024-12-01 12:48:21,208 - Interaction: PROBABILISTIC vs DEFECTOR, Payoffs: 1, 1
2024-12-01 12:48:21,209 - Interaction: DEFECTOR vs PROBABILISTIC, Payoffs: 1, 1
2024-12-01 12:48:21,209 - Interaction: COOPERATOR vs PROBABILISTIC, Payoffs: 3, 3
2024-12-01 12:48:21,209 - Interaction: COOPERATOR vs COOPERATOR, Payoffs: 3, 3
2024-12-01 12:48:21,209 - Interaction: COOPERATOR vs PROBABILISTIC, Payoffs: 3, 3
2024-12-01 12:48:21,211 - Interaction: PROBABILISTIC vs COOPERATOR, Payoffs: 3, 3
2024-12-01 12:48:21,211 - Interaction: PROBABILISTIC vs COOPERATOR, Payoffs: 3, 3
2024-12-01 12:48:21,212 - Interaction: PROBABILISTIC vs COOPERATOR, Payoffs: 3, 3
2024-12-01 12:48:21,212 - Interaction: PROBABILISTIC vs COOPERATOR, Payoffs: 3, 3
2024-12-01 12:48:21,213 - Interaction: COOPERATOR vs COOPERATOR, Payoffs: 3, 3
2024-12-01 12:48:21,213 - Interaction: COOPERATOR vs PROBABILISTIC, Payoffs: 3, 3
2024-12-01 12:48:21,213 - Interaction: COOPERATOR vs PROBABILISTIC, Payoffs: 3, 3
2024-12-01 12:48:21,213 - Agents count: 22
2024-12-01 12:48:21,233 - Interaction: PROBABILISTIC vs DEFECTOR, Payoffs: 1, 1
2024-12-01 12:48:21,234 - Interaction: DEFECTOR vs PROBABILISTIC, Payoffs: 1, 1
2024-12-01 12:48:21,235 - Interaction: COOPERATOR vs PROBABILISTIC, Payoffs: 3, 3
2024-12-01 12:48:21,235 - New agent spawned with strategy: PROBABILISTIC
2024-12-01 12:48:21,235 - Interaction: COOPERATOR vs COOPERATOR, Payoffs: 3, 3
2024-12-01 12:48:21,235 - Interaction: COOPERATOR vs PROBABILISTIC, Payoffs: 3, 3
2024-12-01 12:48:21,237 - Interaction: PROBABILISTIC vs COOPERATOR, Payoffs: 3, 3
2024-12-01 12:48:21,237 - Interaction: PROBABILISTIC vs COOPERATOR, Payoffs: 3, 3
2024-12-01 12:48:21,239 - Interaction: PROBABILISTIC vs COOPERATOR, Payoffs: 3, 3
2024-12-01 12:48:21,239 - Interaction: PROBABILISTIC vs COOPERATOR, Payoffs: 3, 3
2024-12-01 12:48:21,239 - Interaction: COOPERATOR vs COOPERATOR, Payoffs: 3, 3
2024-12-01 12:48:21,239 - Interaction: COOPERATOR vs PROBABILISTIC, Payoffs: 3, 3
2024-12-01 12:48:21,239 - Interaction: COOPERATOR vs PROBABILISTIC, Payoffs: 3, 3
2024-12-01 12:48:21,241 - Interaction: PROBABILISTIC vs COOPERATOR, Payoffs: 5, 0
2024-12-01 12:48:21,241 - Interaction: PROBABILISTIC vs PROBABILISTIC, Payoffs: 3, 3
2024-12-01 12:48:21,241 - Interaction: PROBABILISTIC vs COOPERATOR, Payoffs: 3, 3
2024-12-01 12:48:21,241 - Interaction: PROBABILISTIC vs PROBABILISTIC, Payoffs: 3, 3
2024-12-01 12:48:21,242 - Agents count: 23
2024-12-01 12:48:21,261 - Interaction: PROBABILISTIC vs DEFECTOR, Payoffs: 1, 1
2024-12-01 12:48:21,262 - Interaction: DEFECTOR vs PROBABILISTIC, Payoffs: 1, 1
2024-12-01 12:48:21,263 - Interaction: COOPERATOR vs COOPERATOR, Payoffs: 3, 3
2024-12-01 12:48:21,263 - Interaction: COOPERATOR vs PROBABILISTIC, Payoffs: 3, 3
2024-12-01 12:48:21,263 - Interaction: COOPERATOR vs PROBABILISTIC, Payoffs: 3, 3
2024-12-01 12:48:21,266 - Interaction: PROBABILISTIC vs COOPERATOR, Payoffs: 3, 3
2024-12-01 12:48:21,266 - Interaction: PROBABILISTIC vs COOPERATOR, Payoffs: 3, 3
2024-12-01 12:48:21,267 - Interaction: PROBABILISTIC vs PROBABILISTIC, Payoffs: 3, 3
2024-12-01 12:48:21,267 - Interaction: COOPERATOR vs COOPERATOR, Payoffs: 3, 3
2024-12-01 12:48:21,267 - Interaction: COOPERATOR vs PROBABILISTIC, Payoffs: 3, 3
2024-12-01 12:48:21,268 - Interaction: COOPERATOR vs PROBABILISTIC, Payoffs: 3, 3
2024-12-01 12:48:21,268 - Interaction: PROBABILISTIC vs COOPERATOR, Payoffs: 3, 3
2024-12-01 12:48:21,268 - Interaction: PROBABILISTIC vs COOPERATOR, Payoffs: 3, 3
2024-12-01 12:48:21,269 - Interaction: PROBABILISTIC vs PROBABILISTIC, Payoffs: 3, 3
2024-12-01 12:48:21,622 - Agents count: 23
2024-12-01 12:48:21,640 - Interaction: COOPERATOR vs COOPERATOR, Payoffs: 3, 3
2024-12-01 12:48:21,640 - Interaction: COOPERATOR vs PROBABILISTIC, Payoffs: 3, 3
2024-12-01 12:48:21,641 - Interaction: COOPERATOR vs PROBABILISTIC, Payoffs: 3, 3
2024-12-01 12:48:21,643 - Interaction: PROBABILISTIC vs COOPERATOR, Payoffs: 3, 3
2024-12-01 12:48:21,643 - Interaction: PROBABILISTIC vs COOPERATOR, Payoffs: 3, 3
2024-12-01 12:48:21,644 - Interaction: PROBABILISTIC vs PROBABILISTIC, Payoffs: 3, 3
2024-12-01 12:48:21,644 - Interaction: COOPERATOR vs COOPERATOR, Payoffs: 3, 3
2024-12-01 12:48:21,644 - Interaction: COOPERATOR vs PROBABILISTIC, Payoffs: 3, 3
2024-12-01 12:48:21,644 - Interaction: COOPERATOR vs PROBABILISTIC, Payoffs: 3, 3
2024-12-01 12:48:21,645 - Interaction: PROBABILISTIC vs COOPERATOR, Payoffs: 3, 3
2024-12-01 12:48:21,645 - Interaction: PROBABILISTIC vs COOPERATOR, Payoffs: 3, 3
2024-12-01 12:48:21,645 - Interaction: PROBABILISTIC vs PROBABILISTIC, Payoffs: 3, 3
2024-12-01 12:48:21,645 - Agents count: 23
2024-12-01 12:48:21,665 - Interaction: COOPERATOR vs COOPERATOR, Payoffs: 3, 3
2024-12-01 12:48:21,665 - Interaction: COOPERATOR vs PROBABILISTIC, Payoffs: 3, 3
2024-12-01 12:48:21,665 - Interaction: COOPERATOR vs PROBABILISTIC, Payoffs: 3, 3
2024-12-01 12:48:21,669 - Interaction: PROBABILISTIC vs COOPERATOR, Payoffs: 3, 3
2024-12-01 12:48:21,669 - Interaction: PROBABILISTIC vs COOPERATOR, Payoffs: 3, 3
2024-12-01 12:48:21,669 - Interaction: PROBABILISTIC vs PROBABILISTIC, Payoffs: 3, 3
2024-12-01 12:48:21,670 - Interaction: COOPERATOR vs COOPERATOR, Payoffs: 3, 3
2024-12-01 12:48:21,670 - Interaction: COOPERATOR vs PROBABILISTIC, Payoffs: 3, 3
2024-12-01 12:48:21,670 - Interaction: COOPERATOR vs PROBABILISTIC, Payoffs: 3, 3
2024-12-01 12:48:21,670 - Interaction: PROBABILISTIC vs COOPERATOR, Payoffs: 3, 3
2024-12-01 12:48:21,670 - Interaction: PROBABILISTIC vs COOPERATOR, Payoffs: 3, 3
2024-12-01 12:48:21,670 - Interaction: PROBABILISTIC vs PROBABILISTIC, Payoffs: 3, 3
2024-12-01 12:48:21,670 - Agents count: 23
2024-12-01 12:48:21,691 - Interaction: COOPERATOR vs PROBABILISTIC, Payoffs: 3, 3
2024-12-01 12:48:21,691 - Interaction: COOPERATOR vs COOPERATOR, Payoffs: 3, 3
2024-12-01 12:48:21,691 - Interaction: COOPERATOR vs PROBABILISTIC, Payoffs: 3, 3
2024-12-01 12:48:21,694 - Interaction: PROBABILISTIC vs COOPERATOR, Payoffs: 3, 3
2024-12-01 12:48:21,694 - Interaction: PROBABILISTIC vs COOPERATOR, Payoffs: 3, 3
2024-12-01 12:48:21,694 - Interaction: PROBABILISTIC vs PROBABILISTIC, Payoffs: 3, 3
2024-12-01 12:48:21,695 - Interaction: COOPERATOR vs COOPERATOR, Payoffs: 3, 3
2024-12-01 12:48:21,695 - Interaction: COOPERATOR vs PROBABILISTIC, Payoffs: 3, 3
2024-12-01 12:48:21,695 - Interaction: COOPERATOR vs PROBABILISTIC, Payoffs: 3, 3
2024-12-01 12:48:21,696 - Interaction: PROBABILISTIC vs COOPERATOR, Payoffs: 3, 3
2024-12-01 12:48:21,696 - Interaction: PROBABILISTIC vs PROBABILISTIC, Payoffs: 3, 3
2024-12-01 12:48:21,696 - Interaction: PROBABILISTIC vs COOPERATOR, Payoffs: 3, 3
2024-12-01 12:48:21,696 - Agents count: 23
2024-12-01 12:48:21,718 - Interaction: COOPERATOR vs COOPERATOR, Payoffs: 3, 3
2024-12-01 12:48:21,720 - Interaction: COOPERATOR vs PROBABILISTIC, Payoffs: 3, 3
2024-12-01 12:48:21,721 - Interaction: COOPERATOR vs PROBABILISTIC, Payoffs: 3, 3
2024-12-01 12:48:21,724 - Interaction: PROBABILISTIC vs COOPERATOR, Payoffs: 3, 3
2024-12-01 12:48:21,725 - Interaction: PROBABILISTIC vs COOPERATOR, Payoffs: 3, 3
2024-12-01 12:48:21,725 - Interaction: PROBABILISTIC vs PROBABILISTIC, Payoffs: 3, 3
2024-12-01 12:48:21,725 - Interaction: COOPERATOR vs COOPERATOR, Payoffs: 3, 3
2024-12-01 12:48:21,726 - Interaction: COOPERATOR vs PROBABILISTIC, Payoffs: 3, 3
2024-12-01 12:48:21,726 - Interaction: COOPERATOR vs PROBABILISTIC, Payoffs: 3, 3
2024-12-01 12:48:21,726 - Interaction: PROBABILISTIC vs COOPERATOR, Payoffs: 3, 3
2024-12-01 12:48:21,727 - Interaction: PROBABILISTIC vs COOPERATOR, Payoffs: 3, 3
2024-12-01 12:48:21,727 - Interaction: PROBABILISTIC vs PROBABILISTIC, Payoffs: 3, 3
2024-12-01 12:48:21,727 - Agents count: 23
2024-12-01 12:48:21,767 - Interaction: COOPERATOR vs COOPERATOR, Payoffs: 3, 3
2024-12-01 12:48:21,767 - New agent spawned with strategy: COOPERATOR
2024-12-01 12:48:21,767 - Interaction: COOPERATOR vs PROBABILISTIC, Payoffs: 3, 3
2024-12-01 12:48:21,767 - Interaction: COOPERATOR vs PROBABILISTIC, Payoffs: 3, 3
2024-12-01 12:48:21,773 - Interaction: PROBABILISTIC vs COOPERATOR, Payoffs: 3, 3
2024-12-01 12:48:21,774 - Interaction: PROBABILISTIC vs COOPERATOR, Payoffs: 3, 3
2024-12-01 12:48:21,774 - Interaction: PROBABILISTIC vs PROBABILISTIC, Payoffs: 3, 3
2024-12-01 12:48:21,775 - Interaction: COOPERATOR vs COOPERATOR, Payoffs: 3, 3
2024-12-01 12:48:21,775 - Interaction: COOPERATOR vs PROBABILISTIC, Payoffs: 3, 3
2024-12-01 12:48:21,776 - Interaction: COOPERATOR vs PROBABILISTIC, Payoffs: 3, 3
2024-12-01 12:48:21,776 - Interaction: PROBABILISTIC vs COOPERATOR, Payoffs: 3, 3
2024-12-01 12:48:21,777 - Interaction: PROBABILISTIC vs COOPERATOR, Payoffs: 3, 3
2024-12-01 12:48:21,777 - Interaction: PROBABILISTIC vs PROBABILISTIC, Payoffs: 3, 3
2024-12-01 12:48:21,777 - Interaction: COOPERATOR vs COOPERATOR, Payoffs: 3, 3
2024-12-01 12:48:21,779 - Interaction: COOPERATOR vs COOPERATOR, Payoffs: 3, 3
2024-12-01 12:48:21,779 - Interaction: COOPERATOR vs PROBABILISTIC, Payoffs: 3, 3
2024-12-01 12:48:21,779 - Interaction: COOPERATOR vs PROBABILISTIC, Payoffs: 3, 3
2024-12-01 12:48:22,106 - Agents count: 24
2024-12-01 12:48:22,134 - Interaction: COOPERATOR vs COOPERATOR, Payoffs: 3, 3
2024-12-01 12:48:22,135 - Interaction: COOPERATOR vs PROBABILISTIC, Payoffs: 3, 3
2024-12-01 12:48:22,135 - Interaction: COOPERATOR vs PROBABILISTIC, Payoffs: 3, 3
2024-12-01 12:48:22,135 - Interaction: COOPERATOR vs COOPERATOR, Payoffs: 3, 3
2024-12-01 12:48:22,138 - Interaction: PROBABILISTIC vs COOPERATOR, Payoffs: 3, 3
2024-12-01 12:48:22,138 - Interaction: PROBABILISTIC vs COOPERATOR, Payoffs: 3, 3
2024-12-01 12:48:22,138 - Interaction: PROBABILISTIC vs COOPERATOR, Payoffs: 3, 3
2024-12-01 12:48:22,139 - Interaction: COOPERATOR vs COOPERATOR, Payoffs: 3, 3
2024-12-01 12:48:22,139 - Interaction: COOPERATOR vs PROBABILISTIC, Payoffs: 3, 3
2024-12-01 12:48:22,139 - Interaction: COOPERATOR vs COOPERATOR, Payoffs: 3, 3
2024-12-01 12:48:22,139 - Interaction: PROBABILISTIC vs COOPERATOR, Payoffs: 3, 3
2024-12-01 12:48:22,141 - Interaction: COOPERATOR vs COOPERATOR, Payoffs: 3, 3
2024-12-01 12:48:22,141 - Interaction: COOPERATOR vs COOPERATOR, Payoffs: 3, 3
2024-12-01 12:48:22,141 - Interaction: COOPERATOR vs PROBABILISTIC, Payoffs: 3, 3
2024-12-01 12:48:22,141 - Agents count: 24
2024-12-01 12:48:22,160 - Interaction: COOPERATOR vs COOPERATOR, Payoffs: 3, 3
2024-12-01 12:48:22,161 - Interaction: COOPERATOR vs PROBABILISTIC, Payoffs: 3, 3
2024-12-01 12:48:22,161 - Interaction: COOPERATOR vs COOPERATOR, Payoffs: 3, 3
2024-12-01 12:48:22,163 - Interaction: PROBABILISTIC vs COOPERATOR, Payoffs: 3, 3
2024-12-01 12:48:22,164 - Interaction: PROBABILISTIC vs COOPERATOR, Payoffs: 3, 3
2024-12-01 12:48:22,164 - Interaction: PROBABILISTIC vs COOPERATOR, Payoffs: 3, 3
2024-12-01 12:48:22,165 - Interaction: COOPERATOR vs COOPERATOR, Payoffs: 3, 3
2024-12-01 12:48:22,166 - Interaction: COOPERATOR vs PROBABILISTIC, Payoffs: 3, 3
2024-12-01 12:48:22,166 - Interaction: COOPERATOR vs COOPERATOR, Payoffs: 3, 3
2024-12-01 12:48:22,167 - Interaction: COOPERATOR vs COOPERATOR, Payoffs: 3, 3
2024-12-01 12:48:22,167 - Interaction: COOPERATOR vs COOPERATOR, Payoffs: 3, 3
2024-12-01 12:48:22,167 - Interaction: COOPERATOR vs PROBABILISTIC, Payoffs: 3, 3
2024-12-01 12:48:22,167 - Agents count: 24
2024-12-01 12:48:22,193 - Interaction: COOPERATOR vs COOPERATOR, Payoffs: 3, 3
2024-12-01 12:48:22,194 - Interaction: COOPERATOR vs PROBABILISTIC, Payoffs: 3, 3
2024-12-01 12:48:22,194 - Interaction: COOPERATOR vs COOPERATOR, Payoffs: 3, 3
2024-12-01 12:48:22,199 - Interaction: PROBABILISTIC vs COOPERATOR, Payoffs: 3, 3
2024-12-01 12:48:22,200 - Interaction: PROBABILISTIC vs COOPERATOR, Payoffs: 3, 3
2024-12-01 12:48:22,200 - Interaction: PROBABILISTIC vs COOPERATOR, Payoffs: 3, 3
2024-12-01 12:48:22,201 - Interaction: COOPERATOR vs COOPERATOR, Payoffs: 3, 3
2024-12-01 12:48:22,201 - Interaction: COOPERATOR vs PROBABILISTIC, Payoffs: 3, 3
2024-12-01 12:48:22,201 - Interaction: COOPERATOR vs COOPERATOR, Payoffs: 3, 3
2024-12-01 12:48:22,202 - Interaction: COOPERATOR vs COOPERATOR, Payoffs: 3, 3
2024-12-01 12:48:22,202 - Interaction: COOPERATOR vs COOPERATOR, Payoffs: 3, 3
2024-12-01 12:48:22,202 - Interaction: COOPERATOR vs PROBABILISTIC, Payoffs: 3, 3
2024-12-01 12:48:22,203 - Agents count: 24
2024-12-01 12:48:22,229 - Interaction: COOPERATOR vs COOPERATOR, Payoffs: 3, 3
2024-12-01 12:48:22,229 - Interaction: COOPERATOR vs PROBABILISTIC, Payoffs: 3, 3
2024-12-01 12:48:22,230 - Interaction: COOPERATOR vs COOPERATOR, Payoffs: 3, 3
2024-12-01 12:48:22,235 - Interaction: PROBABILISTIC vs COOPERATOR, Payoffs: 3, 3
2024-12-01 12:48:22,235 - Interaction: PROBABILISTIC vs COOPERATOR, Payoffs: 3, 3
2024-12-01 12:48:22,235 - Interaction: PROBABILISTIC vs COOPERATOR, Payoffs: 3, 3
2024-12-01 12:48:22,236 - Interaction: COOPERATOR vs COOPERATOR, Payoffs: 3, 3
2024-12-01 12:48:22,237 - Interaction: COOPERATOR vs PROBABILISTIC, Payoffs: 3, 3
2024-12-01 12:48:22,237 - Interaction: COOPERATOR vs COOPERATOR, Payoffs: 3, 3
2024-12-01 12:48:22,239 - Interaction: COOPERATOR vs COOPERATOR, Payoffs: 3, 3
2024-12-01 12:48:22,240 - Interaction: COOPERATOR vs COOPERATOR, Payoffs: 3, 3
2024-12-01 12:48:22,240 - Interaction: COOPERATOR vs PROBABILISTIC, Payoffs: 3, 3
2024-12-01 12:48:22,240 - Agents count: 24
2024-12-01 12:48:22,273 - Interaction: COOPERATOR vs PROBABILISTIC, Payoffs: 3, 3
2024-12-01 12:48:22,275 - New agent spawned with strategy: PROBABILISTIC
2024-12-01 12:48:22,277 - Interaction: COOPERATOR vs COOPERATOR, Payoffs: 3, 3
2024-12-01 12:48:22,278 - Interaction: COOPERATOR vs COOPERATOR, Payoffs: 3, 3
2024-12-01 12:48:22,295 - Interaction: PROBABILISTIC vs COOPERATOR, Payoffs: 3, 3
2024-12-01 12:48:22,297 - Interaction: PROBABILISTIC vs COOPERATOR, Payoffs: 3, 3
2024-12-01 12:48:22,299 - Interaction: PROBABILISTIC vs COOPERATOR, Payoffs: 3, 3
2024-12-01 12:48:22,301 - Interaction: COOPERATOR vs PROBABILISTIC, Payoffs: 3, 3
2024-12-01 12:48:22,302 - Interaction: COOPERATOR vs COOPERATOR, Payoffs: 3, 3
2024-12-01 12:48:22,303 - Interaction: COOPERATOR vs COOPERATOR, Payoffs: 3, 3
2024-12-01 12:48:22,305 - Interaction: COOPERATOR vs PROBABILISTIC, Payoffs: 3, 3
2024-12-01 12:48:22,306 - Interaction: COOPERATOR vs COOPERATOR, Payoffs: 3, 3
2024-12-01 12:48:22,306 - Interaction: COOPERATOR vs COOPERATOR, Payoffs: 3, 3
2024-12-01 12:48:22,308 - Interaction: PROBABILISTIC vs PROBABILISTIC, Payoffs: 5, 0
2024-12-01 12:48:22,308 - Interaction: PROBABILISTIC vs COOPERATOR, Payoffs: 3, 3
2024-12-01 12:48:22,309 - Interaction: PROBABILISTIC vs COOPERATOR, Payoffs: 3, 3
2024-12-01 12:48:22,821 - Agents count: 25
2024-12-01 12:48:22,841 - Interaction: COOPERATOR vs PROBABILISTIC, Payoffs: 3, 3
2024-12-01 12:48:22,841 - New agent spawned with strategy: PROBABILISTIC
2024-12-01 12:48:22,841 - Interaction: COOPERATOR vs PROBABILISTIC, Payoffs: 3, 3
2024-12-01 12:48:22,841 - Interaction: COOPERATOR vs COOPERATOR, Payoffs: 3, 3
2024-12-01 12:48:22,844 - Interaction: PROBABILISTIC vs COOPERATOR, Payoffs: 3, 3
2024-12-01 12:48:22,844 - Interaction: PROBABILISTIC vs PROBABILISTIC, Payoffs: 3, 3
2024-12-01 12:48:22,844 - Interaction: PROBABILISTIC vs COOPERATOR, Payoffs: 3, 3
2024-12-01 12:48:22,844 - Interaction: PROBABILISTIC vs COOPERATOR, Payoffs: 3, 3
2024-12-01 12:48:22,844 - Interaction: COOPERATOR vs PROBABILISTIC, Payoffs: 3, 3
2024-12-01 12:48:22,845 - Interaction: COOPERATOR vs COOPERATOR, Payoffs: 3, 3
2024-12-01 12:48:22,845 - Interaction: COOPERATOR vs COOPERATOR, Payoffs: 3, 3
2024-12-01 12:48:22,845 - Interaction: COOPERATOR vs PROBABILISTIC, Payoffs: 3, 3
2024-12-01 12:48:22,845 - Interaction: COOPERATOR vs PROBABILISTIC, Payoffs: 3, 3
2024-12-01 12:48:22,846 - Interaction: COOPERATOR vs COOPERATOR, Payoffs: 3, 3
2024-12-01 12:48:22,846 - Interaction: PROBABILISTIC vs PROBABILISTIC, Payoffs: 3, 3
2024-12-01 12:48:22,846 - Interaction: PROBABILISTIC vs COOPERATOR, Payoffs: 3, 3
2024-12-01 12:48:22,846 - Interaction: PROBABILISTIC vs COOPERATOR, Payoffs: 3, 3
2024-12-01 12:48:22,847 - Interaction: PROBABILISTIC vs PROBABILISTIC, Payoffs: 5, 0
2024-12-01 12:48:22,847 - Interaction: PROBABILISTIC vs PROBABILISTIC, Payoffs: 5, 0
2024-12-01 12:48:22,847 - Interaction: PROBABILISTIC vs COOPERATOR, Payoffs: 5, 0
2024-12-01 12:48:22,847 - Interaction: PROBABILISTIC vs COOPERATOR, Payoffs: 5, 0
2024-12-01 12:48:23,098 - Agents count: 26
2024-12-01 12:48:23,119 - Interaction: COOPERATOR vs COOPERATOR, Payoffs: 3, 3
2024-12-01 12:48:23,120 - Interaction: COOPERATOR vs PROBABILISTIC, Payoffs: 3, 3
2024-12-01 12:48:23,120 - Interaction: COOPERATOR vs PROBABILISTIC, Payoffs: 3, 3
2024-12-01 12:48:23,122 - Interaction: PROBABILISTIC vs COOPERATOR, Payoffs: 3, 3
2024-12-01 12:48:23,123 - Interaction: PROBABILISTIC vs COOPERATOR, Payoffs: 3, 3
2024-12-01 12:48:23,123 - Interaction: PROBABILISTIC vs PROBABILISTIC, Payoffs: 3, 3
2024-12-01 12:48:23,123 - Interaction: PROBABILISTIC vs PROBABILISTIC, Payoffs: 3, 3
2024-12-01 12:48:23,123 - Interaction: COOPERATOR vs PROBABILISTIC, Payoffs: 3, 3
2024-12-01 12:48:23,124 - Interaction: COOPERATOR vs COOPERATOR, Payoffs: 3, 3
2024-12-01 12:48:23,124 - Interaction: COOPERATOR vs PROBABILISTIC, Payoffs: 3, 3
2024-12-01 12:48:23,124 - Interaction: COOPERATOR vs COOPERATOR, Payoffs: 3, 3
2024-12-01 12:48:23,124 - Interaction: COOPERATOR vs PROBABILISTIC, Payoffs: 3, 3
2024-12-01 12:48:23,125 - Interaction: COOPERATOR vs PROBABILISTIC, Payoffs: 3, 3
2024-12-01 12:48:23,125 - Interaction: COOPERATOR vs PROBABILISTIC, Payoffs: 3, 3
2024-12-01 12:48:23,125 - Interaction: COOPERATOR vs COOPERATOR, Payoffs: 3, 3
2024-12-01 12:48:23,125 - Interaction: PROBABILISTIC vs PROBABILISTIC, Payoffs: 3, 3
2024-12-01 12:48:23,126 - Interaction: PROBABILISTIC vs COOPERATOR, Payoffs: 3, 3
2024-12-01 12:48:23,126 - Interaction: PROBABILISTIC vs PROBABILISTIC, Payoffs: 3, 3
2024-12-01 12:48:23,126 - Interaction: PROBABILISTIC vs COOPERATOR, Payoffs: 3, 3
2024-12-01 12:48:23,126 - Interaction: PROBABILISTIC vs COOPERATOR, Payoffs: 3, 3
2024-12-01 12:48:23,126 - Interaction: PROBABILISTIC vs PROBABILISTIC, Payoffs: 3, 3
2024-12-01 12:48:23,127 - Interaction: PROBABILISTIC vs COOPERATOR, Payoffs: 3, 3
2024-12-01 12:48:23,127 - Interaction: PROBABILISTIC vs PROBABILISTIC, Payoffs: 3, 3
2024-12-01 12:48:23,127 - Interaction: PROBABILISTIC vs COOPERATOR, Payoffs: 3, 3
2024-12-01 12:48:23,127 - Agents count: 26
2024-12-01 12:48:23,147 - Interaction: COOPERATOR vs COOPERATOR, Payoffs: 3, 3
2024-12-01 12:48:23,147 - Interaction: COOPERATOR vs PROBABILISTIC, Payoffs: 3, 3
2024-12-01 12:48:23,147 - Interaction: COOPERATOR vs PROBABILISTIC, Payoffs: 3, 3
2024-12-01 12:48:23,152 - Interaction: PROBABILISTIC vs COOPERATOR, Payoffs: 3, 3
2024-12-01 12:48:23,152 - Interaction: PROBABILISTIC vs PROBABILISTIC, Payoffs: 3, 3
2024-12-01 12:48:23,152 - Interaction: PROBABILISTIC vs PROBABILISTIC, Payoffs: 3, 3
2024-12-01 12:48:23,153 - Interaction: COOPERATOR vs PROBABILISTIC, Payoffs: 3, 3
2024-12-01 12:48:23,153 - Interaction: COOPERATOR vs COOPERATOR, Payoffs: 3, 3
2024-12-01 12:48:23,153 - Interaction: COOPERATOR vs PROBABILISTIC, Payoffs: 3, 3
2024-12-01 12:48:23,153 - Interaction: COOPERATOR vs COOPERATOR, Payoffs: 3, 3
2024-12-01 12:48:23,154 - Interaction: COOPERATOR vs PROBABILISTIC, Payoffs: 3, 3
2024-12-01 12:48:23,154 - Interaction: COOPERATOR vs PROBABILISTIC, Payoffs: 3, 3
2024-12-01 12:48:23,154 - Interaction: COOPERATOR vs COOPERATOR, Payoffs: 3, 3
2024-12-01 12:48:23,154 - Interaction: PROBABILISTIC vs PROBABILISTIC, Payoffs: 3, 3
2024-12-01 12:48:23,155 - Interaction: PROBABILISTIC vs COOPERATOR, Payoffs: 3, 3
2024-12-01 12:48:23,155 - Interaction: PROBABILISTIC vs PROBABILISTIC, Payoffs: 3, 3
2024-12-01 12:48:23,155 - Interaction: PROBABILISTIC vs COOPERATOR, Payoffs: 3, 3
2024-12-01 12:48:23,155 - Interaction: PROBABILISTIC vs COOPERATOR, Payoffs: 3, 3
2024-12-01 12:48:23,156 - Interaction: PROBABILISTIC vs PROBABILISTIC, Payoffs: 3, 3
2024-12-01 12:48:23,156 - Interaction: PROBABILISTIC vs COOPERATOR, Payoffs: 3, 3
2024-12-01 12:48:23,156 - Interaction: PROBABILISTIC vs PROBABILISTIC, Payoffs: 3, 3
2024-12-01 12:48:23,156 - Interaction: PROBABILISTIC vs COOPERATOR, Payoffs: 3, 3
2024-12-01 12:48:23,156 - Agents count: 26
2024-12-01 12:48:23,176 - Interaction: COOPERATOR vs COOPERATOR, Payoffs: 3, 3
2024-12-01 12:48:23,176 - Interaction: COOPERATOR vs PROBABILISTIC, Payoffs: 3, 3
2024-12-01 12:48:23,177 - Interaction: COOPERATOR vs PROBABILISTIC, Payoffs: 3, 3
2024-12-01 12:48:23,180 - Interaction: PROBABILISTIC vs PROBABILISTIC, Payoffs: 3, 3
2024-12-01 12:48:23,180 - Interaction: COOPERATOR vs COOPERATOR, Payoffs: 3, 3
2024-12-01 12:48:23,181 - Interaction: COOPERATOR vs PROBABILISTIC, Payoffs: 3, 3
2024-12-01 12:48:23,181 - Interaction: COOPERATOR vs COOPERATOR, Payoffs: 3, 3
2024-12-01 12:48:23,182 - Interaction: COOPERATOR vs PROBABILISTIC, Payoffs: 3, 3
2024-12-01 12:48:23,182 - Interaction: COOPERATOR vs PROBABILISTIC, Payoffs: 3, 3
2024-12-01 12:48:23,182 - Interaction: COOPERATOR vs COOPERATOR, Payoffs: 3, 3
2024-12-01 12:48:23,183 - Interaction: PROBABILISTIC vs PROBABILISTIC, Payoffs: 3, 3
2024-12-01 12:48:23,183 - Interaction: PROBABILISTIC vs COOPERATOR, Payoffs: 3, 3
2024-12-01 12:48:23,183 - Interaction: PROBABILISTIC vs PROBABILISTIC, Payoffs: 3, 3
2024-12-01 12:48:23,183 - Interaction: PROBABILISTIC vs COOPERATOR, Payoffs: 3, 3
2024-12-01 12:48:23,184 - Interaction: PROBABILISTIC vs COOPERATOR, Payoffs: 3, 3
2024-12-01 12:48:23,184 - Interaction: PROBABILISTIC vs COOPERATOR, Payoffs: 3, 3
2024-12-01 12:48:23,184 - Interaction: PROBABILISTIC vs PROBABILISTIC, Payoffs: 3, 3
2024-12-01 12:48:23,184 - Interaction: PROBABILISTIC vs COOPERATOR, Payoffs: 3, 3
2024-12-01 12:48:23,184 - Agents count: 26
2024-12-01 12:48:23,205 - Interaction: COOPERATOR vs COOPERATOR, Payoffs: 3, 3
2024-12-01 12:48:23,205 - Interaction: COOPERATOR vs PROBABILISTIC, Payoffs: 3, 3
2024-12-01 12:48:23,205 - Interaction: COOPERATOR vs PROBABILISTIC, Payoffs: 3, 3
2024-12-01 12:48:23,211 - Interaction: PROBABILISTIC vs PROBABILISTIC, Payoffs: 3, 3
2024-12-01 12:48:23,211 - Interaction: COOPERATOR vs COOPERATOR, Payoffs: 3, 3
2024-12-01 12:48:23,212 - Interaction: COOPERATOR vs PROBABILISTIC, Payoffs: 3, 3
2024-12-01 12:48:23,212 - Interaction: COOPERATOR vs COOPERATOR, Payoffs: 3, 3
2024-12-01 12:48:23,213 - Interaction: COOPERATOR vs PROBABILISTIC, Payoffs: 3, 3
2024-12-01 12:48:23,213 - Interaction: COOPERATOR vs PROBABILISTIC, Payoffs: 3, 3
2024-12-01 12:48:23,213 - Interaction: COOPERATOR vs COOPERATOR, Payoffs: 3, 3
2024-12-01 12:48:23,213 - Interaction: PROBABILISTIC vs PROBABILISTIC, Payoffs: 3, 3
2024-12-01 12:48:23,214 - Interaction: PROBABILISTIC vs COOPERATOR, Payoffs: 3, 3
2024-12-01 12:48:23,214 - Interaction: PROBABILISTIC vs PROBABILISTIC, Payoffs: 3, 3
2024-12-01 12:48:23,214 - Interaction: PROBABILISTIC vs COOPERATOR, Payoffs: 3, 3
2024-12-01 12:48:23,215 - Interaction: PROBABILISTIC vs COOPERATOR, Payoffs: 3, 3
2024-12-01 12:48:23,215 - Interaction: PROBABILISTIC vs COOPERATOR, Payoffs: 3, 3
2024-12-01 12:48:23,216 - Interaction: PROBABILISTIC vs PROBABILISTIC, Payoffs: 3, 3
2024-12-01 12:48:23,216 - Interaction: PROBABILISTIC vs COOPERATOR, Payoffs: 3, 3
2024-12-01 12:48:23,216 - Agents count: 26
2024-12-01 12:48:23,237 - Interaction: COOPERATOR vs COOPERATOR, Payoffs: 3, 3
2024-12-01 12:48:23,237 - Interaction: COOPERATOR vs PROBABILISTIC, Payoffs: 3, 3
2024-12-01 12:48:23,237 - Interaction: COOPERATOR vs PROBABILISTIC, Payoffs: 3, 3
2024-12-01 12:48:23,242 - Interaction: COOPERATOR vs COOPERATOR, Payoffs: 3, 3
2024-12-01 12:48:23,242 - Interaction: COOPERATOR vs PROBABILISTIC, Payoffs: 3, 3
2024-12-01 12:48:23,243 - Interaction: COOPERATOR vs COOPERATOR, Payoffs: 3, 3
2024-12-01 12:48:23,243 - Interaction: COOPERATOR vs PROBABILISTIC, Payoffs: 3, 3
2024-12-01 12:48:23,243 - Interaction: COOPERATOR vs PROBABILISTIC, Payoffs: 3, 3
2024-12-01 12:48:23,243 - Interaction: COOPERATOR vs COOPERATOR, Payoffs: 3, 3
2024-12-01 12:48:23,244 - Interaction: PROBABILISTIC vs COOPERATOR, Payoffs: 3, 3
2024-12-01 12:48:23,244 - Interaction: PROBABILISTIC vs PROBABILISTIC, Payoffs: 3, 3
2024-12-01 12:48:23,244 - Interaction: PROBABILISTIC vs COOPERATOR, Payoffs: 3, 3
2024-12-01 12:48:23,245 - Interaction: PROBABILISTIC vs COOPERATOR, Payoffs: 3, 3
2024-12-01 12:48:23,245 - Interaction: PROBABILISTIC vs COOPERATOR, Payoffs: 3, 3
2024-12-01 12:48:23,245 - Interaction: PROBABILISTIC vs PROBABILISTIC, Payoffs: 3, 3
2024-12-01 12:48:23,245 - Interaction: PROBABILISTIC vs COOPERATOR, Payoffs: 3, 3
2024-12-01 12:48:23,245 - Agents count: 26
2024-12-01 12:48:23,267 - Interaction: COOPERATOR vs COOPERATOR, Payoffs: 3, 3
2024-12-01 12:48:23,267 - Interaction: COOPERATOR vs PROBABILISTIC, Payoffs: 3, 3
2024-12-01 12:48:23,267 - Interaction: COOPERATOR vs PROBABILISTIC, Payoffs: 3, 3
2024-12-01 12:48:23,271 - Interaction: COOPERATOR vs COOPERATOR, Payoffs: 3, 3
2024-12-01 12:48:23,271 - Interaction: COOPERATOR vs PROBABILISTIC, Payoffs: 3, 3
2024-12-01 12:48:23,272 - Interaction: COOPERATOR vs COOPERATOR, Payoffs: 3, 3
2024-12-01 12:48:23,273 - Interaction: COOPERATOR vs PROBABILISTIC, Payoffs: 3, 3
2024-12-01 12:48:23,273 - Interaction: COOPERATOR vs PROBABILISTIC, Payoffs: 3, 3
2024-12-01 12:48:23,273 - Interaction: COOPERATOR vs COOPERATOR, Payoffs: 3, 3
2024-12-01 12:48:23,274 - Interaction: PROBABILISTIC vs COOPERATOR, Payoffs: 3, 3
2024-12-01 12:48:23,274 - Interaction: PROBABILISTIC vs PROBABILISTIC, Payoffs: 3, 3
2024-12-01 12:48:23,274 - Interaction: PROBABILISTIC vs COOPERATOR, Payoffs: 3, 3
2024-12-01 12:48:23,274 - Interaction: PROBABILISTIC vs COOPERATOR, Payoffs: 3, 3
2024-12-01 12:48:23,275 - Interaction: PROBABILISTIC vs COOPERATOR, Payoffs: 3, 3
2024-12-01 12:48:23,275 - Interaction: PROBABILISTIC vs PROBABILISTIC, Payoffs: 3, 3
2024-12-01 12:48:23,275 - Interaction: PROBABILISTIC vs COOPERATOR, Payoffs: 3, 3
2024-12-01 12:48:23,275 - Agents count: 26
2024-12-01 12:48:23,297 - Interaction: COOPERATOR vs COOPERATOR, Payoffs: 3, 3
2024-12-01 12:48:23,298 - Interaction: COOPERATOR vs PROBABILISTIC, Payoffs: 3, 3
2024-12-01 12:48:23,298 - Interaction: COOPERATOR vs PROBABILISTIC, Payoffs: 3, 3
2024-12-01 12:48:23,304 - Interaction: COOPERATOR vs COOPERATOR, Payoffs: 3, 3
2024-12-01 12:48:23,304 - Interaction: COOPERATOR vs PROBABILISTIC, Payoffs: 3, 3
2024-12-01 12:48:23,305 - Interaction: COOPERATOR vs COOPERATOR, Payoffs: 3, 3
2024-12-01 12:48:23,305 - Interaction: COOPERATOR vs PROBABILISTIC, Payoffs: 3, 3
2024-12-01 12:48:23,305 - Interaction: COOPERATOR vs PROBABILISTIC, Payoffs: 3, 3
2024-12-01 12:48:23,306 - Interaction: COOPERATOR vs COOPERATOR, Payoffs: 3, 3
2024-12-01 12:48:23,306 - Interaction: PROBABILISTIC vs COOPERATOR, Payoffs: 3, 3
2024-12-01 12:48:23,306 - Interaction: PROBABILISTIC vs COOPERATOR, Payoffs: 3, 3
2024-12-01 12:48:23,307 - Interaction: PROBABILISTIC vs COOPERATOR, Payoffs: 3, 3
2024-12-01 12:48:23,307 - Interaction: PROBABILISTIC vs COOPERATOR, Payoffs: 3, 3
2024-12-01 12:48:23,308 - Interaction: PROBABILISTIC vs COOPERATOR, Payoffs: 3, 3
2024-12-01 12:48:23,308 - Agents count: 26
2024-12-01 12:48:23,330 - Interaction: COOPERATOR vs COOPERATOR, Payoffs: 3, 3
2024-12-01 12:48:23,331 - Interaction: COOPERATOR vs PROBABILISTIC, Payoffs: 3, 3
2024-12-01 12:48:23,331 - Interaction: COOPERATOR vs PROBABILISTIC, Payoffs: 3, 3
2024-12-01 12:48:23,336 - Interaction: COOPERATOR vs COOPERATOR, Payoffs: 3, 3
2024-12-01 12:48:23,336 - Interaction: COOPERATOR vs PROBABILISTIC, Payoffs: 3, 3
2024-12-01 12:48:23,337 - Interaction: COOPERATOR vs COOPERATOR, Payoffs: 3, 3
2024-12-01 12:48:23,337 - Interaction: COOPERATOR vs COOPERATOR, Payoffs: 3, 3
2024-12-01 12:48:23,337 - Interaction: COOPERATOR vs PROBABILISTIC, Payoffs: 3, 3
2024-12-01 12:48:23,337 - Interaction: COOPERATOR vs PROBABILISTIC, Payoffs: 3, 3
2024-12-01 12:48:23,338 - Interaction: PROBABILISTIC vs COOPERATOR, Payoffs: 3, 3
2024-12-01 12:48:23,339 - Interaction: PROBABILISTIC vs COOPERATOR, Payoffs: 3, 3
2024-12-01 12:48:23,340 - Interaction: PROBABILISTIC vs COOPERATOR, Payoffs: 3, 3
2024-12-01 12:48:23,340 - Interaction: PROBABILISTIC vs COOPERATOR, Payoffs: 3, 3
2024-12-01 12:48:23,340 - Interaction: PROBABILISTIC vs COOPERATOR, Payoffs: 3, 3
2024-12-01 12:48:23,340 - Agents count: 26
2024-12-01 12:48:23,363 - Interaction: COOPERATOR vs COOPERATOR, Payoffs: 3, 3
2024-12-01 12:48:23,363 - New agent spawned with strategy: COOPERATOR
2024-12-01 12:48:23,364 - Interaction: COOPERATOR vs PROBABILISTIC, Payoffs: 3, 3
2024-12-01 12:48:23,364 - Interaction: COOPERATOR vs PROBABILISTIC, Payoffs: 3, 3
2024-12-01 12:48:23,369 - Interaction: COOPERATOR vs PROBABILISTIC, Payoffs: 3, 3
2024-12-01 12:48:23,370 - Interaction: COOPERATOR vs COOPERATOR, Payoffs: 3, 3
2024-12-01 12:48:23,370 - Interaction: COOPERATOR vs PROBABILISTIC, Payoffs: 3, 3
2024-12-01 12:48:23,370 - Interaction: COOPERATOR vs PROBABILISTIC, Payoffs: 3, 3
2024-12-01 12:48:23,371 - Interaction: PROBABILISTIC vs COOPERATOR, Payoffs: 3, 3
2024-12-01 12:48:23,371 - Interaction: PROBABILISTIC vs COOPERATOR, Payoffs: 3, 3
2024-12-01 12:48:23,371 - Interaction: PROBABILISTIC vs COOPERATOR, Payoffs: 3, 3
2024-12-01 12:48:23,372 - Interaction: PROBABILISTIC vs COOPERATOR, Payoffs: 3, 3
2024-12-01 12:48:23,372 - Interaction: PROBABILISTIC vs COOPERATOR, Payoffs: 3, 3
2024-12-01 12:48:23,372 - Interaction: COOPERATOR vs COOPERATOR, Payoffs: 3, 3
2024-12-01 12:48:23,373 - Interaction: COOPERATOR vs COOPERATOR, Payoffs: 3, 3
2024-12-01 12:48:23,373 - Interaction: COOPERATOR vs PROBABILISTIC, Payoffs: 3, 3
2024-12-01 12:48:23,589 - Agents count: 27
2024-12-01 12:48:23,613 - Interaction: COOPERATOR vs COOPERATOR, Payoffs: 3, 3
2024-12-01 12:48:23,614 - Interaction: COOPERATOR vs PROBABILISTIC, Payoffs: 3, 3
2024-12-01 12:48:23,614 - Interaction: COOPERATOR vs COOPERATOR, Payoffs: 3, 3
2024-12-01 12:48:23,619 - Interaction: COOPERATOR vs PROBABILISTIC, Payoffs: 3, 3
2024-12-01 12:48:23,620 - Interaction: COOPERATOR vs COOPERATOR, Payoffs: 3, 3
2024-12-01 12:48:23,620 - Interaction: COOPERATOR vs PROBABILISTIC, Payoffs: 3, 3
2024-12-01 12:48:23,620 - Interaction: COOPERATOR vs PROBABILISTIC, Payoffs: 3, 3
2024-12-01 12:48:23,620 - Interaction: COOPERATOR vs COOPERATOR, Payoffs: 3, 3
2024-12-01 12:48:23,621 - Interaction: PROBABILISTIC vs COOPERATOR, Payoffs: 3, 3
2024-12-01 12:48:23,621 - Interaction: PROBABILISTIC vs COOPERATOR, Payoffs: 3, 3
2024-12-01 12:48:23,622 - Interaction: PROBABILISTIC vs COOPERATOR, Payoffs: 3, 3
2024-12-01 12:48:23,622 - Interaction: PROBABILISTIC vs COOPERATOR, Payoffs: 3, 3
2024-12-01 12:48:23,623 - Interaction: PROBABILISTIC vs COOPERATOR, Payoffs: 3, 3
2024-12-01 12:48:23,623 - Interaction: COOPERATOR vs COOPERATOR, Payoffs: 3, 3
2024-12-01 12:48:23,623 - Interaction: COOPERATOR vs COOPERATOR, Payoffs: 3, 3
2024-12-01 12:48:23,624 - Interaction: COOPERATOR vs PROBABILISTIC, Payoffs: 3, 3
2024-12-01 12:48:23,624 - Agents count: 27
2024-12-01 12:48:23,646 - Interaction: COOPERATOR vs COOPERATOR, Payoffs: 3, 3
2024-12-01 12:48:23,646 - Interaction: COOPERATOR vs PROBABILISTIC, Payoffs: 3, 3
2024-12-01 12:48:23,646 - Interaction: COOPERATOR vs COOPERATOR, Payoffs: 3, 3
2024-12-01 12:48:23,650 - Interaction: COOPERATOR vs PROBABILISTIC, Payoffs: 3, 3
2024-12-01 12:48:23,651 - Interaction: COOPERATOR vs COOPERATOR, Payoffs: 3, 3
2024-12-01 12:48:23,652 - Interaction: COOPERATOR vs PROBABILISTIC, Payoffs: 3, 3
2024-12-01 12:48:23,652 - Interaction: COOPERATOR vs COOPERATOR, Payoffs: 3, 3
2024-12-01 12:48:23,652 - Interaction: PROBABILISTIC vs COOPERATOR, Payoffs: 3, 3
2024-12-01 12:48:23,652 - Interaction: PROBABILISTIC vs COOPERATOR, Payoffs: 3, 3
2024-12-01 12:48:23,653 - Interaction: PROBABILISTIC vs COOPERATOR, Payoffs: 3, 3
2024-12-01 12:48:23,653 - Interaction: PROBABILISTIC vs COOPERATOR, Payoffs: 3, 3
2024-12-01 12:48:23,654 - Interaction: COOPERATOR vs COOPERATOR, Payoffs: 3, 3
2024-12-01 12:48:23,654 - Interaction: COOPERATOR vs COOPERATOR, Payoffs: 3, 3
2024-12-01 12:48:23,654 - Interaction: COOPERATOR vs PROBABILISTIC, Payoffs: 3, 3
2024-12-01 12:48:23,654 - Agents count: 27
2024-12-01 12:48:23,677 - Interaction: COOPERATOR vs COOPERATOR, Payoffs: 3, 3
2024-12-01 12:48:23,677 - Interaction: COOPERATOR vs PROBABILISTIC, Payoffs: 3, 3
2024-12-01 12:48:23,677 - Interaction: COOPERATOR vs COOPERATOR, Payoffs: 3, 3
2024-12-01 12:48:23,680 - Interaction: HYBRID vs COOPERATOR, Payoffs: 3, 3
2024-12-01 12:48:23,680 - Interaction: COOPERATOR vs HYBRID, Payoffs: 3, 3
2024-12-01 12:48:23,682 - Interaction: COOPERATOR vs PROBABILISTIC, Payoffs: 3, 3
2024-12-01 12:48:23,682 - Interaction: COOPERATOR vs COOPERATOR, Payoffs: 3, 3
2024-12-01 12:48:23,683 - Interaction: COOPERATOR vs PROBABILISTIC, Payoffs: 3, 3
2024-12-01 12:48:23,683 - Interaction: COOPERATOR vs COOPERATOR, Payoffs: 3, 3
2024-12-01 12:48:23,684 - Interaction: PROBABILISTIC vs COOPERATOR, Payoffs: 3, 3
2024-12-01 12:48:23,684 - Interaction: PROBABILISTIC vs COOPERATOR, Payoffs: 3, 3
2024-12-01 12:48:23,684 - Interaction: PROBABILISTIC vs COOPERATOR, Payoffs: 3, 3
2024-12-01 12:48:23,685 - Interaction: PROBABILISTIC vs COOPERATOR, Payoffs: 3, 3
2024-12-01 12:48:23,685 - Interaction: COOPERATOR vs COOPERATOR, Payoffs: 3, 3
2024-12-01 12:48:23,685 - Interaction: COOPERATOR vs COOPERATOR, Payoffs: 3, 3
2024-12-01 12:48:23,686 - Interaction: COOPERATOR vs PROBABILISTIC, Payoffs: 3, 3
2024-12-01 12:48:23,686 - Agents count: 27
2024-12-01 12:48:23,709 - Interaction: COOPERATOR vs COOPERATOR, Payoffs: 3, 3
2024-12-01 12:48:23,709 - Interaction: COOPERATOR vs PROBABILISTIC, Payoffs: 3, 3
2024-12-01 12:48:23,709 - Interaction: COOPERATOR vs COOPERATOR, Payoffs: 3, 3
2024-12-01 12:48:23,711 - Interaction: HYBRID vs COOPERATOR, Payoffs: 3, 3
2024-12-01 12:48:23,711 - Interaction: COOPERATOR vs HYBRID, Payoffs: 3, 3
2024-12-01 12:48:23,712 - Interaction: COOPERATOR vs PROBABILISTIC, Payoffs: 3, 3
2024-12-01 12:48:23,712 - Interaction: COOPERATOR vs COOPERATOR, Payoffs: 3, 3
2024-12-01 12:48:23,712 - Interaction: COOPERATOR vs PROBABILISTIC, Payoffs: 3, 3
2024-12-01 12:48:23,712 - Interaction: COOPERATOR vs COOPERATOR, Payoffs: 3, 3
2024-12-01 12:48:23,713 - Interaction: PROBABILISTIC vs COOPERATOR, Payoffs: 3, 3
2024-12-01 12:48:23,713 - Interaction: PROBABILISTIC vs COOPERATOR, Payoffs: 3, 3
2024-12-01 12:48:23,713 - Interaction: PROBABILISTIC vs COOPERATOR, Payoffs: 3, 3
2024-12-01 12:48:23,713 - Interaction: PROBABILISTIC vs COOPERATOR, Payoffs: 3, 3
2024-12-01 12:48:23,713 - Interaction: COOPERATOR vs COOPERATOR, Payoffs: 3, 3
2024-12-01 12:48:23,714 - Interaction: COOPERATOR vs COOPERATOR, Payoffs: 3, 3
2024-12-01 12:48:23,714 - Interaction: COOPERATOR vs PROBABILISTIC, Payoffs: 3, 3
2024-12-01 12:48:23,714 - Agents count: 27
2024-12-01 12:48:23,736 - Interaction: COOPERATOR vs COOPERATOR, Payoffs: 3, 3
2024-12-01 12:48:23,736 - Interaction: COOPERATOR vs PROBABILISTIC, Payoffs: 3, 3
2024-12-01 12:48:23,736 - Interaction: COOPERATOR vs COOPERATOR, Payoffs: 3, 3
2024-12-01 12:48:23,739 - Interaction: HYBRID vs COOPERATOR, Payoffs: 3, 3
2024-12-01 12:48:23,739 - Interaction: COOPERATOR vs HYBRID, Payoffs: 3, 3
2024-12-01 12:48:23,740 - Interaction: COOPERATOR vs PROBABILISTIC, Payoffs: 3, 3
2024-12-01 12:48:23,740 - Interaction: COOPERATOR vs COOPERATOR, Payoffs: 3, 3
2024-12-01 12:48:23,740 - Interaction: COOPERATOR vs PROBABILISTIC, Payoffs: 3, 3
2024-12-01 12:48:23,741 - Interaction: COOPERATOR vs COOPERATOR, Payoffs: 3, 3
2024-12-01 12:48:23,741 - Interaction: PROBABILISTIC vs COOPERATOR, Payoffs: 3, 3
2024-12-01 12:48:23,741 - Interaction: PROBABILISTIC vs COOPERATOR, Payoffs: 3, 3
2024-12-01 12:48:23,741 - Interaction: PROBABILISTIC vs COOPERATOR, Payoffs: 3, 3
2024-12-01 12:48:23,742 - Interaction: PROBABILISTIC vs COOPERATOR, Payoffs: 3, 3
2024-12-01 12:48:23,742 - Interaction: COOPERATOR vs COOPERATOR, Payoffs: 3, 3
2024-12-01 12:48:23,742 - Interaction: COOPERATOR vs COOPERATOR, Payoffs: 3, 3
2024-12-01 12:48:23,742 - Interaction: COOPERATOR vs PROBABILISTIC, Payoffs: 3, 3
2024-12-01 12:48:23,743 - Agents count: 27
2024-12-01 12:48:23,764 - Interaction: COOPERATOR vs COOPERATOR, Payoffs: 3, 3
2024-12-01 12:48:23,764 - Interaction: COOPERATOR vs PROBABILISTIC, Payoffs: 3, 3
2024-12-01 12:48:23,764 - Interaction: COOPERATOR vs COOPERATOR, Payoffs: 3, 3
2024-12-01 12:48:23,767 - Interaction: HYBRID vs COOPERATOR, Payoffs: 3, 3
2024-12-01 12:48:23,768 - Interaction: COOPERATOR vs HYBRID, Payoffs: 3, 3
2024-12-01 12:48:23,769 - Interaction: COOPERATOR vs COOPERATOR, Payoffs: 3, 3
2024-12-01 12:48:23,769 - Interaction: COOPERATOR vs PROBABILISTIC, Payoffs: 3, 3
2024-12-01 12:48:23,769 - Interaction: COOPERATOR vs COOPERATOR, Payoffs: 3, 3
2024-12-01 12:48:23,769 - Interaction: PROBABILISTIC vs COOPERATOR, Payoffs: 3, 3
2024-12-01 12:48:23,770 - Interaction: PROBABILISTIC vs COOPERATOR, Payoffs: 3, 3
2024-12-01 12:48:23,770 - Interaction: PROBABILISTIC vs COOPERATOR, Payoffs: 3, 3
2024-12-01 12:48:23,771 - Interaction: COOPERATOR vs COOPERATOR, Payoffs: 3, 3
2024-12-01 12:48:23,771 - Interaction: COOPERATOR vs COOPERATOR, Payoffs: 3, 3
2024-12-01 12:48:23,771 - Interaction: COOPERATOR vs PROBABILISTIC, Payoffs: 3, 3
2024-12-01 12:48:23,771 - Agents count: 27
2024-12-01 12:48:23,791 - Interaction: COOPERATOR vs COOPERATOR, Payoffs: 3, 3
2024-12-01 12:48:23,791 - Interaction: COOPERATOR vs PROBABILISTIC, Payoffs: 3, 3
2024-12-01 12:48:23,792 - Interaction: COOPERATOR vs COOPERATOR, Payoffs: 3, 3
2024-12-01 12:48:23,793 - Interaction: HYBRID vs COOPERATOR, Payoffs: 3, 3
2024-12-01 12:48:23,794 - Interaction: COOPERATOR vs HYBRID, Payoffs: 3, 3
2024-12-01 12:48:23,795 - Interaction: COOPERATOR vs COOPERATOR, Payoffs: 3, 3
2024-12-01 12:48:23,795 - Interaction: COOPERATOR vs PROBABILISTIC, Payoffs: 3, 3
2024-12-01 12:48:23,795 - Interaction: COOPERATOR vs COOPERATOR, Payoffs: 3, 3
2024-12-01 12:48:23,796 - Interaction: PROBABILISTIC vs COOPERATOR, Payoffs: 3, 3
2024-12-01 12:48:23,796 - Interaction: PROBABILISTIC vs COOPERATOR, Payoffs: 3, 3
2024-12-01 12:48:23,796 - Interaction: PROBABILISTIC vs COOPERATOR, Payoffs: 3, 3
2024-12-01 12:48:23,797 - Interaction: COOPERATOR vs COOPERATOR, Payoffs: 3, 3
2024-12-01 12:48:23,797 - Interaction: COOPERATOR vs COOPERATOR, Payoffs: 3, 3
2024-12-01 12:48:23,797 - Interaction: COOPERATOR vs PROBABILISTIC, Payoffs: 3, 3
2024-12-01 12:48:23,797 - Agents count: 27
2024-12-01 12:48:23,819 - Interaction: COOPERATOR vs COOPERATOR, Payoffs: 3, 3
2024-12-01 12:48:23,820 - Interaction: COOPERATOR vs PROBABILISTIC, Payoffs: 3, 3
2024-12-01 12:48:23,820 - Interaction: COOPERATOR vs COOPERATOR, Payoffs: 3, 3
2024-12-01 12:48:23,822 - Interaction: HYBRID vs COOPERATOR, Payoffs: 3, 3
2024-12-01 12:48:23,822 - Interaction: COOPERATOR vs HYBRID, Payoffs: 3, 3
2024-12-01 12:48:23,823 - Interaction: COOPERATOR vs COOPERATOR, Payoffs: 3, 3
2024-12-01 12:48:23,823 - Interaction: COOPERATOR vs PROBABILISTIC, Payoffs: 3, 3
2024-12-01 12:48:23,824 - Interaction: COOPERATOR vs COOPERATOR, Payoffs: 3, 3
2024-12-01 12:48:23,824 - Interaction: PROBABILISTIC vs COOPERATOR, Payoffs: 3, 3
2024-12-01 12:48:23,824 - Interaction: PROBABILISTIC vs COOPERATOR, Payoffs: 3, 3
2024-12-01 12:48:23,824 - Interaction: PROBABILISTIC vs COOPERATOR, Payoffs: 3, 3
2024-12-01 12:48:23,825 - Interaction: COOPERATOR vs COOPERATOR, Payoffs: 3, 3
2024-12-01 12:48:23,825 - Interaction: COOPERATOR vs COOPERATOR, Payoffs: 3, 3
2024-12-01 12:48:23,825 - Interaction: COOPERATOR vs PROBABILISTIC, Payoffs: 3, 3
2024-12-01 12:48:23,825 - Agents count: 27
2024-12-01 12:48:23,845 - Interaction: COOPERATOR vs COOPERATOR, Payoffs: 3, 3
2024-12-01 12:48:23,845 - Interaction: COOPERATOR vs PROBABILISTIC, Payoffs: 3, 3
2024-12-01 12:48:23,846 - Interaction: COOPERATOR vs COOPERATOR, Payoffs: 3, 3
2024-12-01 12:48:23,847 - Interaction: HYBRID vs COOPERATOR, Payoffs: 3, 3
2024-12-01 12:48:23,849 - Interaction: COOPERATOR vs HYBRID, Payoffs: 3, 3
2024-12-01 12:48:23,850 - Interaction: COOPERATOR vs COOPERATOR, Payoffs: 3, 3
2024-12-01 12:48:23,850 - Interaction: COOPERATOR vs PROBABILISTIC, Payoffs: 3, 3
2024-12-01 12:48:23,851 - Interaction: COOPERATOR vs COOPERATOR, Payoffs: 3, 3
2024-12-01 12:48:23,851 - Interaction: PROBABILISTIC vs COOPERATOR, Payoffs: 3, 3
2024-12-01 12:48:23,851 - Interaction: PROBABILISTIC vs COOPERATOR, Payoffs: 3, 3
2024-12-01 12:48:23,851 - Interaction: PROBABILISTIC vs COOPERATOR, Payoffs: 3, 3
2024-12-01 12:48:23,852 - Interaction: COOPERATOR vs COOPERATOR, Payoffs: 3, 3
2024-12-01 12:48:23,852 - Interaction: COOPERATOR vs COOPERATOR, Payoffs: 3, 3
2024-12-01 12:48:23,852 - Interaction: COOPERATOR vs PROBABILISTIC, Payoffs: 3, 3
2024-12-01 12:48:23,853 - Agents count: 27
2024-12-01 12:48:23,874 - Interaction: COOPERATOR vs COOPERATOR, Payoffs: 3, 3
2024-12-01 12:48:23,875 - New agent spawned with strategy: COOPERATOR
2024-12-01 12:48:23,875 - Interaction: COOPERATOR vs PROBABILISTIC, Payoffs: 3, 3
2024-12-01 12:48:23,875 - Interaction: COOPERATOR vs COOPERATOR, Payoffs: 3, 3
2024-12-01 12:48:23,876 - Interaction: PROBABILISTIC vs PROBABILISTIC, Payoffs: 3, 3
2024-12-01 12:48:23,877 - Interaction: HYBRID vs COOPERATOR, Payoffs: 3, 3
2024-12-01 12:48:23,877 - Interaction: COOPERATOR vs HYBRID, Payoffs: 3, 3
2024-12-01 12:48:23,879 - Interaction: COOPERATOR vs COOPERATOR, Payoffs: 3, 3
2024-12-01 12:48:23,879 - Interaction: COOPERATOR vs PROBABILISTIC, Payoffs: 3, 3
2024-12-01 12:48:23,879 - Interaction: COOPERATOR vs COOPERATOR, Payoffs: 3, 3
2024-12-01 12:48:23,880 - Interaction: PROBABILISTIC vs COOPERATOR, Payoffs: 3, 3
2024-12-01 12:48:23,880 - Interaction: PROBABILISTIC vs PROBABILISTIC, Payoffs: 3, 3
2024-12-01 12:48:23,880 - Interaction: PROBABILISTIC vs COOPERATOR, Payoffs: 3, 3
2024-12-01 12:48:23,880 - Interaction: PROBABILISTIC vs COOPERATOR, Payoffs: 3, 3
2024-12-01 12:48:23,881 - Interaction: COOPERATOR vs COOPERATOR, Payoffs: 3, 3
2024-12-01 12:48:23,881 - Interaction: COOPERATOR vs COOPERATOR, Payoffs: 3, 3
2024-12-01 12:48:23,882 - Interaction: COOPERATOR vs PROBABILISTIC, Payoffs: 3, 3
2024-12-01 12:48:23,882 - Interaction: COOPERATOR vs COOPERATOR, Payoffs: 3, 3
2024-12-01 12:48:23,882 - Interaction: COOPERATOR vs COOPERATOR, Payoffs: 3, 3
2024-12-01 12:48:23,882 - Interaction: COOPERATOR vs PROBABILISTIC, Payoffs: 3, 3
2024-12-01 12:48:23,883 - Interaction: COOPERATOR vs COOPERATOR, Payoffs: 3, 3
2024-12-01 12:48:24,105 - Agents count: 28
2024-12-01 12:48:24,132 - Interaction: COOPERATOR vs COOPERATOR, Payoffs: 3, 3
2024-12-01 12:48:24,133 - Interaction: COOPERATOR vs PROBABILISTIC, Payoffs: 3, 3
2024-12-01 12:48:24,133 - Interaction: COOPERATOR vs COOPERATOR, Payoffs: 3, 3
2024-12-01 12:48:24,133 - Interaction: COOPERATOR vs COOPERATOR, Payoffs: 3, 3
2024-12-01 12:48:24,136 - Interaction: PROBABILISTIC vs PROBABILISTIC, Payoffs: 3, 3
2024-12-01 12:48:24,138 - Interaction: HYBRID vs COOPERATOR, Payoffs: 3, 3
2024-12-01 12:48:24,139 - Interaction: COOPERATOR vs HYBRID, Payoffs: 3, 3
2024-12-01 12:48:24,141 - Interaction: COOPERATOR vs COOPERATOR, Payoffs: 3, 3
2024-12-01 12:48:24,141 - Interaction: COOPERATOR vs PROBABILISTIC, Payoffs: 3, 3
2024-12-01 12:48:24,141 - Interaction: COOPERATOR vs COOPERATOR, Payoffs: 3, 3
2024-12-01 12:48:24,141 - Interaction: COOPERATOR vs COOPERATOR, Payoffs: 3, 3
2024-12-01 12:48:24,142 - Interaction: PROBABILISTIC vs COOPERATOR, Payoffs: 3, 3
2024-12-01 12:48:24,142 - Interaction: PROBABILISTIC vs PROBABILISTIC, Payoffs: 3, 3
2024-12-01 12:48:24,142 - Interaction: PROBABILISTIC vs COOPERATOR, Payoffs: 3, 3
2024-12-01 12:48:24,143 - Interaction: PROBABILISTIC vs COOPERATOR, Payoffs: 3, 3
2024-12-01 12:48:24,143 - Interaction: PROBABILISTIC vs COOPERATOR, Payoffs: 3, 3
2024-12-01 12:48:24,144 - Interaction: COOPERATOR vs COOPERATOR, Payoffs: 3, 3
2024-12-01 12:48:24,144 - Interaction: COOPERATOR vs COOPERATOR, Payoffs: 3, 3
2024-12-01 12:48:24,144 - Interaction: COOPERATOR vs PROBABILISTIC, Payoffs: 3, 3
2024-12-01 12:48:24,145 - Interaction: COOPERATOR vs COOPERATOR, Payoffs: 3, 3
2024-12-01 12:48:24,145 - Interaction: COOPERATOR vs COOPERATOR, Payoffs: 3, 3
2024-12-01 12:48:24,146 - Interaction: COOPERATOR vs COOPERATOR, Payoffs: 3, 3
2024-12-01 12:48:24,146 - Interaction: COOPERATOR vs PROBABILISTIC, Payoffs: 3, 3
2024-12-01 12:48:24,146 - Interaction: COOPERATOR vs COOPERATOR, Payoffs: 3, 3
2024-12-01 12:48:24,146 - Agents count: 28
2024-12-01 12:48:24,176 - Interaction: COOPERATOR vs COOPERATOR, Payoffs: 3, 3
2024-12-01 12:48:24,177 - Interaction: COOPERATOR vs PROBABILISTIC, Payoffs: 3, 3
2024-12-01 12:48:24,177 - Interaction: COOPERATOR vs COOPERATOR, Payoffs: 3, 3
2024-12-01 12:48:24,177 - Interaction: COOPERATOR vs COOPERATOR, Payoffs: 3, 3
2024-12-01 12:48:24,179 - Interaction: PROBABILISTIC vs PROBABILISTIC, Payoffs: 3, 3
2024-12-01 12:48:24,180 - Interaction: HYBRID vs COOPERATOR, Payoffs: 3, 3
2024-12-01 12:48:24,180 - Interaction: COOPERATOR vs HYBRID, Payoffs: 3, 3
2024-12-01 12:48:24,182 - Interaction: COOPERATOR vs COOPERATOR, Payoffs: 3, 3
2024-12-01 12:48:24,183 - Interaction: COOPERATOR vs PROBABILISTIC, Payoffs: 3, 3
2024-12-01 12:48:24,183 - Interaction: COOPERATOR vs COOPERATOR, Payoffs: 3, 3
2024-12-01 12:48:24,183 - Interaction: COOPERATOR vs COOPERATOR, Payoffs: 3, 3
2024-12-01 12:48:24,184 - Interaction: PROBABILISTIC vs COOPERATOR, Payoffs: 3, 3
2024-12-01 12:48:24,184 - Interaction: PROBABILISTIC vs PROBABILISTIC, Payoffs: 3, 3
2024-12-01 12:48:24,184 - Interaction: PROBABILISTIC vs COOPERATOR, Payoffs: 3, 3
2024-12-01 12:48:24,185 - Interaction: PROBABILISTIC vs COOPERATOR, Payoffs: 3, 3
2024-12-01 12:48:24,185 - Interaction: PROBABILISTIC vs COOPERATOR, Payoffs: 3, 3
2024-12-01 12:48:24,187 - Interaction: COOPERATOR vs COOPERATOR, Payoffs: 3, 3
2024-12-01 12:48:24,187 - Interaction: COOPERATOR vs COOPERATOR, Payoffs: 3, 3
2024-12-01 12:48:24,188 - Interaction: COOPERATOR vs PROBABILISTIC, Payoffs: 3, 3
2024-12-01 12:48:24,188 - Interaction: COOPERATOR vs COOPERATOR, Payoffs: 3, 3
2024-12-01 12:48:24,190 - Interaction: COOPERATOR vs COOPERATOR, Payoffs: 3, 3
2024-12-01 12:48:24,190 - Interaction: COOPERATOR vs COOPERATOR, Payoffs: 3, 3
2024-12-01 12:48:24,190 - Interaction: COOPERATOR vs PROBABILISTIC, Payoffs: 3, 3
2024-12-01 12:48:24,191 - Interaction: COOPERATOR vs COOPERATOR, Payoffs: 3, 3
2024-12-01 12:48:24,191 - Agents count: 28
2024-12-01 12:48:24,218 - Interaction: COOPERATOR vs COOPERATOR, Payoffs: 3, 3
2024-12-01 12:48:24,218 - Interaction: COOPERATOR vs PROBABILISTIC, Payoffs: 3, 3
2024-12-01 12:48:24,218 - Interaction: COOPERATOR vs COOPERATOR, Payoffs: 3, 3
2024-12-01 12:48:24,219 - Interaction: COOPERATOR vs COOPERATOR, Payoffs: 3, 3
2024-12-01 12:48:24,224 - Interaction: PROBABILISTIC vs PROBABILISTIC, Payoffs: 3, 3
2024-12-01 12:48:24,225 - Interaction: HYBRID vs COOPERATOR, Payoffs: 3, 3
2024-12-01 12:48:24,225 - Interaction: COOPERATOR vs HYBRID, Payoffs: 3, 3
2024-12-01 12:48:24,227 - Interaction: COOPERATOR vs COOPERATOR, Payoffs: 3, 3
2024-12-01 12:48:24,228 - Interaction: COOPERATOR vs PROBABILISTIC, Payoffs: 3, 3
2024-12-01 12:48:24,228 - Interaction: COOPERATOR vs COOPERATOR, Payoffs: 3, 3
2024-12-01 12:48:24,228 - Interaction: COOPERATOR vs COOPERATOR, Payoffs: 3, 3
2024-12-01 12:48:24,229 - Interaction: PROBABILISTIC vs COOPERATOR, Payoffs: 3, 3
2024-12-01 12:48:24,229 - Interaction: PROBABILISTIC vs PROBABILISTIC, Payoffs: 3, 3
2024-12-01 12:48:24,229 - Interaction: PROBABILISTIC vs COOPERATOR, Payoffs: 3, 3
2024-12-01 12:48:24,229 - Interaction: PROBABILISTIC vs COOPERATOR, Payoffs: 3, 3
2024-12-01 12:48:24,230 - Interaction: PROBABILISTIC vs COOPERATOR, Payoffs: 3, 3
2024-12-01 12:48:24,231 - Interaction: COOPERATOR vs COOPERATOR, Payoffs: 3, 3
2024-12-01 12:48:24,231 - Interaction: COOPERATOR vs COOPERATOR, Payoffs: 3, 3
2024-12-01 12:48:24,231 - Interaction: COOPERATOR vs PROBABILISTIC, Payoffs: 3, 3
2024-12-01 12:48:24,231 - Interaction: COOPERATOR vs COOPERATOR, Payoffs: 3, 3
2024-12-01 12:48:24,232 - Interaction: COOPERATOR vs COOPERATOR, Payoffs: 3, 3
2024-12-01 12:48:24,232 - Interaction: COOPERATOR vs COOPERATOR, Payoffs: 3, 3
2024-12-01 12:48:24,233 - Interaction: COOPERATOR vs PROBABILISTIC, Payoffs: 3, 3
2024-12-01 12:48:24,233 - Interaction: COOPERATOR vs COOPERATOR, Payoffs: 3, 3
2024-12-01 12:48:24,233 - Agents count: 28
2024-12-01 12:48:24,263 - Interaction: COOPERATOR vs COOPERATOR, Payoffs: 3, 3
2024-12-01 12:48:24,263 - Interaction: COOPERATOR vs PROBABILISTIC, Payoffs: 3, 3
2024-12-01 12:48:24,263 - Interaction: COOPERATOR vs COOPERATOR, Payoffs: 3, 3
2024-12-01 12:48:24,264 - Interaction: COOPERATOR vs COOPERATOR, Payoffs: 3, 3
2024-12-01 12:48:24,266 - Interaction: PROBABILISTIC vs PROBABILISTIC, Payoffs: 3, 3
2024-12-01 12:48:24,267 - Interaction: HYBRID vs COOPERATOR, Payoffs: 3, 3
2024-12-01 12:48:24,268 - Interaction: COOPERATOR vs HYBRID, Payoffs: 3, 3
2024-12-01 12:48:24,272 - Interaction: COOPERATOR vs COOPERATOR, Payoffs: 3, 3
2024-12-01 12:48:24,273 - Interaction: COOPERATOR vs PROBABILISTIC, Payoffs: 3, 3
2024-12-01 12:48:24,273 - Interaction: COOPERATOR vs COOPERATOR, Payoffs: 3, 3
2024-12-01 12:48:24,274 - Interaction: PROBABILISTIC vs COOPERATOR, Payoffs: 3, 3
2024-12-01 12:48:24,274 - Interaction: PROBABILISTIC vs PROBABILISTIC, Payoffs: 3, 3
2024-12-01 12:48:24,275 - Interaction: PROBABILISTIC vs COOPERATOR, Payoffs: 3, 3
2024-12-01 12:48:24,275 - Interaction: PROBABILISTIC vs COOPERATOR, Payoffs: 3, 3
2024-12-01 12:48:24,276 - Interaction: COOPERATOR vs COOPERATOR, Payoffs: 3, 3
2024-12-01 12:48:24,277 - Interaction: COOPERATOR vs COOPERATOR, Payoffs: 3, 3
2024-12-01 12:48:24,277 - Interaction: COOPERATOR vs COOPERATOR, Payoffs: 3, 3
2024-12-01 12:48:24,278 - Interaction: COOPERATOR vs COOPERATOR, Payoffs: 3, 3
2024-12-01 12:48:24,278 - Interaction: COOPERATOR vs PROBABILISTIC, Payoffs: 3, 3
2024-12-01 12:48:24,279 - Interaction: COOPERATOR vs COOPERATOR, Payoffs: 3, 3
2024-12-01 12:48:24,279 - Agents count: 28
2024-12-01 12:48:24,311 - Interaction: COOPERATOR vs COOPERATOR, Payoffs: 3, 3
2024-12-01 12:48:24,312 - Interaction: COOPERATOR vs PROBABILISTIC, Payoffs: 3, 3
2024-12-01 12:48:24,312 - Interaction: COOPERATOR vs COOPERATOR, Payoffs: 3, 3
2024-12-01 12:48:24,312 - Interaction: COOPERATOR vs COOPERATOR, Payoffs: 3, 3
2024-12-01 12:48:24,315 - Interaction: PROBABILISTIC vs PROBABILISTIC, Payoffs: 3, 3
2024-12-01 12:48:24,316 - Interaction: PROBABILISTIC vs HYBRID, Payoffs: 3, 3
2024-12-01 12:48:24,317 - Interaction: HYBRID vs COOPERATOR, Payoffs: 3, 3
2024-12-01 12:48:24,317 - Interaction: COOPERATOR vs HYBRID, Payoffs: 3, 3
2024-12-01 12:48:24,319 - Interaction: HYBRID vs PROBABILISTIC, Payoffs: 3, 3
2024-12-01 12:48:24,322 - Interaction: COOPERATOR vs COOPERATOR, Payoffs: 3, 3
2024-12-01 12:48:24,323 - Interaction: COOPERATOR vs PROBABILISTIC, Payoffs: 3, 3
2024-12-01 12:48:24,323 - Interaction: COOPERATOR vs COOPERATOR, Payoffs: 3, 3
2024-12-01 12:48:24,324 - Interaction: PROBABILISTIC vs COOPERATOR, Payoffs: 3, 3
2024-12-01 12:48:24,324 - Interaction: PROBABILISTIC vs PROBABILISTIC, Payoffs: 3, 3
2024-12-01 12:48:24,324 - Interaction: PROBABILISTIC vs COOPERATOR, Payoffs: 3, 3
2024-12-01 12:48:24,325 - Interaction: PROBABILISTIC vs COOPERATOR, Payoffs: 3, 3
2024-12-01 12:48:24,326 - Interaction: COOPERATOR vs COOPERATOR, Payoffs: 3, 3
2024-12-01 12:48:24,326 - Interaction: COOPERATOR vs COOPERATOR, Payoffs: 3, 3
2024-12-01 12:48:24,327 - Interaction: COOPERATOR vs COOPERATOR, Payoffs: 3, 3
2024-12-01 12:48:24,327 - Interaction: COOPERATOR vs COOPERATOR, Payoffs: 3, 3
2024-12-01 12:48:24,327 - Interaction: COOPERATOR vs PROBABILISTIC, Payoffs: 3, 3
2024-12-01 12:48:24,327 - Interaction: COOPERATOR vs COOPERATOR, Payoffs: 3, 3
2024-12-01 12:48:24,327 - Agents count: 28
2024-12-01 12:48:24,359 - Interaction: COOPERATOR vs COOPERATOR, Payoffs: 3, 3
2024-12-01 12:48:24,360 - Interaction: COOPERATOR vs PROBABILISTIC, Payoffs: 3, 3
2024-12-01 12:48:24,360 - Interaction: COOPERATOR vs COOPERATOR, Payoffs: 3, 3
2024-12-01 12:48:24,360 - Interaction: COOPERATOR vs COOPERATOR, Payoffs: 3, 3
2024-12-01 12:48:24,363 - Interaction: PROBABILISTIC vs PROBABILISTIC, Payoffs: 3, 3
2024-12-01 12:48:24,364 - Interaction: PROBABILISTIC vs HYBRID, Payoffs: 3, 3
2024-12-01 12:48:24,365 - Interaction: HYBRID vs COOPERATOR, Payoffs: 3, 3
2024-12-01 12:48:24,365 - Interaction: COOPERATOR vs HYBRID, Payoffs: 3, 3
2024-12-01 12:48:24,366 - Interaction: HYBRID vs PROBABILISTIC, Payoffs: 3, 3
2024-12-01 12:48:24,369 - Interaction: COOPERATOR vs COOPERATOR, Payoffs: 3, 3
2024-12-01 12:48:24,369 - Interaction: COOPERATOR vs PROBABILISTIC, Payoffs: 3, 3
2024-12-01 12:48:24,369 - Interaction: COOPERATOR vs COOPERATOR, Payoffs: 3, 3
2024-12-01 12:48:24,370 - Interaction: PROBABILISTIC vs COOPERATOR, Payoffs: 3, 3
2024-12-01 12:48:24,370 - Interaction: PROBABILISTIC vs PROBABILISTIC, Payoffs: 3, 3
2024-12-01 12:48:24,371 - Interaction: PROBABILISTIC vs COOPERATOR, Payoffs: 3, 3
2024-12-01 12:48:24,371 - Interaction: PROBABILISTIC vs COOPERATOR, Payoffs: 3, 3
2024-12-01 12:48:24,372 - Interaction: COOPERATOR vs COOPERATOR, Payoffs: 3, 3
2024-12-01 12:48:24,372 - Interaction: COOPERATOR vs COOPERATOR, Payoffs: 3, 3
2024-12-01 12:48:24,373 - Interaction: COOPERATOR vs COOPERATOR, Payoffs: 3, 3
2024-12-01 12:48:24,374 - Interaction: COOPERATOR vs COOPERATOR, Payoffs: 3, 3
2024-12-01 12:48:24,374 - Interaction: COOPERATOR vs PROBABILISTIC, Payoffs: 3, 3
2024-12-01 12:48:24,374 - Interaction: COOPERATOR vs COOPERATOR, Payoffs: 3, 3
2024-12-01 12:48:24,375 - Agents count: 28
2024-12-01 12:48:24,405 - Interaction: PROBABILISTIC vs DEFECTOR, Payoffs: 1, 1
2024-12-01 12:48:24,407 - Interaction: COOPERATOR vs COOPERATOR, Payoffs: 3, 3
2024-12-01 12:48:24,407 - New agent spawned with strategy: COOPERATOR
2024-12-01 12:48:24,409 - Interaction: COOPERATOR vs PROBABILISTIC, Payoffs: 3, 3
2024-12-01 12:48:24,409 - Interaction: COOPERATOR vs COOPERATOR, Payoffs: 3, 3
2024-12-01 12:48:24,409 - Interaction: COOPERATOR vs COOPERATOR, Payoffs: 3, 3
2024-12-01 12:48:24,411 - Interaction: DEFECTOR vs PROBABILISTIC, Payoffs: 1, 1
2024-12-01 12:48:24,413 - Interaction: PROBABILISTIC vs PROBABILISTIC, Payoffs: 3, 3
2024-12-01 12:48:24,413 - Interaction: PROBABILISTIC vs HYBRID, Payoffs: 3, 3
2024-12-01 12:48:24,415 - Interaction: HYBRID vs COOPERATOR, Payoffs: 3, 3
2024-12-01 12:48:24,415 - Interaction: COOPERATOR vs HYBRID, Payoffs: 3, 3
2024-12-01 12:48:24,416 - Interaction: HYBRID vs PROBABILISTIC, Payoffs: 3, 3
2024-12-01 12:48:24,420 - Interaction: COOPERATOR vs COOPERATOR, Payoffs: 3, 3
2024-12-01 12:48:24,420 - Interaction: COOPERATOR vs PROBABILISTIC, Payoffs: 3, 3
2024-12-01 12:48:24,420 - Interaction: COOPERATOR vs COOPERATOR, Payoffs: 3, 3
2024-12-01 12:48:24,421 - Interaction: PROBABILISTIC vs COOPERATOR, Payoffs: 3, 3
2024-12-01 12:48:24,422 - Interaction: PROBABILISTIC vs PROBABILISTIC, Payoffs: 3, 3
2024-12-01 12:48:24,423 - Interaction: PROBABILISTIC vs COOPERATOR, Payoffs: 3, 3
2024-12-01 12:48:24,423 - Interaction: PROBABILISTIC vs COOPERATOR, Payoffs: 3, 3
2024-12-01 12:48:24,425 - Interaction: COOPERATOR vs COOPERATOR, Payoffs: 3, 3
2024-12-01 12:48:24,426 - Interaction: COOPERATOR vs COOPERATOR, Payoffs: 3, 3
2024-12-01 12:48:24,427 - Interaction: COOPERATOR vs COOPERATOR, Payoffs: 3, 3
2024-12-01 12:48:24,427 - Interaction: COOPERATOR vs COOPERATOR, Payoffs: 3, 3
2024-12-01 12:48:24,429 - Interaction: COOPERATOR vs PROBABILISTIC, Payoffs: 3, 3
2024-12-01 12:48:24,429 - Interaction: COOPERATOR vs COOPERATOR, Payoffs: 3, 3
2024-12-01 12:48:24,430 - Interaction: COOPERATOR vs COOPERATOR, Payoffs: 3, 3
2024-12-01 12:48:24,431 - Interaction: COOPERATOR vs COOPERATOR, Payoffs: 3, 3
2024-12-01 12:48:24,785 - Agents count: 29
2024-12-01 12:48:24,809 - Interaction: PROBABILISTIC vs DEFECTOR, Payoffs: 1, 1
2024-12-01 12:48:24,811 - Interaction: COOPERATOR vs COOPERATOR, Payoffs: 3, 3
2024-12-01 12:48:24,811 - Interaction: COOPERATOR vs COOPERATOR, Payoffs: 3, 3
2024-12-01 12:48:24,811 - Interaction: COOPERATOR vs COOPERATOR, Payoffs: 3, 3
2024-12-01 12:48:24,811 - Interaction: COOPERATOR vs COOPERATOR, Payoffs: 3, 3
2024-12-01 12:48:24,812 - Interaction: DEFECTOR vs PROBABILISTIC, Payoffs: 1, 1
2024-12-01 12:48:24,813 - Interaction: PROBABILISTIC vs PROBABILISTIC, Payoffs: 3, 3
2024-12-01 12:48:24,814 - Interaction: PROBABILISTIC vs HYBRID, Payoffs: 3, 3
2024-12-01 12:48:24,815 - Interaction: HYBRID vs COOPERATOR, Payoffs: 3, 3
2024-12-01 12:48:24,815 - Interaction: COOPERATOR vs HYBRID, Payoffs: 3, 3
2024-12-01 12:48:24,816 - Interaction: HYBRID vs PROBABILISTIC, Payoffs: 3, 3
2024-12-01 12:48:24,817 - Interaction: COOPERATOR vs COOPERATOR, Payoffs: 3, 3
2024-12-01 12:48:24,817 - Interaction: COOPERATOR vs PROBABILISTIC, Payoffs: 3, 3
2024-12-01 12:48:24,817 - Interaction: COOPERATOR vs COOPERATOR, Payoffs: 3, 3
2024-12-01 12:48:24,819 - Interaction: PROBABILISTIC vs PROBABILISTIC, Payoffs: 3, 3
2024-12-01 12:48:24,819 - Interaction: PROBABILISTIC vs COOPERATOR, Payoffs: 3, 3
2024-12-01 12:48:24,819 - Interaction: PROBABILISTIC vs COOPERATOR, Payoffs: 3, 3
2024-12-01 12:48:24,821 - Interaction: COOPERATOR vs COOPERATOR, Payoffs: 3, 3
2024-12-01 12:48:24,821 - Interaction: COOPERATOR vs COOPERATOR, Payoffs: 3, 3
2024-12-01 12:48:24,822 - Interaction: COOPERATOR vs COOPERATOR, Payoffs: 3, 3
2024-12-01 12:48:24,822 - Interaction: COOPERATOR vs PROBABILISTIC, Payoffs: 3, 3
2024-12-01 12:48:24,822 - Interaction: COOPERATOR vs COOPERATOR, Payoffs: 3, 3
2024-12-01 12:48:24,823 - Interaction: COOPERATOR vs COOPERATOR, Payoffs: 3, 3
2024-12-01 12:48:24,823 - Interaction: COOPERATOR vs COOPERATOR, Payoffs: 3, 3
2024-12-01 12:48:24,823 - Agents count: 29
2024-12-01 12:48:24,848 - Interaction: PROBABILISTIC vs DEFECTOR, Payoffs: 1, 1
2024-12-01 12:48:24,850 - Interaction: COOPERATOR vs COOPERATOR, Payoffs: 3, 3
2024-12-01 12:48:24,851 - Interaction: COOPERATOR vs COOPERATOR, Payoffs: 3, 3
2024-12-01 12:48:24,851 - Interaction: COOPERATOR vs COOPERATOR, Payoffs: 3, 3
2024-12-01 12:48:24,852 - Interaction: COOPERATOR vs COOPERATOR, Payoffs: 3, 3
2024-12-01 12:48:24,853 - Interaction: DEFECTOR vs PROBABILISTIC, Payoffs: 1, 1
2024-12-01 12:48:24,855 - Interaction: PROBABILISTIC vs PROBABILISTIC, Payoffs: 3, 3
2024-12-01 12:48:24,855 - Interaction: PROBABILISTIC vs HYBRID, Payoffs: 3, 3
2024-12-01 12:48:24,856 - Interaction: HYBRID vs COOPERATOR, Payoffs: 3, 3
2024-12-01 12:48:24,856 - Interaction: COOPERATOR vs HYBRID, Payoffs: 3, 3
2024-12-01 12:48:24,857 - Interaction: HYBRID vs PROBABILISTIC, Payoffs: 3, 3
2024-12-01 12:48:24,860 - Interaction: COOPERATOR vs COOPERATOR, Payoffs: 3, 3
2024-12-01 12:48:24,860 - Interaction: COOPERATOR vs PROBABILISTIC, Payoffs: 3, 3
2024-12-01 12:48:24,860 - Interaction: COOPERATOR vs COOPERATOR, Payoffs: 3, 3
2024-12-01 12:48:24,861 - Interaction: PROBABILISTIC vs PROBABILISTIC, Payoffs: 3, 3
2024-12-01 12:48:24,861 - Interaction: PROBABILISTIC vs COOPERATOR, Payoffs: 3, 3
2024-12-01 12:48:24,861 - Interaction: PROBABILISTIC vs COOPERATOR, Payoffs: 3, 3
2024-12-01 12:48:24,862 - Interaction: COOPERATOR vs COOPERATOR, Payoffs: 3, 3
2024-12-01 12:48:24,863 - Interaction: COOPERATOR vs COOPERATOR, Payoffs: 3, 3
2024-12-01 12:48:24,863 - Interaction: COOPERATOR vs COOPERATOR, Payoffs: 3, 3
2024-12-01 12:48:24,864 - Interaction: COOPERATOR vs PROBABILISTIC, Payoffs: 3, 3
2024-12-01 12:48:24,864 - Interaction: COOPERATOR vs COOPERATOR, Payoffs: 3, 3
2024-12-01 12:48:24,865 - Interaction: COOPERATOR vs COOPERATOR, Payoffs: 3, 3
2024-12-01 12:48:24,865 - Interaction: COOPERATOR vs COOPERATOR, Payoffs: 3, 3
2024-12-01 12:48:24,865 - Agents count: 29
2024-12-01 12:48:24,891 - Interaction: PROBABILISTIC vs DEFECTOR, Payoffs: 1, 1
2024-12-01 12:48:24,894 - Interaction: COOPERATOR vs COOPERATOR, Payoffs: 3, 3
2024-12-01 12:48:24,894 - Interaction: COOPERATOR vs COOPERATOR, Payoffs: 3, 3
2024-12-01 12:48:24,895 - Interaction: COOPERATOR vs COOPERATOR, Payoffs: 3, 3
2024-12-01 12:48:24,895 - Interaction: COOPERATOR vs COOPERATOR, Payoffs: 3, 3
2024-12-01 12:48:24,895 - Interaction: DEFECTOR vs PROBABILISTIC, Payoffs: 1, 1
2024-12-01 12:48:24,896 - Interaction: PROBABILISTIC vs PROBABILISTIC, Payoffs: 3, 3
2024-12-01 12:48:24,897 - Interaction: PROBABILISTIC vs HYBRID, Payoffs: 3, 3
2024-12-01 12:48:24,898 - Interaction: HYBRID vs PROBABILISTIC, Payoffs: 3, 3
2024-12-01 12:48:24,899 - Interaction: COOPERATOR vs COOPERATOR, Payoffs: 3, 3
2024-12-01 12:48:24,900 - Interaction: COOPERATOR vs COOPERATOR, Payoffs: 3, 3
2024-12-01 12:48:24,900 - Interaction: PROBABILISTIC vs PROBABILISTIC, Payoffs: 3, 3
2024-12-01 12:48:24,900 - Interaction: PROBABILISTIC vs COOPERATOR, Payoffs: 3, 3
2024-12-01 12:48:24,901 - Interaction: COOPERATOR vs COOPERATOR, Payoffs: 3, 3
2024-12-01 12:48:24,901 - Interaction: COOPERATOR vs COOPERATOR, Payoffs: 3, 3
2024-12-01 12:48:24,901 - Interaction: COOPERATOR vs COOPERATOR, Payoffs: 3, 3
2024-12-01 12:48:24,901 - Interaction: COOPERATOR vs PROBABILISTIC, Payoffs: 3, 3
2024-12-01 12:48:24,901 - Interaction: COOPERATOR vs COOPERATOR, Payoffs: 3, 3
2024-12-01 12:48:24,902 - Interaction: COOPERATOR vs COOPERATOR, Payoffs: 3, 3
2024-12-01 12:48:24,902 - Interaction: COOPERATOR vs COOPERATOR, Payoffs: 3, 3
2024-12-01 12:48:24,902 - Agents count: 29
2024-12-01 12:48:24,924 - Interaction: PROBABILISTIC vs DEFECTOR, Payoffs: 1, 1
2024-12-01 12:48:24,926 - Interaction: COOPERATOR vs COOPERATOR, Payoffs: 3, 3
2024-12-01 12:48:24,926 - New agent spawned with strategy: COOPERATOR
2024-12-01 12:48:24,926 - Interaction: COOPERATOR vs COOPERATOR, Payoffs: 3, 3
2024-12-01 12:48:24,926 - Interaction: COOPERATOR vs COOPERATOR, Payoffs: 3, 3
2024-12-01 12:48:24,927 - Interaction: COOPERATOR vs COOPERATOR, Payoffs: 3, 3
2024-12-01 12:48:24,927 - Interaction: DEFECTOR vs PROBABILISTIC, Payoffs: 1, 1
2024-12-01 12:48:24,929 - Interaction: PROBABILISTIC vs PROBABILISTIC, Payoffs: 3, 3
2024-12-01 12:48:24,929 - Interaction: PROBABILISTIC vs HYBRID, Payoffs: 3, 3
2024-12-01 12:48:24,930 - Interaction: HYBRID vs PROBABILISTIC, Payoffs: 3, 3
2024-12-01 12:48:24,931 - Interaction: COOPERATOR vs COOPERATOR, Payoffs: 3, 3
2024-12-01 12:48:24,931 - Interaction: COOPERATOR vs COOPERATOR, Payoffs: 3, 3
2024-12-01 12:48:24,932 - Interaction: PROBABILISTIC vs PROBABILISTIC, Payoffs: 3, 3
2024-12-01 12:48:24,933 - Interaction: PROBABILISTIC vs COOPERATOR, Payoffs: 3, 3
2024-12-01 12:48:24,934 - Interaction: COOPERATOR vs COOPERATOR, Payoffs: 3, 3
2024-12-01 12:48:24,935 - Interaction: COOPERATOR vs COOPERATOR, Payoffs: 3, 3
2024-12-01 12:48:24,937 - Interaction: COOPERATOR vs COOPERATOR, Payoffs: 3, 3
2024-12-01 12:48:24,939 - Interaction: COOPERATOR vs PROBABILISTIC, Payoffs: 3, 3
2024-12-01 12:48:24,939 - Interaction: COOPERATOR vs COOPERATOR, Payoffs: 3, 3
2024-12-01 12:48:24,941 - Interaction: COOPERATOR vs COOPERATOR, Payoffs: 3, 3
2024-12-01 12:48:24,941 - Interaction: COOPERATOR vs COOPERATOR, Payoffs: 3, 3
2024-12-01 12:48:24,942 - Interaction: COOPERATOR vs COOPERATOR, Payoffs: 3, 3
2024-12-01 12:48:24,942 - Interaction: COOPERATOR vs COOPERATOR, Payoffs: 3, 3
2024-12-01 12:48:24,942 - Interaction: COOPERATOR vs PROBABILISTIC, Payoffs: 3, 3
2024-12-01 12:48:24,942 - Interaction: COOPERATOR vs COOPERATOR, Payoffs: 3, 3
2024-12-01 12:48:24,943 - Interaction: COOPERATOR vs COOPERATOR, Payoffs: 3, 3
2024-12-01 12:48:24,943 - Interaction: COOPERATOR vs COOPERATOR, Payoffs: 3, 3
2024-12-01 12:48:25,232 - Agents count: 30
2024-12-01 12:48:25,257 - Interaction: PROBABILISTIC vs DEFECTOR, Payoffs: 1, 1
2024-12-01 12:48:25,259 - Interaction: COOPERATOR vs COOPERATOR, Payoffs: 3, 3
2024-12-01 12:48:25,259 - Interaction: COOPERATOR vs COOPERATOR, Payoffs: 3, 3
2024-12-01 12:48:25,259 - Interaction: COOPERATOR vs COOPERATOR, Payoffs: 3, 3
2024-12-01 12:48:25,259 - Interaction: COOPERATOR vs COOPERATOR, Payoffs: 3, 3
2024-12-01 12:48:25,260 - Interaction: DEFECTOR vs PROBABILISTIC, Payoffs: 1, 1
2024-12-01 12:48:25,261 - Interaction: PROBABILISTIC vs PROBABILISTIC, Payoffs: 3, 3
2024-12-01 12:48:25,261 - Interaction: PROBABILISTIC vs HYBRID, Payoffs: 3, 3
2024-12-01 12:48:25,263 - Interaction: HYBRID vs PROBABILISTIC, Payoffs: 3, 3
2024-12-01 12:48:25,264 - Interaction: COOPERATOR vs COOPERATOR, Payoffs: 3, 3
2024-12-01 12:48:25,264 - Interaction: COOPERATOR vs COOPERATOR, Payoffs: 3, 3
2024-12-01 12:48:25,265 - Interaction: PROBABILISTIC vs PROBABILISTIC, Payoffs: 3, 3
2024-12-01 12:48:25,265 - Interaction: PROBABILISTIC vs COOPERATOR, Payoffs: 3, 3
2024-12-01 12:48:25,266 - Interaction: PROBABILISTIC vs COOPERATOR, Payoffs: 3, 3
2024-12-01 12:48:25,267 - Interaction: COOPERATOR vs COOPERATOR, Payoffs: 3, 3
2024-12-01 12:48:25,268 - Interaction: COOPERATOR vs COOPERATOR, Payoffs: 3, 3
2024-12-01 12:48:25,268 - Interaction: COOPERATOR vs COOPERATOR, Payoffs: 3, 3
2024-12-01 12:48:25,269 - Interaction: COOPERATOR vs COOPERATOR, Payoffs: 3, 3
2024-12-01 12:48:25,269 - Interaction: COOPERATOR vs PROBABILISTIC, Payoffs: 3, 3
2024-12-01 12:48:25,269 - Interaction: COOPERATOR vs COOPERATOR, Payoffs: 3, 3
2024-12-01 12:48:25,269 - Interaction: COOPERATOR vs COOPERATOR, Payoffs: 3, 3
2024-12-01 12:48:25,271 - Interaction: COOPERATOR vs COOPERATOR, Payoffs: 3, 3
2024-12-01 12:48:25,272 - Interaction: COOPERATOR vs COOPERATOR, Payoffs: 3, 3
2024-12-01 12:48:25,272 - Interaction: COOPERATOR vs COOPERATOR, Payoffs: 3, 3
2024-12-01 12:48:25,275 - Interaction: COOPERATOR vs COOPERATOR, Payoffs: 3, 3
2024-12-01 12:48:25,276 - Interaction: COOPERATOR vs COOPERATOR, Payoffs: 3, 3
2024-12-01 12:48:25,276 - Interaction: COOPERATOR vs PROBABILISTIC, Payoffs: 3, 3
2024-12-01 12:48:25,276 - Interaction: COOPERATOR vs COOPERATOR, Payoffs: 3, 3
2024-12-01 12:48:25,276 - Interaction: COOPERATOR vs COOPERATOR, Payoffs: 3, 3
2024-12-01 12:48:25,277 - Interaction: COOPERATOR vs COOPERATOR, Payoffs: 3, 3
2024-12-01 12:48:25,277 - Agents count: 30
2024-12-01 12:48:25,306 - Interaction: COOPERATOR vs COOPERATOR, Payoffs: 3, 3
2024-12-01 12:48:25,306 - Interaction: COOPERATOR vs COOPERATOR, Payoffs: 3, 3
2024-12-01 12:48:25,307 - Interaction: COOPERATOR vs COOPERATOR, Payoffs: 3, 3
2024-12-01 12:48:25,307 - Interaction: COOPERATOR vs COOPERATOR, Payoffs: 3, 3
2024-12-01 12:48:25,309 - Interaction: PROBABILISTIC vs HYBRID, Payoffs: 3, 3
2024-12-01 12:48:25,310 - Interaction: HYBRID vs PROBABILISTIC, Payoffs: 3, 3
2024-12-01 12:48:25,312 - Interaction: COOPERATOR vs COOPERATOR, Payoffs: 3, 3
2024-12-01 12:48:25,312 - Interaction: COOPERATOR vs COOPERATOR, Payoffs: 3, 3
2024-12-01 12:48:25,312 - Interaction: PROBABILISTIC vs COOPERATOR, Payoffs: 3, 3
2024-12-01 12:48:25,313 - Interaction: PROBABILISTIC vs COOPERATOR, Payoffs: 3, 3
2024-12-01 12:48:25,314 - Interaction: COOPERATOR vs COOPERATOR, Payoffs: 3, 3
2024-12-01 12:48:25,314 - Interaction: COOPERATOR vs COOPERATOR, Payoffs: 3, 3
2024-12-01 12:48:25,315 - Interaction: COOPERATOR vs COOPERATOR, Payoffs: 3, 3
2024-12-01 12:48:25,316 - Interaction: COOPERATOR vs PROBABILISTIC, Payoffs: 3, 3
2024-12-01 12:48:25,316 - Interaction: COOPERATOR vs COOPERATOR, Payoffs: 3, 3
2024-12-01 12:48:25,316 - Interaction: COOPERATOR vs COOPERATOR, Payoffs: 3, 3
2024-12-01 12:48:25,317 - Interaction: COOPERATOR vs COOPERATOR, Payoffs: 3, 3
2024-12-01 12:48:25,317 - Interaction: COOPERATOR vs COOPERATOR, Payoffs: 3, 3
2024-12-01 12:48:25,317 - Interaction: COOPERATOR vs COOPERATOR, Payoffs: 3, 3
2024-12-01 12:48:25,318 - Interaction: COOPERATOR vs COOPERATOR, Payoffs: 3, 3
2024-12-01 12:48:25,318 - Interaction: COOPERATOR vs COOPERATOR, Payoffs: 3, 3
2024-12-01 12:48:25,318 - Interaction: COOPERATOR vs PROBABILISTIC, Payoffs: 3, 3
2024-12-01 12:48:25,318 - Interaction: COOPERATOR vs COOPERATOR, Payoffs: 3, 3
2024-12-01 12:48:25,319 - Interaction: COOPERATOR vs COOPERATOR, Payoffs: 3, 3
2024-12-01 12:48:25,319 - Agents count: 30
2024-12-01 12:48:25,347 - Interaction: COOPERATOR vs COOPERATOR, Payoffs: 3, 3
2024-12-01 12:48:25,347 - Interaction: COOPERATOR vs COOPERATOR, Payoffs: 3, 3
2024-12-01 12:48:25,347 - Interaction: COOPERATOR vs COOPERATOR, Payoffs: 3, 3
2024-12-01 12:48:25,347 - Interaction: COOPERATOR vs COOPERATOR, Payoffs: 3, 3
2024-12-01 12:48:25,350 - Interaction: PROBABILISTIC vs HYBRID, Payoffs: 3, 3
2024-12-01 12:48:25,352 - Interaction: HYBRID vs PROBABILISTIC, Payoffs: 3, 3
2024-12-01 12:48:25,356 - Interaction: COOPERATOR vs COOPERATOR, Payoffs: 3, 3
2024-12-01 12:48:25,357 - Interaction: COOPERATOR vs COOPERATOR, Payoffs: 3, 3
2024-12-01 12:48:25,357 - Interaction: PROBABILISTIC vs COOPERATOR, Payoffs: 3, 3
2024-12-01 12:48:25,357 - Interaction: PROBABILISTIC vs COOPERATOR, Payoffs: 3, 3
2024-12-01 12:48:25,359 - Interaction: COOPERATOR vs COOPERATOR, Payoffs: 3, 3
2024-12-01 12:48:25,359 - Interaction: COOPERATOR vs COOPERATOR, Payoffs: 3, 3
2024-12-01 12:48:25,359 - Interaction: COOPERATOR vs COOPERATOR, Payoffs: 3, 3
2024-12-01 12:48:25,361 - Interaction: COOPERATOR vs PROBABILISTIC, Payoffs: 3, 3
2024-12-01 12:48:25,361 - Interaction: COOPERATOR vs COOPERATOR, Payoffs: 3, 3
2024-12-01 12:48:25,361 - Interaction: COOPERATOR vs COOPERATOR, Payoffs: 3, 3
2024-12-01 12:48:25,362 - Interaction: COOPERATOR vs COOPERATOR, Payoffs: 3, 3
2024-12-01 12:48:25,362 - Interaction: COOPERATOR vs COOPERATOR, Payoffs: 3, 3
2024-12-01 12:48:25,363 - Interaction: COOPERATOR vs COOPERATOR, Payoffs: 3, 3
2024-12-01 12:48:25,363 - Interaction: COOPERATOR vs COOPERATOR, Payoffs: 3, 3
2024-12-01 12:48:25,364 - Interaction: COOPERATOR vs PROBABILISTIC, Payoffs: 3, 3
2024-12-01 12:48:25,364 - Interaction: COOPERATOR vs COOPERATOR, Payoffs: 3, 3
2024-12-01 12:48:25,364 - Agents count: 30
2024-12-01 12:48:25,397 - Interaction: COOPERATOR vs COOPERATOR, Payoffs: 3, 3
2024-12-01 12:48:25,398 - Interaction: COOPERATOR vs COOPERATOR, Payoffs: 3, 3
2024-12-01 12:48:25,398 - Interaction: COOPERATOR vs COOPERATOR, Payoffs: 3, 3
2024-12-01 12:48:25,401 - Interaction: PROBABILISTIC vs HYBRID, Payoffs: 3, 3
2024-12-01 12:48:25,403 - Interaction: HYBRID vs PROBABILISTIC, Payoffs: 3, 3
2024-12-01 12:48:25,405 - Interaction: COOPERATOR vs COOPERATOR, Payoffs: 3, 3
2024-12-01 12:48:25,406 - Interaction: PROBABILISTIC vs COOPERATOR, Payoffs: 3, 3
2024-12-01 12:48:25,407 - Interaction: COOPERATOR vs COOPERATOR, Payoffs: 3, 3
2024-12-01 12:48:25,407 - Interaction: COOPERATOR vs COOPERATOR, Payoffs: 3, 3
2024-12-01 12:48:25,409 - Interaction: COOPERATOR vs COOPERATOR, Payoffs: 3, 3
2024-12-01 12:48:25,409 - Interaction: COOPERATOR vs PROBABILISTIC, Payoffs: 3, 3
2024-12-01 12:48:25,410 - Interaction: COOPERATOR vs COOPERATOR, Payoffs: 3, 3
2024-12-01 12:48:25,410 - Interaction: COOPERATOR vs COOPERATOR, Payoffs: 3, 3
2024-12-01 12:48:25,411 - Interaction: COOPERATOR vs COOPERATOR, Payoffs: 3, 3
2024-12-01 12:48:25,412 - Interaction: COOPERATOR vs COOPERATOR, Payoffs: 3, 3
2024-12-01 12:48:25,412 - Interaction: COOPERATOR vs COOPERATOR, Payoffs: 3, 3
2024-12-01 12:48:25,412 - Agents count: 30
2024-12-01 12:48:25,445 - Interaction: COOPERATOR vs COOPERATOR, Payoffs: 3, 3
2024-12-01 12:48:25,446 - New agent spawned with strategy: COOPERATOR
2024-12-01 12:48:25,446 - Interaction: COOPERATOR vs COOPERATOR, Payoffs: 3, 3
2024-12-01 12:48:25,446 - Interaction: COOPERATOR vs COOPERATOR, Payoffs: 3, 3
2024-12-01 12:48:25,449 - Interaction: PROBABILISTIC vs HYBRID, Payoffs: 3, 3
2024-12-01 12:48:25,451 - Interaction: HYBRID vs PROBABILISTIC, Payoffs: 3, 3
2024-12-01 12:48:25,453 - Interaction: COOPERATOR vs COOPERATOR, Payoffs: 3, 3
2024-12-01 12:48:25,454 - Interaction: PROBABILISTIC vs COOPERATOR, Payoffs: 3, 3
2024-12-01 12:48:25,455 - Interaction: COOPERATOR vs COOPERATOR, Payoffs: 3, 3
2024-12-01 12:48:25,456 - Interaction: COOPERATOR vs COOPERATOR, Payoffs: 3, 3
2024-12-01 12:48:25,457 - Interaction: COOPERATOR vs COOPERATOR, Payoffs: 3, 3
2024-12-01 12:48:25,457 - Interaction: COOPERATOR vs COOPERATOR, Payoffs: 3, 3
2024-12-01 12:48:25,457 - Interaction: COOPERATOR vs COOPERATOR, Payoffs: 3, 3
2024-12-01 12:48:25,457 - Interaction: COOPERATOR vs PROBABILISTIC, Payoffs: 3, 3
2024-12-01 12:48:25,459 - Interaction: COOPERATOR vs COOPERATOR, Payoffs: 3, 3
2024-12-01 12:48:25,459 - Interaction: COOPERATOR vs COOPERATOR, Payoffs: 3, 3
2024-12-01 12:48:25,459 - Interaction: COOPERATOR vs COOPERATOR, Payoffs: 3, 3
2024-12-01 12:48:25,459 - Interaction: COOPERATOR vs COOPERATOR, Payoffs: 3, 3
2024-12-01 12:48:25,459 - Interaction: COOPERATOR vs COOPERATOR, Payoffs: 3, 3
2024-12-01 12:48:25,461 - Interaction: COOPERATOR vs COOPERATOR, Payoffs: 3, 3
2024-12-01 12:48:25,461 - Interaction: COOPERATOR vs COOPERATOR, Payoffs: 3, 3
2024-12-01 12:48:25,872 - Agents count: 31
2024-12-01 12:48:25,913 - Interaction: COOPERATOR vs COOPERATOR, Payoffs: 3, 3
2024-12-01 12:48:25,914 - Interaction: COOPERATOR vs COOPERATOR, Payoffs: 3, 3
2024-12-01 12:48:25,914 - Interaction: COOPERATOR vs COOPERATOR, Payoffs: 3, 3
2024-12-01 12:48:25,915 - Interaction: COOPERATOR vs COOPERATOR, Payoffs: 3, 3
2024-12-01 12:48:25,931 - Interaction: PROBABILISTIC vs COOPERATOR, Payoffs: 3, 3
2024-12-01 12:48:25,935 - Interaction: COOPERATOR vs COOPERATOR, Payoffs: 3, 3
2024-12-01 12:48:25,935 - Interaction: COOPERATOR vs COOPERATOR, Payoffs: 3, 3
2024-12-01 12:48:25,936 - Interaction: COOPERATOR vs COOPERATOR, Payoffs: 3, 3
2024-12-01 12:48:25,937 - Interaction: COOPERATOR vs COOPERATOR, Payoffs: 3, 3
2024-12-01 12:48:25,937 - Interaction: COOPERATOR vs COOPERATOR, Payoffs: 3, 3
2024-12-01 12:48:25,937 - Interaction: COOPERATOR vs COOPERATOR, Payoffs: 3, 3
2024-12-01 12:48:25,937 - Interaction: COOPERATOR vs COOPERATOR, Payoffs: 3, 3
2024-12-01 12:48:25,939 - Interaction: COOPERATOR vs PROBABILISTIC, Payoffs: 3, 3
2024-12-01 12:48:25,940 - Interaction: COOPERATOR vs COOPERATOR, Payoffs: 3, 3
2024-12-01 12:48:25,940 - Interaction: COOPERATOR vs COOPERATOR, Payoffs: 3, 3
2024-12-01 12:48:25,942 - Interaction: COOPERATOR vs COOPERATOR, Payoffs: 3, 3
2024-12-01 12:48:25,943 - Interaction: COOPERATOR vs COOPERATOR, Payoffs: 3, 3
2024-12-01 12:48:25,943 - Interaction: COOPERATOR vs COOPERATOR, Payoffs: 3, 3
2024-12-01 12:48:25,943 - Agents count: 31
2024-12-01 12:48:25,982 - Interaction: COOPERATOR vs COOPERATOR, Payoffs: 3, 3
2024-12-01 12:48:25,983 - New agent spawned with strategy: COOPERATOR
2024-12-01 12:48:25,983 - Interaction: COOPERATOR vs COOPERATOR, Payoffs: 3, 3
2024-12-01 12:48:25,984 - Interaction: COOPERATOR vs COOPERATOR, Payoffs: 3, 3
2024-12-01 12:48:25,984 - Interaction: COOPERATOR vs COOPERATOR, Payoffs: 3, 3
2024-12-01 12:48:25,994 - Interaction: COOPERATOR vs COOPERATOR, Payoffs: 3, 3
2024-12-01 12:48:25,994 - Interaction: COOPERATOR vs COOPERATOR, Payoffs: 3, 3
2024-12-01 12:48:25,996 - Interaction: COOPERATOR vs COOPERATOR, Payoffs: 3, 3
2024-12-01 12:48:25,996 - Interaction: COOPERATOR vs COOPERATOR, Payoffs: 3, 3
2024-12-01 12:48:25,996 - Interaction: COOPERATOR vs COOPERATOR, Payoffs: 3, 3
2024-12-01 12:48:26,000 - Interaction: COOPERATOR vs COOPERATOR, Payoffs: 3, 3
2024-12-01 12:48:26,001 - Interaction: COOPERATOR vs COOPERATOR, Payoffs: 3, 3
2024-12-01 12:48:26,003 - Interaction: COOPERATOR vs COOPERATOR, Payoffs: 3, 3
2024-12-01 12:48:26,004 - Interaction: COOPERATOR vs COOPERATOR, Payoffs: 3, 3
2024-12-01 12:48:26,005 - Interaction: COOPERATOR vs COOPERATOR, Payoffs: 3, 3
2024-12-01 12:48:26,008 - Interaction: COOPERATOR vs COOPERATOR, Payoffs: 3, 3
2024-12-01 12:48:26,009 - Interaction: COOPERATOR vs COOPERATOR, Payoffs: 3, 3
2024-12-01 12:48:26,009 - Interaction: COOPERATOR vs COOPERATOR, Payoffs: 3, 3
2024-12-01 12:48:26,010 - Interaction: COOPERATOR vs COOPERATOR, Payoffs: 3, 3
2024-12-01 12:48:26,335 - Agents count: 32
2024-12-01 12:48:26,361 - Interaction: TEMPORAL vs PROBABILISTIC, Payoffs: 3, 3
2024-12-01 12:48:26,364 - Interaction: COOPERATOR vs COOPERATOR, Payoffs: 3, 3
2024-12-01 12:48:26,364 - Interaction: COOPERATOR vs COOPERATOR, Payoffs: 3, 3
2024-12-01 12:48:26,364 - Interaction: COOPERATOR vs COOPERATOR, Payoffs: 3, 3
2024-12-01 12:48:26,364 - Interaction: COOPERATOR vs COOPERATOR, Payoffs: 3, 3
2024-12-01 12:48:26,364 - Interaction: COOPERATOR vs COOPERATOR, Payoffs: 3, 3
2024-12-01 12:48:26,368 - Interaction: PROBABILISTIC vs TEMPORAL, Payoffs: 3, 3
2024-12-01 12:48:26,371 - Interaction: COOPERATOR vs COOPERATOR, Payoffs: 3, 3
2024-12-01 12:48:26,371 - Interaction: COOPERATOR vs COOPERATOR, Payoffs: 3, 3
2024-12-01 12:48:26,371 - Interaction: COOPERATOR vs COOPERATOR, Payoffs: 3, 3
2024-12-01 12:48:26,372 - Interaction: COOPERATOR vs COOPERATOR, Payoffs: 3, 3
2024-12-01 12:48:26,372 - Interaction: COOPERATOR vs COOPERATOR, Payoffs: 3, 3
2024-12-01 12:48:26,372 - Interaction: COOPERATOR vs COOPERATOR, Payoffs: 3, 3
2024-12-01 12:48:26,373 - Interaction: COOPERATOR vs COOPERATOR, Payoffs: 3, 3
2024-12-01 12:48:26,374 - Interaction: COOPERATOR vs COOPERATOR, Payoffs: 3, 3
2024-12-01 12:48:26,374 - Interaction: COOPERATOR vs COOPERATOR, Payoffs: 3, 3
2024-12-01 12:48:26,375 - Interaction: COOPERATOR vs COOPERATOR, Payoffs: 3, 3
2024-12-01 12:48:26,375 - Interaction: COOPERATOR vs COOPERATOR, Payoffs: 3, 3
2024-12-01 12:48:26,375 - Interaction: COOPERATOR vs COOPERATOR, Payoffs: 3, 3
2024-12-01 12:48:26,375 - Interaction: COOPERATOR vs COOPERATOR, Payoffs: 3, 3
2024-12-01 12:48:26,376 - Interaction: COOPERATOR vs COOPERATOR, Payoffs: 3, 3
2024-12-01 12:48:26,376 - Interaction: COOPERATOR vs COOPERATOR, Payoffs: 3, 3
2024-12-01 12:48:26,376 - Interaction: COOPERATOR vs COOPERATOR, Payoffs: 3, 3
2024-12-01 12:48:26,376 - Interaction: COOPERATOR vs COOPERATOR, Payoffs: 3, 3
2024-12-01 12:48:26,376 - Agents count: 32
2024-12-01 12:48:26,405 - Interaction: TEMPORAL vs PROBABILISTIC, Payoffs: 3, 3
2024-12-01 12:48:26,407 - Interaction: COOPERATOR vs COOPERATOR, Payoffs: 3, 3
2024-12-01 12:48:26,407 - Interaction: COOPERATOR vs COOPERATOR, Payoffs: 3, 3
2024-12-01 12:48:26,407 - Interaction: COOPERATOR vs COOPERATOR, Payoffs: 3, 3
2024-12-01 12:48:26,407 - Interaction: COOPERATOR vs COOPERATOR, Payoffs: 3, 3
2024-12-01 12:48:26,412 - Interaction: PROBABILISTIC vs TEMPORAL, Payoffs: 3, 3
2024-12-01 12:48:26,414 - Interaction: COOPERATOR vs COOPERATOR, Payoffs: 3, 3
2024-12-01 12:48:26,414 - Interaction: COOPERATOR vs COOPERATOR, Payoffs: 3, 3
2024-12-01 12:48:26,414 - Interaction: COOPERATOR vs COOPERATOR, Payoffs: 3, 3
2024-12-01 12:48:26,415 - Interaction: COOPERATOR vs COOPERATOR, Payoffs: 3, 3
2024-12-01 12:48:26,415 - Interaction: COOPERATOR vs COOPERATOR, Payoffs: 3, 3
2024-12-01 12:48:26,416 - Interaction: COOPERATOR vs COOPERATOR, Payoffs: 3, 3
2024-12-01 12:48:26,417 - Interaction: COOPERATOR vs COOPERATOR, Payoffs: 3, 3
2024-12-01 12:48:26,417 - Interaction: COOPERATOR vs COOPERATOR, Payoffs: 3, 3
2024-12-01 12:48:26,417 - Interaction: COOPERATOR vs COOPERATOR, Payoffs: 3, 3
2024-12-01 12:48:26,417 - Interaction: COOPERATOR vs COOPERATOR, Payoffs: 3, 3
2024-12-01 12:48:26,419 - Interaction: COOPERATOR vs COOPERATOR, Payoffs: 3, 3
2024-12-01 12:48:26,419 - Interaction: COOPERATOR vs COOPERATOR, Payoffs: 3, 3
2024-12-01 12:48:26,420 - Interaction: COOPERATOR vs COOPERATOR, Payoffs: 3, 3
2024-12-01 12:48:26,420 - Interaction: COOPERATOR vs COOPERATOR, Payoffs: 3, 3
2024-12-01 12:48:26,420 - Agents count: 32
2024-12-01 12:48:26,445 - Interaction: TEMPORAL vs PROBABILISTIC, Payoffs: 3, 3
2024-12-01 12:48:26,447 - Interaction: COOPERATOR vs COOPERATOR, Payoffs: 3, 3
2024-12-01 12:48:26,447 - Interaction: COOPERATOR vs COOPERATOR, Payoffs: 3, 3
2024-12-01 12:48:26,447 - Interaction: COOPERATOR vs COOPERATOR, Payoffs: 3, 3
2024-12-01 12:48:26,453 - Interaction: PROBABILISTIC vs TEMPORAL, Payoffs: 3, 3
2024-12-01 12:48:26,455 - Interaction: COOPERATOR vs COOPERATOR, Payoffs: 3, 3
2024-12-01 12:48:26,455 - Interaction: COOPERATOR vs COOPERATOR, Payoffs: 3, 3
2024-12-01 12:48:26,456 - Interaction: COOPERATOR vs COOPERATOR, Payoffs: 3, 3
2024-12-01 12:48:26,456 - Interaction: COOPERATOR vs COOPERATOR, Payoffs: 3, 3
2024-12-01 12:48:26,456 - Interaction: COOPERATOR vs COOPERATOR, Payoffs: 3, 3
2024-12-01 12:48:26,457 - Interaction: COOPERATOR vs COOPERATOR, Payoffs: 3, 3
2024-12-01 12:48:26,457 - Interaction: COOPERATOR vs COOPERATOR, Payoffs: 3, 3
2024-12-01 12:48:26,459 - Interaction: COOPERATOR vs COOPERATOR, Payoffs: 3, 3
2024-12-01 12:48:26,459 - Interaction: COOPERATOR vs COOPERATOR, Payoffs: 3, 3
2024-12-01 12:48:26,459 - Interaction: COOPERATOR vs COOPERATOR, Payoffs: 3, 3
2024-12-01 12:48:26,460 - Interaction: COOPERATOR vs COOPERATOR, Payoffs: 3, 3
2024-12-01 12:48:26,460 - Interaction: COOPERATOR vs COOPERATOR, Payoffs: 3, 3
2024-12-01 12:48:26,461 - Interaction: COOPERATOR vs COOPERATOR, Payoffs: 3, 3
2024-12-01 12:48:26,461 - Agents count: 32
2024-12-01 12:48:26,492 - Interaction: TEMPORAL vs PROBABILISTIC, Payoffs: 3, 3
2024-12-01 12:48:26,492 - New agent spawned with strategy: PROBABILISTIC
2024-12-01 12:48:26,494 - Interaction: COOPERATOR vs COOPERATOR, Payoffs: 3, 3
2024-12-01 12:48:26,494 - Interaction: COOPERATOR vs COOPERATOR, Payoffs: 3, 3
2024-12-01 12:48:26,497 - Interaction: DEFECTOR vs COOPERATOR, Payoffs: 5, 0
2024-12-01 12:48:26,499 - Interaction: PROBABILISTIC vs TEMPORAL, Payoffs: 3, 3
2024-12-01 12:48:26,501 - Interaction: COOPERATOR vs DEFECTOR, Payoffs: 0, 5
2024-12-01 12:48:26,501 - Interaction: COOPERATOR vs COOPERATOR, Payoffs: 3, 3
2024-12-01 12:48:26,502 - Interaction: COOPERATOR vs COOPERATOR, Payoffs: 3, 3
2024-12-01 12:48:26,503 - Interaction: COOPERATOR vs COOPERATOR, Payoffs: 3, 3
2024-12-01 12:48:26,503 - Interaction: COOPERATOR vs COOPERATOR, Payoffs: 3, 3
2024-12-01 12:48:26,505 - Interaction: COOPERATOR vs COOPERATOR, Payoffs: 3, 3
2024-12-01 12:48:26,506 - Interaction: COOPERATOR vs COOPERATOR, Payoffs: 3, 3
2024-12-01 12:48:26,506 - Interaction: COOPERATOR vs COOPERATOR, Payoffs: 3, 3
2024-12-01 12:48:26,507 - Interaction: COOPERATOR vs COOPERATOR, Payoffs: 3, 3
2024-12-01 12:48:26,507 - Interaction: COOPERATOR vs COOPERATOR, Payoffs: 3, 3
2024-12-01 12:48:26,507 - Interaction: COOPERATOR vs COOPERATOR, Payoffs: 3, 3
2024-12-01 12:48:26,507 - Interaction: PROBABILISTIC vs TEMPORAL, Payoffs: 3, 3
2024-12-01 12:48:26,508 - Interaction: PROBABILISTIC vs PROBABILISTIC, Payoffs: 5, 0
2024-12-01 12:48:26,508 - Agents count: 33
2024-12-01 12:48:26,539 - Interaction: TEMPORAL vs PROBABILISTIC, Payoffs: 3, 3
2024-12-01 12:48:26,540 - Interaction: TEMPORAL vs PROBABILISTIC, Payoffs: 0, 5
2024-12-01 12:48:26,541 - Interaction: COOPERATOR vs COOPERATOR, Payoffs: 3, 3
2024-12-01 12:48:26,541 - Interaction: COOPERATOR vs COOPERATOR, Payoffs: 3, 3
2024-12-01 12:48:26,544 - Interaction: DEFECTOR vs COOPERATOR, Payoffs: 5, 0
2024-12-01 12:48:26,546 - Interaction: PROBABILISTIC vs TEMPORAL, Payoffs: 3, 3
2024-12-01 12:48:26,546 - Interaction: PROBABILISTIC vs PROBABILISTIC, Payoffs: 0, 5
2024-12-01 12:48:26,549 - Interaction: COOPERATOR vs DEFECTOR, Payoffs: 0, 5
2024-12-01 12:48:26,549 - Interaction: COOPERATOR vs COOPERATOR, Payoffs: 3, 3
2024-12-01 12:48:26,550 - Interaction: COOPERATOR vs COOPERATOR, Payoffs: 3, 3
2024-12-01 12:48:26,551 - Interaction: COOPERATOR vs COOPERATOR, Payoffs: 3, 3
2024-12-01 12:48:26,552 - Interaction: COOPERATOR vs COOPERATOR, Payoffs: 3, 3
2024-12-01 12:48:26,554 - Interaction: COOPERATOR vs COOPERATOR, Payoffs: 3, 3
2024-12-01 12:48:26,555 - Interaction: COOPERATOR vs COOPERATOR, Payoffs: 3, 3
2024-12-01 12:48:26,556 - Interaction: COOPERATOR vs COOPERATOR, Payoffs: 3, 3
2024-12-01 12:48:26,556 - Interaction: COOPERATOR vs COOPERATOR, Payoffs: 3, 3
2024-12-01 12:48:26,557 - Interaction: PROBABILISTIC vs TEMPORAL, Payoffs: 5, 0
2024-12-01 12:48:26,557 - Interaction: PROBABILISTIC vs PROBABILISTIC, Payoffs: 5, 0
2024-12-01 12:48:26,889 - Agents count: 33
2024-12-01 12:48:26,930 - Interaction: TEMPORAL vs PROBABILISTIC, Payoffs: 3, 3
2024-12-01 12:48:26,930 - Interaction: TEMPORAL vs PROBABILISTIC, Payoffs: 0, 5
2024-12-01 12:48:26,933 - Interaction: COOPERATOR vs COOPERATOR, Payoffs: 3, 3
2024-12-01 12:48:26,933 - Interaction: COOPERATOR vs COOPERATOR, Payoffs: 3, 3
2024-12-01 12:48:26,935 - Interaction: DEFECTOR vs COOPERATOR, Payoffs: 5, 0
2024-12-01 12:48:26,938 - Interaction: PROBABILISTIC vs TEMPORAL, Payoffs: 3, 3
2024-12-01 12:48:26,939 - Interaction: PROBABILISTIC vs PROBABILISTIC, Payoffs: 0, 5
2024-12-01 12:48:26,941 - Interaction: COOPERATOR vs DEFECTOR, Payoffs: 0, 5
2024-12-01 12:48:26,941 - Interaction: COOPERATOR vs COOPERATOR, Payoffs: 3, 3
2024-12-01 12:48:26,941 - Interaction: COOPERATOR vs COOPERATOR, Payoffs: 3, 3
2024-12-01 12:48:26,942 - Interaction: COOPERATOR vs COOPERATOR, Payoffs: 3, 3
2024-12-01 12:48:26,943 - Interaction: COOPERATOR vs COOPERATOR, Payoffs: 3, 3
2024-12-01 12:48:26,943 - Interaction: COOPERATOR vs COOPERATOR, Payoffs: 3, 3
2024-12-01 12:48:26,943 - Interaction: COOPERATOR vs COOPERATOR, Payoffs: 3, 3
2024-12-01 12:48:26,944 - Interaction: COOPERATOR vs COOPERATOR, Payoffs: 3, 3
2024-12-01 12:48:26,944 - Interaction: COOPERATOR vs COOPERATOR, Payoffs: 3, 3
2024-12-01 12:48:26,944 - Interaction: PROBABILISTIC vs TEMPORAL, Payoffs: 5, 0
2024-12-01 12:48:26,945 - Interaction: PROBABILISTIC vs PROBABILISTIC, Payoffs: 5, 0
2024-12-01 12:48:26,945 - Agents count: 33
2024-12-01 12:48:26,972 - Interaction: TEMPORAL vs PROBABILISTIC, Payoffs: 3, 3
2024-12-01 12:48:26,972 - Interaction: TEMPORAL vs PROBABILISTIC, Payoffs: 0, 5
2024-12-01 12:48:26,974 - Interaction: COOPERATOR vs COOPERATOR, Payoffs: 3, 3
2024-12-01 12:48:26,976 - Interaction: DEFECTOR vs COOPERATOR, Payoffs: 5, 0
2024-12-01 12:48:26,977 - Interaction: COOPERATOR vs COOPERATOR, Payoffs: 3, 3
2024-12-01 12:48:26,978 - Interaction: PROBABILISTIC vs TEMPORAL, Payoffs: 3, 3
2024-12-01 12:48:26,978 - Interaction: PROBABILISTIC vs PROBABILISTIC, Payoffs: 0, 5
2024-12-01 12:48:26,979 - Interaction: COOPERATOR vs DEFECTOR, Payoffs: 0, 5
2024-12-01 12:48:26,980 - Interaction: COOPERATOR vs COOPERATOR, Payoffs: 3, 3
2024-12-01 12:48:26,980 - Interaction: COOPERATOR vs COOPERATOR, Payoffs: 3, 3
2024-12-01 12:48:26,981 - Interaction: COOPERATOR vs COOPERATOR, Payoffs: 3, 3
2024-12-01 12:48:26,982 - Interaction: COOPERATOR vs COOPERATOR, Payoffs: 3, 3
2024-12-01 12:48:26,983 - Interaction: COOPERATOR vs COOPERATOR, Payoffs: 3, 3
2024-12-01 12:48:26,984 - Interaction: COOPERATOR vs COOPERATOR, Payoffs: 3, 3
2024-12-01 12:48:26,984 - Interaction: PROBABILISTIC vs TEMPORAL, Payoffs: 5, 0
2024-12-01 12:48:26,985 - Interaction: PROBABILISTIC vs PROBABILISTIC, Payoffs: 5, 0
2024-12-01 12:48:26,985 - Agents count: 33
2024-12-01 12:48:27,010 - Interaction: TEMPORAL vs PROBABILISTIC, Payoffs: 3, 3
2024-12-01 12:48:27,011 - New agent spawned with strategy: PROBABILISTIC
2024-12-01 12:48:27,011 - Interaction: TEMPORAL vs PROBABILISTIC, Payoffs: 0, 5
2024-12-01 12:48:27,013 - Interaction: COOPERATOR vs COOPERATOR, Payoffs: 3, 3
2024-12-01 12:48:27,016 - Interaction: DEFECTOR vs COOPERATOR, Payoffs: 5, 0
2024-12-01 12:48:27,019 - Interaction: COOPERATOR vs COOPERATOR, Payoffs: 3, 3
2024-12-01 12:48:27,019 - Interaction: PROBABILISTIC vs TEMPORAL, Payoffs: 3, 3
2024-12-01 12:48:27,020 - Interaction: PROBABILISTIC vs PROBABILISTIC, Payoffs: 0, 5
2024-12-01 12:48:27,025 - Interaction: COOPERATOR vs DEFECTOR, Payoffs: 0, 5
2024-12-01 12:48:27,027 - Interaction: COOPERATOR vs COOPERATOR, Payoffs: 3, 3
2024-12-01 12:48:27,027 - Interaction: COOPERATOR vs COOPERATOR, Payoffs: 3, 3
2024-12-01 12:48:27,029 - Interaction: COOPERATOR vs COOPERATOR, Payoffs: 3, 3
2024-12-01 12:48:27,029 - Interaction: COOPERATOR vs COOPERATOR, Payoffs: 3, 3
2024-12-01 12:48:27,029 - Interaction: PROBABILISTIC vs TEMPORAL, Payoffs: 5, 0
2024-12-01 12:48:27,029 - Interaction: PROBABILISTIC vs PROBABILISTIC, Payoffs: 5, 0
2024-12-01 12:48:27,030 - Interaction: PROBABILISTIC vs TEMPORAL, Payoffs: 3, 3
2024-12-01 12:48:27,030 - Interaction: PROBABILISTIC vs PROBABILISTIC, Payoffs: 3, 3
2024-12-01 12:48:27,031 - Interaction: PROBABILISTIC vs PROBABILISTIC, Payoffs: 0, 5
2024-12-01 12:48:27,031 - Agents count: 34
2024-12-01 12:48:27,076 - Interaction: PROBABILISTIC vs COOPERATOR, Payoffs: 5, 0
2024-12-01 12:48:27,076 - Interaction: TEMPORAL vs PROBABILISTIC, Payoffs: 3, 3
2024-12-01 12:48:27,077 - Interaction: TEMPORAL vs PROBABILISTIC, Payoffs: 0, 5
2024-12-01 12:48:27,077 - Interaction: TEMPORAL vs PROBABILISTIC, Payoffs: 0, 5
2024-12-01 12:48:27,079 - Interaction: COOPERATOR vs COOPERATOR, Payoffs: 3, 3
2024-12-01 12:48:27,086 - Interaction: DEFECTOR vs COOPERATOR, Payoffs: 5, 0
2024-12-01 12:48:27,091 - Interaction: COOPERATOR vs COOPERATOR, Payoffs: 3, 3
2024-12-01 12:48:27,092 - Interaction: PROBABILISTIC vs TEMPORAL, Payoffs: 3, 3
2024-12-01 12:48:27,093 - Interaction: PROBABILISTIC vs PROBABILISTIC, Payoffs: 0, 5
2024-12-01 12:48:27,093 - Interaction: PROBABILISTIC vs PROBABILISTIC, Payoffs: 0, 5
2024-12-01 12:48:27,096 - Interaction: COOPERATOR vs DEFECTOR, Payoffs: 0, 5
2024-12-01 12:48:27,098 - Interaction: COOPERATOR vs COOPERATOR, Payoffs: 3, 3
2024-12-01 12:48:27,099 - Interaction: COOPERATOR vs COOPERATOR, Payoffs: 3, 3
2024-12-01 12:48:27,101 - Interaction: COOPERATOR vs PROBABILISTIC, Payoffs: 0, 5
2024-12-01 12:48:27,105 - Interaction: PROBABILISTIC vs TEMPORAL, Payoffs: 5, 0
2024-12-01 12:48:27,106 - Interaction: PROBABILISTIC vs PROBABILISTIC, Payoffs: 5, 0
2024-12-01 12:48:27,108 - Interaction: PROBABILISTIC vs PROBABILISTIC, Payoffs: 1, 1
2024-12-01 12:48:27,109 - Interaction: PROBABILISTIC vs TEMPORAL, Payoffs: 5, 0
2024-12-01 12:48:27,109 - Interaction: PROBABILISTIC vs PROBABILISTIC, Payoffs: 5, 0
2024-12-01 12:48:27,109 - Interaction: PROBABILISTIC vs PROBABILISTIC, Payoffs: 1, 1
2024-12-01 12:48:27,471 - Agents count: 34
2024-12-01 12:48:27,500 - Interaction: PROBABILISTIC vs COOPERATOR, Payoffs: 5, 0
2024-12-01 12:48:27,501 - Interaction: TEMPORAL vs PROBABILISTIC, Payoffs: 3, 3
2024-12-01 12:48:27,502 - Interaction: TEMPORAL vs PROBABILISTIC, Payoffs: 0, 5
2024-12-01 12:48:27,502 - Interaction: TEMPORAL vs PROBABILISTIC, Payoffs: 0, 5
2024-12-01 12:48:27,504 - Interaction: COOPERATOR vs COOPERATOR, Payoffs: 3, 3
2024-12-01 12:48:27,509 - Interaction: DEFECTOR vs COOPERATOR, Payoffs: 5, 0
2024-12-01 12:48:27,511 - Interaction: COOPERATOR vs COOPERATOR, Payoffs: 3, 3
2024-12-01 12:48:27,511 - New agent spawned with strategy: COOPERATOR
2024-12-01 12:48:27,512 - Interaction: PROBABILISTIC vs TEMPORAL, Payoffs: 3, 3
2024-12-01 12:48:27,513 - Interaction: PROBABILISTIC vs PROBABILISTIC, Payoffs: 0, 5
2024-12-01 12:48:27,513 - Interaction: PROBABILISTIC vs PROBABILISTIC, Payoffs: 0, 5
2024-12-01 12:48:27,520 - Interaction: COOPERATOR vs DEFECTOR, Payoffs: 0, 5
2024-12-01 12:48:27,521 - Interaction: COOPERATOR vs COOPERATOR, Payoffs: 3, 3
2024-12-01 12:48:27,522 - Interaction: COOPERATOR vs COOPERATOR, Payoffs: 3, 3
2024-12-01 12:48:27,524 - Interaction: COOPERATOR vs PROBABILISTIC, Payoffs: 0, 5
2024-12-01 12:48:27,526 - Interaction: PROBABILISTIC vs TEMPORAL, Payoffs: 5, 0
2024-12-01 12:48:27,527 - Interaction: PROBABILISTIC vs PROBABILISTIC, Payoffs: 5, 0
2024-12-01 12:48:27,529 - Interaction: PROBABILISTIC vs PROBABILISTIC, Payoffs: 1, 1
2024-12-01 12:48:27,529 - Interaction: PROBABILISTIC vs TEMPORAL, Payoffs: 5, 0
2024-12-01 12:48:27,530 - Interaction: PROBABILISTIC vs PROBABILISTIC, Payoffs: 5, 0
2024-12-01 12:48:27,531 - Interaction: PROBABILISTIC vs PROBABILISTIC, Payoffs: 1, 1
2024-12-01 12:48:27,532 - Interaction: COOPERATOR vs COOPERATOR, Payoffs: 3, 3
2024-12-01 12:48:27,533 - Interaction: COOPERATOR vs COOPERATOR, Payoffs: 3, 3
2024-12-01 12:48:27,533 - Agents count: 35
2024-12-01 12:48:27,585 - Interaction: PROBABILISTIC vs COOPERATOR, Payoffs: 5, 0
2024-12-01 12:48:27,586 - Interaction: TEMPORAL vs PROBABILISTIC, Payoffs: 3, 3
2024-12-01 12:48:27,587 - Interaction: TEMPORAL vs PROBABILISTIC, Payoffs: 0, 5
2024-12-01 12:48:27,587 - Interaction: TEMPORAL vs PROBABILISTIC, Payoffs: 0, 5
2024-12-01 12:48:27,590 - Interaction: COOPERATOR vs COOPERATOR, Payoffs: 3, 3
2024-12-01 12:48:27,597 - Interaction: DEFECTOR vs COOPERATOR, Payoffs: 5, 0
2024-12-01 12:48:27,601 - Interaction: COOPERATOR vs COOPERATOR, Payoffs: 3, 3
2024-12-01 12:48:27,601 - Interaction: COOPERATOR vs COOPERATOR, Payoffs: 3, 3
2024-12-01 12:48:27,602 - Interaction: PROBABILISTIC vs TEMPORAL, Payoffs: 3, 3
2024-12-01 12:48:27,603 - Interaction: PROBABILISTIC vs PROBABILISTIC, Payoffs: 0, 5
2024-12-01 12:48:27,604 - Interaction: PROBABILISTIC vs PROBABILISTIC, Payoffs: 0, 5
2024-12-01 12:48:27,609 - Interaction: COOPERATOR vs DEFECTOR, Payoffs: 0, 5
2024-12-01 12:48:27,610 - Interaction: COOPERATOR vs COOPERATOR, Payoffs: 3, 3
2024-12-01 12:48:27,612 - Interaction: COOPERATOR vs COOPERATOR, Payoffs: 3, 3
2024-12-01 12:48:27,612 - Interaction: COOPERATOR vs COOPERATOR, Payoffs: 3, 3
2024-12-01 12:48:27,614 - Interaction: COOPERATOR vs PROBABILISTIC, Payoffs: 0, 5
2024-12-01 12:48:27,617 - Interaction: PROBABILISTIC vs TEMPORAL, Payoffs: 5, 0
2024-12-01 12:48:27,619 - Interaction: PROBABILISTIC vs PROBABILISTIC, Payoffs: 5, 0
2024-12-01 12:48:27,619 - Interaction: PROBABILISTIC vs PROBABILISTIC, Payoffs: 1, 1
2024-12-01 12:48:27,620 - Interaction: PROBABILISTIC vs TEMPORAL, Payoffs: 5, 0
2024-12-01 12:48:27,620 - Interaction: PROBABILISTIC vs PROBABILISTIC, Payoffs: 5, 0
2024-12-01 12:48:27,621 - Interaction: PROBABILISTIC vs PROBABILISTIC, Payoffs: 1, 1
2024-12-01 12:48:27,623 - Interaction: COOPERATOR vs COOPERATOR, Payoffs: 3, 3
2024-12-01 12:48:27,623 - Interaction: COOPERATOR vs COOPERATOR, Payoffs: 3, 3
2024-12-01 12:48:28,036 - Agents count: 35
2024-12-01 12:48:28,064 - Interaction: PROBABILISTIC vs COOPERATOR, Payoffs: 5, 0
2024-12-01 12:48:28,064 - Interaction: TEMPORAL vs PROBABILISTIC, Payoffs: 0, 5
2024-12-01 12:48:28,065 - Interaction: TEMPORAL vs PROBABILISTIC, Payoffs: 0, 5
2024-12-01 12:48:28,066 - Interaction: COOPERATOR vs COOPERATOR, Payoffs: 3, 3
2024-12-01 12:48:28,066 - New agent spawned with strategy: COOPERATOR
2024-12-01 12:48:28,069 - Interaction: DEFECTOR vs PROBABILISTIC, Payoffs: 5, 0
2024-12-01 12:48:28,069 - Interaction: DEFECTOR vs COOPERATOR, Payoffs: 5, 0
2024-12-01 12:48:28,070 - Interaction: COOPERATOR vs COOPERATOR, Payoffs: 3, 3
2024-12-01 12:48:28,071 - Interaction: PROBABILISTIC vs PROBABILISTIC, Payoffs: 0, 5
2024-12-01 12:48:28,071 - Interaction: PROBABILISTIC vs PROBABILISTIC, Payoffs: 0, 5
2024-12-01 12:48:28,073 - Interaction: PROBABILISTIC vs DEFECTOR, Payoffs: 0, 5
2024-12-01 12:48:28,074 - Interaction: COOPERATOR vs DEFECTOR, Payoffs: 0, 5
2024-12-01 12:48:28,075 - Interaction: COOPERATOR vs COOPERATOR, Payoffs: 3, 3
2024-12-01 12:48:28,075 - Interaction: COOPERATOR vs COOPERATOR, Payoffs: 3, 3
2024-12-01 12:48:28,076 - Interaction: COOPERATOR vs PROBABILISTIC, Payoffs: 0, 5
2024-12-01 12:48:28,077 - Interaction: PROBABILISTIC vs TEMPORAL, Payoffs: 5, 0
2024-12-01 12:48:28,077 - Interaction: PROBABILISTIC vs PROBABILISTIC, Payoffs: 5, 0
2024-12-01 12:48:28,077 - Interaction: PROBABILISTIC vs PROBABILISTIC, Payoffs: 1, 1
2024-12-01 12:48:28,077 - Interaction: PROBABILISTIC vs TEMPORAL, Payoffs: 5, 0
2024-12-01 12:48:28,079 - Interaction: PROBABILISTIC vs PROBABILISTIC, Payoffs: 5, 0
2024-12-01 12:48:28,079 - Interaction: PROBABILISTIC vs PROBABILISTIC, Payoffs: 1, 1
2024-12-01 12:48:28,079 - Interaction: COOPERATOR vs COOPERATOR, Payoffs: 3, 3
2024-12-01 12:48:28,079 - Interaction: COOPERATOR vs COOPERATOR, Payoffs: 3, 3
2024-12-01 12:48:28,080 - Interaction: COOPERATOR vs COOPERATOR, Payoffs: 3, 3
2024-12-01 12:48:28,080 - Interaction: COOPERATOR vs COOPERATOR, Payoffs: 3, 3
2024-12-01 12:48:28,080 - Agents count: 36
2024-12-01 12:48:28,109 - Interaction: PROBABILISTIC vs COOPERATOR, Payoffs: 5, 0
2024-12-01 12:48:28,109 - Interaction: TEMPORAL vs PROBABILISTIC, Payoffs: 0, 5
2024-12-01 12:48:28,109 - Interaction: TEMPORAL vs PROBABILISTIC, Payoffs: 3, 3
2024-12-01 12:48:28,111 - Interaction: COOPERATOR vs COOPERATOR, Payoffs: 3, 3
2024-12-01 12:48:28,111 - Interaction: COOPERATOR vs COOPERATOR, Payoffs: 3, 3
2024-12-01 12:48:28,112 - Interaction: PROBABILISTIC vs PROBABILISTIC, Payoffs: 5, 0
2024-12-01 12:48:28,113 - Interaction: PROBABILISTIC vs PROBABILISTIC, Payoffs: 0, 5
2024-12-01 12:48:28,115 - Interaction: DEFECTOR vs PROBABILISTIC, Payoffs: 5, 0
2024-12-01 12:48:28,115 - Interaction: DEFECTOR vs COOPERATOR, Payoffs: 5, 0
2024-12-01 12:48:28,117 - Interaction: COOPERATOR vs COOPERATOR, Payoffs: 3, 3
2024-12-01 12:48:28,117 - Interaction: PROBABILISTIC vs PROBABILISTIC, Payoffs: 0, 5
2024-12-01 12:48:28,117 - Interaction: PROBABILISTIC vs PROBABILISTIC, Payoffs: 3, 3
2024-12-01 12:48:28,119 - Interaction: PROBABILISTIC vs DEFECTOR, Payoffs: 0, 5
2024-12-01 12:48:28,121 - Interaction: COOPERATOR vs DEFECTOR, Payoffs: 0, 5
2024-12-01 12:48:28,121 - Interaction: COOPERATOR vs COOPERATOR, Payoffs: 3, 3
2024-12-01 12:48:28,122 - Interaction: COOPERATOR vs COOPERATOR, Payoffs: 3, 3
2024-12-01 12:48:28,122 - Interaction: COOPERATOR vs COOPERATOR, Payoffs: 3, 3
2024-12-01 12:48:28,123 - Interaction: COOPERATOR vs PROBABILISTIC, Payoffs: 0, 5
2024-12-01 12:48:28,124 - Interaction: PROBABILISTIC vs TEMPORAL, Payoffs: 5, 0
2024-12-01 12:48:28,124 - Interaction: PROBABILISTIC vs PROBABILISTIC, Payoffs: 5, 0
2024-12-01 12:48:28,124 - Interaction: PROBABILISTIC vs PROBABILISTIC, Payoffs: 5, 0
2024-12-01 12:48:28,125 - Interaction: PROBABILISTIC vs TEMPORAL, Payoffs: 3, 3
2024-12-01 12:48:28,125 - Interaction: PROBABILISTIC vs PROBABILISTIC, Payoffs: 3, 3
2024-12-01 12:48:28,125 - Interaction: PROBABILISTIC vs PROBABILISTIC, Payoffs: 0, 5
2024-12-01 12:48:28,126 - Interaction: COOPERATOR vs COOPERATOR, Payoffs: 3, 3
2024-12-01 12:48:28,126 - Interaction: COOPERATOR vs COOPERATOR, Payoffs: 3, 3
2024-12-01 12:48:28,127 - Interaction: COOPERATOR vs COOPERATOR, Payoffs: 3, 3
2024-12-01 12:48:28,127 - Interaction: COOPERATOR vs COOPERATOR, Payoffs: 3, 3
2024-12-01 12:48:28,405 - Agents count: 36
2024-12-01 12:48:28,427 - Interaction: PROBABILISTIC vs COOPERATOR, Payoffs: 5, 0
2024-12-01 12:48:28,427 - Interaction: TEMPORAL vs PROBABILISTIC, Payoffs: 0, 5
2024-12-01 12:48:28,428 - Interaction: TEMPORAL vs PROBABILISTIC, Payoffs: 3, 3
2024-12-01 12:48:28,429 - Interaction: COOPERATOR vs COOPERATOR, Payoffs: 3, 3
2024-12-01 12:48:28,429 - Interaction: COOPERATOR vs COOPERATOR, Payoffs: 3, 3
2024-12-01 12:48:28,429 - Interaction: PROBABILISTIC vs PROBABILISTIC, Payoffs: 5, 0
2024-12-01 12:48:28,430 - Interaction: PROBABILISTIC vs PROBABILISTIC, Payoffs: 0, 5
2024-12-01 12:48:28,431 - Interaction: DEFECTOR vs COOPERATOR, Payoffs: 5, 0
2024-12-01 12:48:28,433 - Interaction: COOPERATOR vs COOPERATOR, Payoffs: 3, 3
2024-12-01 12:48:28,433 - Interaction: PROBABILISTIC vs PROBABILISTIC, Payoffs: 1, 1
2024-12-01 12:48:28,434 - Interaction: PROBABILISTIC vs PROBABILISTIC, Payoffs: 5, 0
2024-12-01 12:48:28,435 - Interaction: COOPERATOR vs DEFECTOR, Payoffs: 0, 5
2024-12-01 12:48:28,436 - Interaction: COOPERATOR vs COOPERATOR, Payoffs: 3, 3
2024-12-01 12:48:28,436 - Interaction: COOPERATOR vs COOPERATOR, Payoffs: 3, 3
2024-12-01 12:48:28,436 - Interaction: COOPERATOR vs COOPERATOR, Payoffs: 3, 3
2024-12-01 12:48:28,437 - Interaction: COOPERATOR vs PROBABILISTIC, Payoffs: 3, 3
2024-12-01 12:48:28,437 - Interaction: PROBABILISTIC vs TEMPORAL, Payoffs: 5, 0
2024-12-01 12:48:28,438 - Interaction: PROBABILISTIC vs PROBABILISTIC, Payoffs: 1, 1
2024-12-01 12:48:28,438 - Interaction: PROBABILISTIC vs PROBABILISTIC, Payoffs: 5, 0
2024-12-01 12:48:28,438 - Interaction: PROBABILISTIC vs TEMPORAL, Payoffs: 3, 3
2024-12-01 12:48:28,438 - Interaction: PROBABILISTIC vs PROBABILISTIC, Payoffs: 0, 5
2024-12-01 12:48:28,438 - Interaction: PROBABILISTIC vs PROBABILISTIC, Payoffs: 0, 5
2024-12-01 12:48:28,439 - Interaction: COOPERATOR vs COOPERATOR, Payoffs: 3, 3
2024-12-01 12:48:28,439 - Interaction: COOPERATOR vs COOPERATOR, Payoffs: 3, 3
2024-12-01 12:48:28,439 - Interaction: COOPERATOR vs COOPERATOR, Payoffs: 3, 3
2024-12-01 12:48:28,439 - Interaction: COOPERATOR vs COOPERATOR, Payoffs: 3, 3
2024-12-01 12:48:28,439 - Agents count: 36
2024-12-01 12:48:28,462 - Interaction: PROBABILISTIC vs COOPERATOR, Payoffs: 3, 3
2024-12-01 12:48:28,464 - Interaction: TEMPORAL vs PROBABILISTIC, Payoffs: 0, 5
2024-12-01 12:48:28,464 - Interaction: TEMPORAL vs PROBABILISTIC, Payoffs: 3, 3
2024-12-01 12:48:28,465 - Interaction: COOPERATOR vs COOPERATOR, Payoffs: 3, 3
2024-12-01 12:48:28,465 - Interaction: COOPERATOR vs COOPERATOR, Payoffs: 3, 3
2024-12-01 12:48:28,467 - Interaction: PROBABILISTIC vs PROBABILISTIC, Payoffs: 5, 0
2024-12-01 12:48:28,468 - Interaction: PROBABILISTIC vs PROBABILISTIC, Payoffs: 0, 5
2024-12-01 12:48:28,469 - Interaction: DEFECTOR vs COOPERATOR, Payoffs: 5, 0
2024-12-01 12:48:28,470 - Interaction: COOPERATOR vs COOPERATOR, Payoffs: 3, 3
2024-12-01 12:48:28,470 - Interaction: PROBABILISTIC vs PROBABILISTIC, Payoffs: 1, 1
2024-12-01 12:48:28,470 - Interaction: PROBABILISTIC vs PROBABILISTIC, Payoffs: 5, 0
2024-12-01 12:48:28,472 - Interaction: COOPERATOR vs DEFECTOR, Payoffs: 0, 5
2024-12-01 12:48:28,472 - Interaction: COOPERATOR vs COOPERATOR, Payoffs: 3, 3
2024-12-01 12:48:28,472 - Interaction: COOPERATOR vs COOPERATOR, Payoffs: 3, 3
2024-12-01 12:48:28,473 - Interaction: COOPERATOR vs PROBABILISTIC, Payoffs: 3, 3
2024-12-01 12:48:28,474 - Interaction: PROBABILISTIC vs TEMPORAL, Payoffs: 5, 0
2024-12-01 12:48:28,474 - Interaction: PROBABILISTIC vs PROBABILISTIC, Payoffs: 0, 5
2024-12-01 12:48:28,474 - Interaction: PROBABILISTIC vs PROBABILISTIC, Payoffs: 3, 3
2024-12-01 12:48:28,474 - Interaction: PROBABILISTIC vs TEMPORAL, Payoffs: 3, 3
2024-12-01 12:48:28,474 - Interaction: PROBABILISTIC vs PROBABILISTIC, Payoffs: 0, 5
2024-12-01 12:48:28,475 - Interaction: PROBABILISTIC vs PROBABILISTIC, Payoffs: 3, 3
2024-12-01 12:48:28,475 - Interaction: COOPERATOR vs COOPERATOR, Payoffs: 3, 3
2024-12-01 12:48:28,475 - Interaction: COOPERATOR vs COOPERATOR, Payoffs: 3, 3
2024-12-01 12:48:28,476 - Interaction: COOPERATOR vs COOPERATOR, Payoffs: 3, 3
2024-12-01 12:48:28,476 - Agents count: 36
2024-12-01 12:48:28,501 - Interaction: PROBABILISTIC vs COOPERATOR, Payoffs: 3, 3
2024-12-01 12:48:28,502 - Interaction: TEMPORAL vs PROBABILISTIC, Payoffs: 3, 3
2024-12-01 12:48:28,502 - Interaction: TEMPORAL vs PROBABILISTIC, Payoffs: 3, 3
2024-12-01 12:48:28,503 - Interaction: COOPERATOR vs COOPERATOR, Payoffs: 3, 3
2024-12-01 12:48:28,503 - Interaction: COOPERATOR vs COOPERATOR, Payoffs: 3, 3
2024-12-01 12:48:28,504 - Interaction: PROBABILISTIC vs PROBABILISTIC, Payoffs: 5, 0
2024-12-01 12:48:28,506 - Interaction: PROBABILISTIC vs PROBABILISTIC, Payoffs: 0, 5
2024-12-01 12:48:28,507 - Interaction: DEFECTOR vs COOPERATOR, Payoffs: 5, 0
2024-12-01 12:48:28,508 - Interaction: COOPERATOR vs COOPERATOR, Payoffs: 3, 3
2024-12-01 12:48:28,509 - Interaction: PROBABILISTIC vs PROBABILISTIC, Payoffs: 5, 0
2024-12-01 12:48:28,509 - Interaction: PROBABILISTIC vs PROBABILISTIC, Payoffs: 5, 0
2024-12-01 12:48:28,511 - Interaction: COOPERATOR vs DEFECTOR, Payoffs: 0, 5
2024-12-01 12:48:28,512 - Interaction: COOPERATOR vs COOPERATOR, Payoffs: 3, 3
2024-12-01 12:48:28,513 - Interaction: COOPERATOR vs PROBABILISTIC, Payoffs: 3, 3
2024-12-01 12:48:28,515 - Interaction: PROBABILISTIC vs TEMPORAL, Payoffs: 3, 3
2024-12-01 12:48:28,516 - Interaction: PROBABILISTIC vs PROBABILISTIC, Payoffs: 0, 5
2024-12-01 12:48:28,516 - Interaction: PROBABILISTIC vs PROBABILISTIC, Payoffs: 3, 3
2024-12-01 12:48:28,516 - Interaction: PROBABILISTIC vs TEMPORAL, Payoffs: 3, 3
2024-12-01 12:48:28,517 - Interaction: PROBABILISTIC vs PROBABILISTIC, Payoffs: 0, 5
2024-12-01 12:48:28,517 - Interaction: PROBABILISTIC vs PROBABILISTIC, Payoffs: 3, 3
2024-12-01 12:48:28,517 - Interaction: COOPERATOR vs COOPERATOR, Payoffs: 3, 3
2024-12-01 12:48:28,518 - Interaction: COOPERATOR vs COOPERATOR, Payoffs: 3, 3
2024-12-01 12:48:28,518 - Agents count: 36
2024-12-01 12:48:28,546 - Interaction: PROBABILISTIC vs COOPERATOR, Payoffs: 3, 3
2024-12-01 12:48:28,547 - Interaction: TEMPORAL vs PROBABILISTIC, Payoffs: 3, 3
2024-12-01 12:48:28,547 - Interaction: TEMPORAL vs PROBABILISTIC, Payoffs: 3, 3
2024-12-01 12:48:28,549 - Interaction: COOPERATOR vs COOPERATOR, Payoffs: 3, 3
2024-12-01 12:48:28,549 - Interaction: COOPERATOR vs COOPERATOR, Payoffs: 3, 3
2024-12-01 12:48:28,551 - Interaction: PROBABILISTIC vs PROBABILISTIC, Payoffs: 5, 0
2024-12-01 12:48:28,552 - Interaction: PROBABILISTIC vs PROBABILISTIC, Payoffs: 0, 5
2024-12-01 12:48:28,553 - Interaction: DEFECTOR vs COOPERATOR, Payoffs: 5, 0
2024-12-01 12:48:28,555 - Interaction: PROBABILISTIC vs PROBABILISTIC, Payoffs: 3, 3
2024-12-01 12:48:28,555 - Interaction: PROBABILISTIC vs PROBABILISTIC, Payoffs: 3, 3
2024-12-01 12:48:28,557 - Interaction: COOPERATOR vs DEFECTOR, Payoffs: 0, 5
2024-12-01 12:48:28,558 - Interaction: COOPERATOR vs COOPERATOR, Payoffs: 3, 3
2024-12-01 12:48:28,559 - Interaction: COOPERATOR vs PROBABILISTIC, Payoffs: 3, 3
2024-12-01 12:48:28,561 - Interaction: PROBABILISTIC vs TEMPORAL, Payoffs: 3, 3
2024-12-01 12:48:28,561 - Interaction: PROBABILISTIC vs PROBABILISTIC, Payoffs: 3, 3
2024-12-01 12:48:28,561 - Interaction: PROBABILISTIC vs PROBABILISTIC, Payoffs: 3, 3
2024-12-01 12:48:28,562 - Interaction: PROBABILISTIC vs TEMPORAL, Payoffs: 3, 3
2024-12-01 12:48:28,562 - Interaction: PROBABILISTIC vs PROBABILISTIC, Payoffs: 3, 3
2024-12-01 12:48:28,562 - Interaction: PROBABILISTIC vs PROBABILISTIC, Payoffs: 3, 3
2024-12-01 12:48:28,563 - Interaction: COOPERATOR vs COOPERATOR, Payoffs: 3, 3
2024-12-01 12:48:28,564 - Agents count: 36
2024-12-01 12:48:28,592 - Interaction: PROBABILISTIC vs COOPERATOR, Payoffs: 3, 3
2024-12-01 12:48:28,592 - New agent spawned with strategy: COOPERATOR
2024-12-01 12:48:28,593 - Interaction: TEMPORAL vs PROBABILISTIC, Payoffs: 3, 3
2024-12-01 12:48:28,593 - Interaction: TEMPORAL vs PROBABILISTIC, Payoffs: 3, 3
2024-12-01 12:48:28,595 - Interaction: COOPERATOR vs COOPERATOR, Payoffs: 3, 3
2024-12-01 12:48:28,596 - Interaction: PROBABILISTIC vs PROBABILISTIC, Payoffs: 5, 0
2024-12-01 12:48:28,597 - Interaction: PROBABILISTIC vs PROBABILISTIC, Payoffs: 0, 5
2024-12-01 12:48:28,598 - Interaction: DEFECTOR vs COOPERATOR, Payoffs: 5, 0
2024-12-01 12:48:28,600 - Interaction: PROBABILISTIC vs PROBABILISTIC, Payoffs: 3, 3
2024-12-01 12:48:28,600 - Interaction: PROBABILISTIC vs PROBABILISTIC, Payoffs: 3, 3
2024-12-01 12:48:28,602 - Interaction: COOPERATOR vs DEFECTOR, Payoffs: 0, 5
2024-12-01 12:48:28,603 - Interaction: COOPERATOR vs COOPERATOR, Payoffs: 3, 3
2024-12-01 12:48:28,604 - Interaction: COOPERATOR vs PROBABILISTIC, Payoffs: 3, 3
2024-12-01 12:48:28,605 - Interaction: PROBABILISTIC vs TEMPORAL, Payoffs: 3, 3
2024-12-01 12:48:28,605 - Interaction: PROBABILISTIC vs PROBABILISTIC, Payoffs: 3, 3
2024-12-01 12:48:28,606 - Interaction: PROBABILISTIC vs PROBABILISTIC, Payoffs: 3, 3
2024-12-01 12:48:28,606 - Interaction: PROBABILISTIC vs TEMPORAL, Payoffs: 3, 3
2024-12-01 12:48:28,606 - Interaction: PROBABILISTIC vs PROBABILISTIC, Payoffs: 3, 3
2024-12-01 12:48:28,607 - Interaction: PROBABILISTIC vs PROBABILISTIC, Payoffs: 3, 3
2024-12-01 12:48:28,608 - Interaction: COOPERATOR vs PROBABILISTIC, Payoffs: 3, 3
2024-12-01 12:48:28,608 - Interaction: COOPERATOR vs COOPERATOR, Payoffs: 3, 3
2024-12-01 12:48:28,609 - Agents count: 37
2024-12-01 12:48:28,638 - Interaction: PROBABILISTIC vs COOPERATOR, Payoffs: 3, 3
2024-12-01 12:48:28,639 - Interaction: PROBABILISTIC vs COOPERATOR, Payoffs: 3, 3
2024-12-01 12:48:28,639 - Interaction: TEMPORAL vs PROBABILISTIC, Payoffs: 3, 3
2024-12-01 12:48:28,641 - Interaction: COOPERATOR vs COOPERATOR, Payoffs: 3, 3
2024-12-01 12:48:28,642 - Interaction: PROBABILISTIC vs PROBABILISTIC, Payoffs: 1, 1
2024-12-01 12:48:28,644 - Interaction: PROBABILISTIC vs PROBABILISTIC, Payoffs: 1, 1
2024-12-01 12:48:28,645 - Interaction: DEFECTOR vs COOPERATOR, Payoffs: 5, 0
2024-12-01 12:48:28,646 - Interaction: PROBABILISTIC vs PROBABILISTIC, Payoffs: 3, 3
2024-12-01 12:48:28,647 - Interaction: PROBABILISTIC vs PROBABILISTIC, Payoffs: 3, 3
2024-12-01 12:48:28,649 - Interaction: COOPERATOR vs DEFECTOR, Payoffs: 0, 5
2024-12-01 12:48:28,649 - Interaction: COOPERATOR vs COOPERATOR, Payoffs: 3, 3
2024-12-01 12:48:28,651 - Interaction: COOPERATOR vs PROBABILISTIC, Payoffs: 3, 3
2024-12-01 12:48:28,652 - Interaction: COOPERATOR vs COOPERATOR, Payoffs: 3, 3
2024-12-01 12:48:28,653 - Interaction: PROBABILISTIC vs PROBABILISTIC, Payoffs: 3, 3
2024-12-01 12:48:28,653 - Interaction: PROBABILISTIC vs PROBABILISTIC, Payoffs: 3, 3
2024-12-01 12:48:28,654 - Interaction: PROBABILISTIC vs TEMPORAL, Payoffs: 3, 3
2024-12-01 12:48:28,654 - Interaction: PROBABILISTIC vs PROBABILISTIC, Payoffs: 3, 3
2024-12-01 12:48:28,654 - Interaction: PROBABILISTIC vs PROBABILISTIC, Payoffs: 3, 3
2024-12-01 12:48:28,656 - Interaction: COOPERATOR vs PROBABILISTIC, Payoffs: 3, 3
2024-12-01 12:48:28,656 - Interaction: COOPERATOR vs COOPERATOR, Payoffs: 3, 3
2024-12-01 12:48:28,926 - Agents count: 37
2024-12-01 12:48:28,958 - Interaction: PROBABILISTIC vs COOPERATOR, Payoffs: 3, 3
2024-12-01 12:48:28,958 - Interaction: PROBABILISTIC vs COOPERATOR, Payoffs: 3, 3
2024-12-01 12:48:28,960 - Interaction: COOPERATOR vs COOPERATOR, Payoffs: 3, 3
2024-12-01 12:48:28,962 - Interaction: PROBABILISTIC vs PROBABILISTIC, Payoffs: 1, 1
2024-12-01 12:48:28,963 - Interaction: PROBABILISTIC vs PROBABILISTIC, Payoffs: 1, 1
2024-12-01 12:48:28,964 - Interaction: DEFECTOR vs COOPERATOR, Payoffs: 5, 0
2024-12-01 12:48:28,966 - Interaction: PROBABILISTIC vs PROBABILISTIC, Payoffs: 3, 3
2024-12-01 12:48:28,967 - Interaction: PROBABILISTIC vs PROBABILISTIC, Payoffs: 3, 3
2024-12-01 12:48:28,969 - Interaction: COOPERATOR vs DEFECTOR, Payoffs: 0, 5
2024-12-01 12:48:28,970 - Interaction: COOPERATOR vs COOPERATOR, Payoffs: 3, 3
2024-12-01 12:48:28,971 - Interaction: COOPERATOR vs PROBABILISTIC, Payoffs: 3, 3
2024-12-01 12:48:28,971 - Interaction: COOPERATOR vs COOPERATOR, Payoffs: 3, 3
2024-12-01 12:48:28,973 - Interaction: PROBABILISTIC vs PROBABILISTIC, Payoffs: 3, 3
2024-12-01 12:48:28,973 - Interaction: PROBABILISTIC vs PROBABILISTIC, Payoffs: 3, 3
2024-12-01 12:48:28,974 - Interaction: PROBABILISTIC vs PROBABILISTIC, Payoffs: 3, 3
2024-12-01 12:48:28,974 - Interaction: PROBABILISTIC vs PROBABILISTIC, Payoffs: 3, 3
2024-12-01 12:48:28,976 - Interaction: COOPERATOR vs PROBABILISTIC, Payoffs: 3, 3
2024-12-01 12:48:28,976 - Interaction: COOPERATOR vs COOPERATOR, Payoffs: 3, 3
2024-12-01 12:48:28,976 - Agents count: 37
2024-12-01 12:48:29,010 - Interaction: PROBABILISTIC vs COOPERATOR, Payoffs: 3, 3
2024-12-01 12:48:29,012 - Interaction: COOPERATOR vs COOPERATOR, Payoffs: 3, 3
2024-12-01 12:48:29,014 - Interaction: PROBABILISTIC vs PROBABILISTIC, Payoffs: 1, 1
2024-12-01 12:48:29,016 - Interaction: PROBABILISTIC vs PROBABILISTIC, Payoffs: 1, 1
2024-12-01 12:48:29,017 - Interaction: DEFECTOR vs COOPERATOR, Payoffs: 5, 0
2024-12-01 12:48:29,019 - Interaction: PROBABILISTIC vs PROBABILISTIC, Payoffs: 3, 3
2024-12-01 12:48:29,019 - Interaction: PROBABILISTIC vs PROBABILISTIC, Payoffs: 3, 3
2024-12-01 12:48:29,021 - Interaction: COOPERATOR vs DEFECTOR, Payoffs: 0, 5
2024-12-01 12:48:29,022 - Interaction: COOPERATOR vs COOPERATOR, Payoffs: 3, 3
2024-12-01 12:48:29,023 - Interaction: COOPERATOR vs COOPERATOR, Payoffs: 3, 3
2024-12-01 12:48:29,025 - Interaction: PROBABILISTIC vs PROBABILISTIC, Payoffs: 3, 3
2024-12-01 12:48:29,025 - Interaction: PROBABILISTIC vs PROBABILISTIC, Payoffs: 3, 3
2024-12-01 12:48:29,026 - Interaction: PROBABILISTIC vs PROBABILISTIC, Payoffs: 3, 3
2024-12-01 12:48:29,026 - Interaction: PROBABILISTIC vs PROBABILISTIC, Payoffs: 3, 3
2024-12-01 12:48:29,027 - Interaction: COOPERATOR vs PROBABILISTIC, Payoffs: 3, 3
2024-12-01 12:48:29,029 - Interaction: COOPERATOR vs COOPERATOR, Payoffs: 3, 3
2024-12-01 12:48:29,029 - Agents count: 37
2024-12-01 12:48:29,059 - Interaction: PROBABILISTIC vs COOPERATOR, Payoffs: 3, 3
2024-12-01 12:48:29,061 - Interaction: COOPERATOR vs COOPERATOR, Payoffs: 3, 3
2024-12-01 12:48:29,062 - Interaction: PROBABILISTIC vs DEFECTOR, Payoffs: 1, 1
2024-12-01 12:48:29,063 - Interaction: DEFECTOR vs PROBABILISTIC, Payoffs: 1, 1
2024-12-01 12:48:29,066 - Interaction: DEFECTOR vs COOPERATOR, Payoffs: 5, 0
2024-12-01 12:48:29,068 - Interaction: PROBABILISTIC vs PROBABILISTIC, Payoffs: 3, 3
2024-12-01 12:48:29,069 - Interaction: PROBABILISTIC vs PROBABILISTIC, Payoffs: 3, 3
2024-12-01 12:48:29,070 - Interaction: COOPERATOR vs DEFECTOR, Payoffs: 0, 5
2024-12-01 12:48:29,071 - Interaction: COOPERATOR vs COOPERATOR, Payoffs: 3, 3
2024-12-01 12:48:29,071 - Interaction: COOPERATOR vs COOPERATOR, Payoffs: 3, 3
2024-12-01 12:48:29,074 - Interaction: PROBABILISTIC vs PROBABILISTIC, Payoffs: 3, 3
2024-12-01 12:48:29,074 - Interaction: PROBABILISTIC vs PROBABILISTIC, Payoffs: 3, 3
2024-12-01 12:48:29,075 - Interaction: PROBABILISTIC vs PROBABILISTIC, Payoffs: 3, 3
2024-12-01 12:48:29,075 - Interaction: PROBABILISTIC vs PROBABILISTIC, Payoffs: 3, 3
2024-12-01 12:48:29,076 - Interaction: COOPERATOR vs COOPERATOR, Payoffs: 3, 3
2024-12-01 12:48:29,078 - Interaction: COOPERATOR vs PROBABILISTIC, Payoffs: 3, 3
2024-12-01 12:48:29,078 - Agents count: 37
2024-12-01 12:48:29,110 - Interaction: PROBABILISTIC vs COOPERATOR, Payoffs: 3, 3
2024-12-01 12:48:29,111 - New agent spawned with strategy: COOPERATOR
2024-12-01 12:48:29,113 - Interaction: COOPERATOR vs COOPERATOR, Payoffs: 3, 3
2024-12-01 12:48:29,114 - Interaction: PROBABILISTIC vs DEFECTOR, Payoffs: 1, 1
2024-12-01 12:48:29,115 - Interaction: DEFECTOR vs PROBABILISTIC, Payoffs: 1, 1
2024-12-01 12:48:29,117 - Interaction: DEFECTOR vs COOPERATOR, Payoffs: 5, 0
2024-12-01 12:48:29,119 - Interaction: PROBABILISTIC vs PROBABILISTIC, Payoffs: 3, 3
2024-12-01 12:48:29,121 - Interaction: PROBABILISTIC vs PROBABILISTIC, Payoffs: 3, 3
2024-12-01 12:48:29,123 - Interaction: COOPERATOR vs DEFECTOR, Payoffs: 0, 5
2024-12-01 12:48:29,123 - Interaction: COOPERATOR vs COOPERATOR, Payoffs: 3, 3
2024-12-01 12:48:29,124 - Interaction: COOPERATOR vs COOPERATOR, Payoffs: 3, 3
2024-12-01 12:48:29,126 - Interaction: PROBABILISTIC vs PROBABILISTIC, Payoffs: 3, 3
2024-12-01 12:48:29,127 - Interaction: PROBABILISTIC vs PROBABILISTIC, Payoffs: 3, 3
2024-12-01 12:48:29,127 - Interaction: PROBABILISTIC vs PROBABILISTIC, Payoffs: 3, 3
2024-12-01 12:48:29,127 - Interaction: PROBABILISTIC vs PROBABILISTIC, Payoffs: 3, 3
2024-12-01 12:48:29,129 - Interaction: COOPERATOR vs COOPERATOR, Payoffs: 3, 3
2024-12-01 12:48:29,129 - Interaction: COOPERATOR vs PROBABILISTIC, Payoffs: 3, 3
2024-12-01 12:48:29,130 - Interaction: COOPERATOR vs PROBABILISTIC, Payoffs: 3, 3
2024-12-01 12:48:29,130 - Interaction: COOPERATOR vs COOPERATOR, Payoffs: 3, 3
2024-12-01 12:48:29,130 - Agents count: 38
2024-12-01 12:48:29,164 - Interaction: PROBABILISTIC vs COOPERATOR, Payoffs: 3, 3
2024-12-01 12:48:29,164 - Interaction: PROBABILISTIC vs COOPERATOR, Payoffs: 3, 3
2024-12-01 12:48:29,166 - Interaction: COOPERATOR vs COOPERATOR, Payoffs: 3, 3
2024-12-01 12:48:29,167 - Interaction: PROBABILISTIC vs DEFECTOR, Payoffs: 1, 1
2024-12-01 12:48:29,169 - Interaction: PROBABILISTIC vs COOPERATOR, Payoffs: 5, 0
2024-12-01 12:48:29,170 - Interaction: DEFECTOR vs PROBABILISTIC, Payoffs: 1, 1
2024-12-01 12:48:29,170 - Interaction: DEFECTOR vs COOPERATOR, Payoffs: 5, 0
2024-12-01 12:48:29,172 - Interaction: DEFECTOR vs COOPERATOR, Payoffs: 5, 0
2024-12-01 12:48:29,174 - Interaction: PROBABILISTIC vs PROBABILISTIC, Payoffs: 3, 3
2024-12-01 12:48:29,175 - Interaction: PROBABILISTIC vs PROBABILISTIC, Payoffs: 3, 3
2024-12-01 12:48:29,177 - Interaction: COOPERATOR vs DEFECTOR, Payoffs: 0, 5
2024-12-01 12:48:29,177 - Interaction: COOPERATOR vs COOPERATOR, Payoffs: 3, 3
2024-12-01 12:48:29,178 - Interaction: COOPERATOR vs COOPERATOR, Payoffs: 3, 3
2024-12-01 12:48:29,179 - Interaction: COOPERATOR vs PROBABILISTIC, Payoffs: 0, 5
2024-12-01 12:48:29,179 - Interaction: COOPERATOR vs DEFECTOR, Payoffs: 0, 5
2024-12-01 12:48:29,181 - Interaction: PROBABILISTIC vs PROBABILISTIC, Payoffs: 3, 3
2024-12-01 12:48:29,181 - Interaction: PROBABILISTIC vs PROBABILISTIC, Payoffs: 3, 3
2024-12-01 12:48:29,182 - Interaction: PROBABILISTIC vs PROBABILISTIC, Payoffs: 3, 3
2024-12-01 12:48:29,182 - Interaction: PROBABILISTIC vs PROBABILISTIC, Payoffs: 3, 3
2024-12-01 12:48:29,184 - Interaction: COOPERATOR vs COOPERATOR, Payoffs: 3, 3
2024-12-01 12:48:29,185 - Interaction: COOPERATOR vs PROBABILISTIC, Payoffs: 3, 3
2024-12-01 12:48:29,185 - Interaction: COOPERATOR vs COOPERATOR, Payoffs: 3, 3
2024-12-01 12:48:29,186 - Interaction: COOPERATOR vs PROBABILISTIC, Payoffs: 3, 3
2024-12-01 12:48:29,186 - Interaction: COOPERATOR vs COOPERATOR, Payoffs: 3, 3
2024-12-01 12:48:29,495 - Agents count: 38
2024-12-01 12:48:29,522 - Interaction: PROBABILISTIC vs COOPERATOR, Payoffs: 3, 3
2024-12-01 12:48:29,523 - Interaction: PROBABILISTIC vs COOPERATOR, Payoffs: 3, 3
2024-12-01 12:48:29,524 - Interaction: COOPERATOR vs COOPERATOR, Payoffs: 3, 3
2024-12-01 12:48:29,525 - Interaction: PROBABILISTIC vs DEFECTOR, Payoffs: 1, 1
2024-12-01 12:48:29,525 - Interaction: PROBABILISTIC vs COOPERATOR, Payoffs: 5, 0
2024-12-01 12:48:29,526 - Interaction: DEFECTOR vs PROBABILISTIC, Payoffs: 1, 1
2024-12-01 12:48:29,526 - Interaction: DEFECTOR vs COOPERATOR, Payoffs: 5, 0
2024-12-01 12:48:29,527 - Interaction: DEFECTOR vs COOPERATOR, Payoffs: 5, 0
2024-12-01 12:48:29,529 - Interaction: PROBABILISTIC vs PROBABILISTIC, Payoffs: 3, 3
2024-12-01 12:48:29,530 - Interaction: COOPERATOR vs DEFECTOR, Payoffs: 0, 5
2024-12-01 12:48:29,530 - Interaction: COOPERATOR vs COOPERATOR, Payoffs: 3, 3
2024-12-01 12:48:29,531 - Interaction: COOPERATOR vs COOPERATOR, Payoffs: 3, 3
2024-12-01 12:48:29,531 - Interaction: COOPERATOR vs COOPERATOR, Payoffs: 3, 3
2024-12-01 12:48:29,532 - Interaction: COOPERATOR vs PROBABILISTIC, Payoffs: 0, 5
2024-12-01 12:48:29,532 - Interaction: COOPERATOR vs DEFECTOR, Payoffs: 0, 5
2024-12-01 12:48:29,533 - Interaction: COOPERATOR vs COOPERATOR, Payoffs: 3, 3
2024-12-01 12:48:29,534 - Interaction: PROBABILISTIC vs PROBABILISTIC, Payoffs: 3, 3
2024-12-01 12:48:29,534 - Interaction: PROBABILISTIC vs PROBABILISTIC, Payoffs: 3, 3
2024-12-01 12:48:29,534 - Interaction: PROBABILISTIC vs PROBABILISTIC, Payoffs: 3, 3
2024-12-01 12:48:29,535 - Interaction: COOPERATOR vs COOPERATOR, Payoffs: 3, 3
2024-12-01 12:48:29,536 - Interaction: COOPERATOR vs PROBABILISTIC, Payoffs: 3, 3
2024-12-01 12:48:29,536 - Interaction: COOPERATOR vs COOPERATOR, Payoffs: 3, 3
2024-12-01 12:48:29,536 - Interaction: COOPERATOR vs PROBABILISTIC, Payoffs: 3, 3
2024-12-01 12:48:29,536 - Interaction: COOPERATOR vs COOPERATOR, Payoffs: 3, 3
2024-12-01 12:48:29,537 - Agents count: 38
2024-12-01 12:48:29,561 - Interaction: PROBABILISTIC vs PROBABILISTIC, Payoffs: 0, 5
2024-12-01 12:48:29,561 - Interaction: PROBABILISTIC vs COOPERATOR, Payoffs: 3, 3
2024-12-01 12:48:29,561 - Interaction: PROBABILISTIC vs COOPERATOR, Payoffs: 3, 3
2024-12-01 12:48:29,563 - Interaction: COOPERATOR vs COOPERATOR, Payoffs: 3, 3
2024-12-01 12:48:29,563 - Interaction: PROBABILISTIC vs DEFECTOR, Payoffs: 1, 1
2024-12-01 12:48:29,563 - Interaction: PROBABILISTIC vs COOPERATOR, Payoffs: 5, 0
2024-12-01 12:48:29,565 - Interaction: DEFECTOR vs PROBABILISTIC, Payoffs: 1, 1
2024-12-01 12:48:29,565 - Interaction: DEFECTOR vs COOPERATOR, Payoffs: 5, 0
2024-12-01 12:48:29,566 - Interaction: DEFECTOR vs COOPERATOR, Payoffs: 5, 0
2024-12-01 12:48:29,568 - Interaction: PROBABILISTIC vs PROBABILISTIC, Payoffs: 3, 3
2024-12-01 12:48:29,569 - Interaction: PROBABILISTIC vs PROBABILISTIC, Payoffs: 5, 0
2024-12-01 12:48:29,569 - Interaction: COOPERATOR vs DEFECTOR, Payoffs: 0, 5
2024-12-01 12:48:29,569 - Interaction: COOPERATOR vs COOPERATOR, Payoffs: 3, 3
2024-12-01 12:48:29,570 - Interaction: COOPERATOR vs COOPERATOR, Payoffs: 3, 3
2024-12-01 12:48:29,570 - Interaction: COOPERATOR vs COOPERATOR, Payoffs: 3, 3
2024-12-01 12:48:29,571 - Interaction: COOPERATOR vs PROBABILISTIC, Payoffs: 0, 5
2024-12-01 12:48:29,571 - Interaction: COOPERATOR vs DEFECTOR, Payoffs: 0, 5
2024-12-01 12:48:29,572 - Interaction: COOPERATOR vs COOPERATOR, Payoffs: 3, 3
2024-12-01 12:48:29,572 - Interaction: PROBABILISTIC vs PROBABILISTIC, Payoffs: 3, 3
2024-12-01 12:48:29,573 - Interaction: PROBABILISTIC vs PROBABILISTIC, Payoffs: 3, 3
2024-12-01 12:48:29,573 - Interaction: PROBABILISTIC vs PROBABILISTIC, Payoffs: 3, 3
2024-12-01 12:48:29,574 - Interaction: COOPERATOR vs COOPERATOR, Payoffs: 3, 3
2024-12-01 12:48:29,574 - Interaction: COOPERATOR vs PROBABILISTIC, Payoffs: 3, 3
2024-12-01 12:48:29,575 - Interaction: COOPERATOR vs PROBABILISTIC, Payoffs: 3, 3
2024-12-01 12:48:29,575 - Agents count: 38
2024-12-01 12:48:29,600 - Interaction: PROBABILISTIC vs PROBABILISTIC, Payoffs: 0, 5
2024-12-01 12:48:29,601 - Interaction: PROBABILISTIC vs COOPERATOR, Payoffs: 3, 3
2024-12-01 12:48:29,602 - Interaction: COOPERATOR vs COOPERATOR, Payoffs: 3, 3
2024-12-01 12:48:29,603 - Interaction: PROBABILISTIC vs DEFECTOR, Payoffs: 1, 1
2024-12-01 12:48:29,603 - Interaction: PROBABILISTIC vs COOPERATOR, Payoffs: 5, 0
2024-12-01 12:48:29,604 - Interaction: DEFECTOR vs PROBABILISTIC, Payoffs: 1, 1
2024-12-01 12:48:29,604 - Interaction: DEFECTOR vs COOPERATOR, Payoffs: 5, 0
2024-12-01 12:48:29,605 - Interaction: DEFECTOR vs COOPERATOR, Payoffs: 5, 0
2024-12-01 12:48:29,607 - Interaction: PROBABILISTIC vs PROBABILISTIC, Payoffs: 3, 3
2024-12-01 12:48:29,607 - Interaction: PROBABILISTIC vs PROBABILISTIC, Payoffs: 5, 0
2024-12-01 12:48:29,607 - Interaction: PROBABILISTIC vs COOPERATOR, Payoffs: 5, 0
2024-12-01 12:48:29,608 - Interaction: COOPERATOR vs DEFECTOR, Payoffs: 0, 5
2024-12-01 12:48:29,608 - Interaction: COOPERATOR vs COOPERATOR, Payoffs: 3, 3
2024-12-01 12:48:29,608 - Interaction: COOPERATOR vs COOPERATOR, Payoffs: 3, 3
2024-12-01 12:48:29,609 - Interaction: COOPERATOR vs COOPERATOR, Payoffs: 3, 3
2024-12-01 12:48:29,610 - Interaction: COOPERATOR vs PROBABILISTIC, Payoffs: 0, 5
2024-12-01 12:48:29,610 - Interaction: COOPERATOR vs DEFECTOR, Payoffs: 0, 5
2024-12-01 12:48:29,611 - Interaction: COOPERATOR vs COOPERATOR, Payoffs: 3, 3
2024-12-01 12:48:29,611 - New agent spawned with strategy: COOPERATOR
2024-12-01 12:48:29,612 - Interaction: PROBABILISTIC vs PROBABILISTIC, Payoffs: 3, 3
2024-12-01 12:48:29,612 - Interaction: PROBABILISTIC vs PROBABILISTIC, Payoffs: 3, 3
2024-12-01 12:48:29,612 - Interaction: PROBABILISTIC vs PROBABILISTIC, Payoffs: 3, 3
2024-12-01 12:48:29,613 - Interaction: COOPERATOR vs COOPERATOR, Payoffs: 3, 3
2024-12-01 12:48:29,613 - Interaction: COOPERATOR vs PROBABILISTIC, Payoffs: 0, 5
2024-12-01 12:48:29,614 - Interaction: COOPERATOR vs PROBABILISTIC, Payoffs: 3, 3
2024-12-01 12:48:29,615 - Interaction: COOPERATOR vs DEFECTOR, Payoffs: 0, 5
2024-12-01 12:48:29,615 - Interaction: COOPERATOR vs COOPERATOR, Payoffs: 3, 3
2024-12-01 12:48:29,615 - Interaction: COOPERATOR vs COOPERATOR, Payoffs: 3, 3
2024-12-01 12:48:29,615 - Interaction: COOPERATOR vs COOPERATOR, Payoffs: 3, 3
2024-12-01 12:48:29,615 - Agents count: 39
2024-12-01 12:48:29,640 - Interaction: PROBABILISTIC vs PROBABILISTIC, Payoffs: 0, 5
2024-12-01 12:48:29,640 - Interaction: PROBABILISTIC vs COOPERATOR, Payoffs: 3, 3
2024-12-01 12:48:29,642 - Interaction: COOPERATOR vs COOPERATOR, Payoffs: 3, 3
2024-12-01 12:48:29,642 - Interaction: PROBABILISTIC vs DEFECTOR, Payoffs: 1, 1
2024-12-01 12:48:29,643 - Interaction: PROBABILISTIC vs COOPERATOR, Payoffs: 5, 0
2024-12-01 12:48:29,643 - Interaction: DEFECTOR vs PROBABILISTIC, Payoffs: 1, 1
2024-12-01 12:48:29,643 - Interaction: DEFECTOR vs COOPERATOR, Payoffs: 5, 0
2024-12-01 12:48:29,644 - Interaction: DEFECTOR vs COOPERATOR, Payoffs: 5, 0
2024-12-01 12:48:29,645 - Interaction: DEFECTOR vs COOPERATOR, Payoffs: 5, 0
2024-12-01 12:48:29,645 - Interaction: DEFECTOR vs COOPERATOR, Payoffs: 5, 0
2024-12-01 12:48:29,646 - Interaction: COOPERATOR vs COOPERATOR, Payoffs: 3, 3
2024-12-01 12:48:29,647 - Interaction: PROBABILISTIC vs PROBABILISTIC, Payoffs: 5, 0
2024-12-01 12:48:29,647 - Interaction: PROBABILISTIC vs COOPERATOR, Payoffs: 5, 0
2024-12-01 12:48:29,649 - Interaction: COOPERATOR vs DEFECTOR, Payoffs: 0, 5
2024-12-01 12:48:29,649 - Interaction: COOPERATOR vs COOPERATOR, Payoffs: 3, 3
2024-12-01 12:48:29,649 - Interaction: COOPERATOR vs COOPERATOR, Payoffs: 3, 3
2024-12-01 12:48:29,649 - Interaction: COOPERATOR vs COOPERATOR, Payoffs: 3, 3
2024-12-01 12:48:29,650 - Interaction: COOPERATOR vs COOPERATOR, Payoffs: 3, 3
2024-12-01 12:48:29,650 - Interaction: COOPERATOR vs PROBABILISTIC, Payoffs: 0, 5
2024-12-01 12:48:29,651 - Interaction: COOPERATOR vs DEFECTOR, Payoffs: 0, 5
2024-12-01 12:48:29,651 - Interaction: COOPERATOR vs COOPERATOR, Payoffs: 3, 3
2024-12-01 12:48:29,652 - Interaction: COOPERATOR vs DEFECTOR, Payoffs: 0, 5
2024-12-01 12:48:29,652 - Interaction: COOPERATOR vs COOPERATOR, Payoffs: 3, 3
2024-12-01 12:48:29,652 - Interaction: COOPERATOR vs COOPERATOR, Payoffs: 3, 3
2024-12-01 12:48:29,652 - Interaction: COOPERATOR vs COOPERATOR, Payoffs: 3, 3
2024-12-01 12:48:29,652 - Interaction: PROBABILISTIC vs PROBABILISTIC, Payoffs: 3, 3
2024-12-01 12:48:29,653 - Interaction: PROBABILISTIC vs PROBABILISTIC, Payoffs: 3, 3
2024-12-01 12:48:29,654 - Interaction: COOPERATOR vs COOPERATOR, Payoffs: 3, 3
2024-12-01 12:48:29,654 - Interaction: COOPERATOR vs COOPERATOR, Payoffs: 3, 3
2024-12-01 12:48:29,654 - Interaction: COOPERATOR vs COOPERATOR, Payoffs: 3, 3
2024-12-01 12:48:29,654 - Interaction: COOPERATOR vs PROBABILISTIC, Payoffs: 0, 5
2024-12-01 12:48:29,655 - Interaction: COOPERATOR vs PROBABILISTIC, Payoffs: 3, 3
2024-12-01 12:48:29,655 - Interaction: COOPERATOR vs DEFECTOR, Payoffs: 0, 5
2024-12-01 12:48:29,656 - Interaction: COOPERATOR vs COOPERATOR, Payoffs: 3, 3
2024-12-01 12:48:29,656 - Interaction: COOPERATOR vs COOPERATOR, Payoffs: 3, 3
2024-12-01 12:48:29,656 - Interaction: COOPERATOR vs COOPERATOR, Payoffs: 3, 3
2024-12-01 12:48:29,656 - Agents count: 39
2024-12-01 12:48:29,681 - Interaction: PROBABILISTIC vs PROBABILISTIC, Payoffs: 0, 5
2024-12-01 12:48:29,682 - Interaction: PROBABILISTIC vs COOPERATOR, Payoffs: 3, 3
2024-12-01 12:48:29,684 - Interaction: PROBABILISTIC vs DEFECTOR, Payoffs: 1, 1
2024-12-01 12:48:29,684 - Interaction: PROBABILISTIC vs COOPERATOR, Payoffs: 5, 0
2024-12-01 12:48:29,685 - Interaction: DEFECTOR vs PROBABILISTIC, Payoffs: 1, 1
2024-12-01 12:48:29,685 - Interaction: DEFECTOR vs COOPERATOR, Payoffs: 5, 0
2024-12-01 12:48:29,686 - Interaction: DEFECTOR vs COOPERATOR, Payoffs: 5, 0
2024-12-01 12:48:29,686 - Interaction: DEFECTOR vs COOPERATOR, Payoffs: 5, 0
2024-12-01 12:48:29,687 - Interaction: DEFECTOR vs COOPERATOR, Payoffs: 5, 0
2024-12-01 12:48:29,688 - Interaction: COOPERATOR vs COOPERATOR, Payoffs: 3, 3
2024-12-01 12:48:29,690 - Interaction: PROBABILISTIC vs PROBABILISTIC, Payoffs: 5, 0
2024-12-01 12:48:29,690 - Interaction: PROBABILISTIC vs COOPERATOR, Payoffs: 5, 0
2024-12-01 12:48:29,691 - Interaction: COOPERATOR vs DEFECTOR, Payoffs: 0, 5
2024-12-01 12:48:29,691 - Interaction: COOPERATOR vs COOPERATOR, Payoffs: 3, 3
2024-12-01 12:48:29,691 - Interaction: COOPERATOR vs COOPERATOR, Payoffs: 3, 3
2024-12-01 12:48:29,692 - Interaction: COOPERATOR vs PROBABILISTIC, Payoffs: 0, 5
2024-12-01 12:48:29,692 - Interaction: COOPERATOR vs DEFECTOR, Payoffs: 0, 5
2024-12-01 12:48:29,693 - Interaction: COOPERATOR vs COOPERATOR, Payoffs: 3, 3
2024-12-01 12:48:29,693 - Interaction: COOPERATOR vs DEFECTOR, Payoffs: 0, 5
2024-12-01 12:48:29,693 - Interaction: COOPERATOR vs COOPERATOR, Payoffs: 3, 3
2024-12-01 12:48:29,694 - Interaction: COOPERATOR vs COOPERATOR, Payoffs: 3, 3
2024-12-01 12:48:29,694 - Interaction: COOPERATOR vs COOPERATOR, Payoffs: 3, 3
2024-12-01 12:48:29,694 - Interaction: PROBABILISTIC vs PROBABILISTIC, Payoffs: 3, 3
2024-12-01 12:48:29,694 - Interaction: PROBABILISTIC vs PROBABILISTIC, Payoffs: 3, 3
2024-12-01 12:48:29,695 - Interaction: COOPERATOR vs COOPERATOR, Payoffs: 3, 3
2024-12-01 12:48:29,695 - Interaction: COOPERATOR vs COOPERATOR, Payoffs: 3, 3
2024-12-01 12:48:29,696 - Interaction: COOPERATOR vs PROBABILISTIC, Payoffs: 0, 5
2024-12-01 12:48:29,696 - Interaction: COOPERATOR vs PROBABILISTIC, Payoffs: 3, 3
2024-12-01 12:48:29,697 - Interaction: COOPERATOR vs DEFECTOR, Payoffs: 0, 5
2024-12-01 12:48:29,697 - Interaction: COOPERATOR vs COOPERATOR, Payoffs: 3, 3
2024-12-01 12:48:29,697 - Interaction: COOPERATOR vs COOPERATOR, Payoffs: 3, 3
2024-12-01 12:48:29,697 - Interaction: COOPERATOR vs COOPERATOR, Payoffs: 3, 3
2024-12-01 12:48:29,915 - Agents count: 39
2024-12-01 12:48:29,942 - Interaction: PROBABILISTIC vs PROBABILISTIC, Payoffs: 0, 5
2024-12-01 12:48:29,943 - Interaction: PROBABILISTIC vs COOPERATOR, Payoffs: 3, 3
2024-12-01 12:48:29,945 - Interaction: PROBABILISTIC vs DEFECTOR, Payoffs: 1, 1
2024-12-01 12:48:29,945 - Interaction: PROBABILISTIC vs COOPERATOR, Payoffs: 5, 0
2024-12-01 12:48:29,946 - Interaction: DEFECTOR vs PROBABILISTIC, Payoffs: 1, 1
2024-12-01 12:48:29,946 - Interaction: DEFECTOR vs COOPERATOR, Payoffs: 5, 0
2024-12-01 12:48:29,948 - Interaction: DEFECTOR vs COOPERATOR, Payoffs: 5, 0
2024-12-01 12:48:29,948 - Interaction: DEFECTOR vs COOPERATOR, Payoffs: 5, 0
2024-12-01 12:48:29,950 - Interaction: COOPERATOR vs COOPERATOR, Payoffs: 3, 3
2024-12-01 12:48:29,951 - Interaction: PROBABILISTIC vs PROBABILISTIC, Payoffs: 5, 0
2024-12-01 12:48:29,951 - Interaction: PROBABILISTIC vs COOPERATOR, Payoffs: 5, 0
2024-12-01 12:48:29,952 - Interaction: COOPERATOR vs DEFECTOR, Payoffs: 0, 5
2024-12-01 12:48:29,952 - Interaction: COOPERATOR vs COOPERATOR, Payoffs: 3, 3
2024-12-01 12:48:29,952 - Interaction: COOPERATOR vs COOPERATOR, Payoffs: 3, 3
2024-12-01 12:48:29,953 - Interaction: COOPERATOR vs PROBABILISTIC, Payoffs: 0, 5
2024-12-01 12:48:29,953 - Interaction: COOPERATOR vs DEFECTOR, Payoffs: 0, 5
2024-12-01 12:48:29,954 - Interaction: COOPERATOR vs COOPERATOR, Payoffs: 3, 3
2024-12-01 12:48:29,954 - Interaction: COOPERATOR vs DEFECTOR, Payoffs: 0, 5
2024-12-01 12:48:29,955 - Interaction: COOPERATOR vs COOPERATOR, Payoffs: 3, 3
2024-12-01 12:48:29,955 - Interaction: COOPERATOR vs COOPERATOR, Payoffs: 3, 3
2024-12-01 12:48:29,955 - Interaction: COOPERATOR vs COOPERATOR, Payoffs: 3, 3
2024-12-01 12:48:29,955 - Interaction: PROBABILISTIC vs PROBABILISTIC, Payoffs: 3, 3
2024-12-01 12:48:29,956 - Interaction: PROBABILISTIC vs PROBABILISTIC, Payoffs: 3, 3
2024-12-01 12:48:29,957 - Interaction: COOPERATOR vs COOPERATOR, Payoffs: 3, 3
2024-12-01 12:48:29,957 - Interaction: COOPERATOR vs PROBABILISTIC, Payoffs: 0, 5
2024-12-01 12:48:29,957 - Interaction: COOPERATOR vs PROBABILISTIC, Payoffs: 3, 3
2024-12-01 12:48:29,959 - Interaction: COOPERATOR vs COOPERATOR, Payoffs: 3, 3
2024-12-01 12:48:29,959 - Interaction: COOPERATOR vs COOPERATOR, Payoffs: 3, 3
2024-12-01 12:48:29,959 - Agents count: 39
2024-12-01 12:48:29,985 - Interaction: PROBABILISTIC vs COOPERATOR, Payoffs: 3, 3
2024-12-01 12:48:29,987 - Interaction: COOPERATOR vs COOPERATOR, Payoffs: 3, 3
2024-12-01 12:48:29,988 - Interaction: PROBABILISTIC vs COOPERATOR, Payoffs: 5, 0
2024-12-01 12:48:29,988 - Interaction: PROBABILISTIC vs DEFECTOR, Payoffs: 1, 1
2024-12-01 12:48:29,989 - Interaction: DEFECTOR vs PROBABILISTIC, Payoffs: 1, 1
2024-12-01 12:48:29,989 - Interaction: DEFECTOR vs COOPERATOR, Payoffs: 5, 0
2024-12-01 12:48:29,991 - Interaction: DEFECTOR vs COOPERATOR, Payoffs: 5, 0
2024-12-01 12:48:29,991 - Interaction: DEFECTOR vs COOPERATOR, Payoffs: 5, 0
2024-12-01 12:48:29,992 - Interaction: COOPERATOR vs COOPERATOR, Payoffs: 3, 3
2024-12-01 12:48:29,994 - Interaction: PROBABILISTIC vs COOPERATOR, Payoffs: 5, 0
2024-12-01 12:48:29,994 - Interaction: COOPERATOR vs DEFECTOR, Payoffs: 0, 5
2024-12-01 12:48:29,994 - Interaction: COOPERATOR vs COOPERATOR, Payoffs: 3, 3
2024-12-01 12:48:29,995 - Interaction: COOPERATOR vs COOPERATOR, Payoffs: 3, 3
2024-12-01 12:48:29,996 - Interaction: COOPERATOR vs COOPERATOR, Payoffs: 3, 3
2024-12-01 12:48:29,996 - Interaction: COOPERATOR vs PROBABILISTIC, Payoffs: 0, 5
2024-12-01 12:48:29,996 - Interaction: COOPERATOR vs DEFECTOR, Payoffs: 0, 5
2024-12-01 12:48:29,997 - Interaction: COOPERATOR vs COOPERATOR, Payoffs: 3, 3
2024-12-01 12:48:29,997 - Interaction: COOPERATOR vs DEFECTOR, Payoffs: 0, 5
2024-12-01 12:48:29,997 - Interaction: COOPERATOR vs COOPERATOR, Payoffs: 3, 3
2024-12-01 12:48:29,997 - Interaction: COOPERATOR vs COOPERATOR, Payoffs: 3, 3
2024-12-01 12:48:29,997 - Interaction: COOPERATOR vs COOPERATOR, Payoffs: 3, 3
2024-12-01 12:48:29,998 - Interaction: PROBABILISTIC vs PROBABILISTIC, Payoffs: 3, 3
2024-12-01 12:48:29,998 - Interaction: PROBABILISTIC vs PROBABILISTIC, Payoffs: 3, 3
2024-12-01 12:48:30,000 - Interaction: COOPERATOR vs COOPERATOR, Payoffs: 3, 3
2024-12-01 12:48:30,000 - Interaction: COOPERATOR vs PROBABILISTIC, Payoffs: 0, 5
2024-12-01 12:48:30,001 - Interaction: COOPERATOR vs PROBABILISTIC, Payoffs: 3, 3
2024-12-01 12:48:30,002 - Interaction: COOPERATOR vs COOPERATOR, Payoffs: 3, 3
2024-12-01 12:48:30,002 - Interaction: COOPERATOR vs COOPERATOR, Payoffs: 3, 3
2024-12-01 12:48:30,002 - Agents count: 39
2024-12-01 12:48:30,032 - Interaction: PROBABILISTIC vs COOPERATOR, Payoffs: 3, 3
2024-12-01 12:48:30,034 - Interaction: COOPERATOR vs COOPERATOR, Payoffs: 3, 3
2024-12-01 12:48:30,035 - Interaction: PROBABILISTIC vs COOPERATOR, Payoffs: 5, 0
2024-12-01 12:48:30,036 - Interaction: PROBABILISTIC vs DEFECTOR, Payoffs: 1, 1
2024-12-01 12:48:30,037 - Interaction: DEFECTOR vs PROBABILISTIC, Payoffs: 1, 1
2024-12-01 12:48:30,037 - Interaction: DEFECTOR vs COOPERATOR, Payoffs: 5, 0
2024-12-01 12:48:30,040 - Interaction: DEFECTOR vs COOPERATOR, Payoffs: 5, 0
2024-12-01 12:48:30,042 - Interaction: COOPERATOR vs COOPERATOR, Payoffs: 3, 3
2024-12-01 12:48:30,044 - Interaction: PROBABILISTIC vs COOPERATOR, Payoffs: 3, 3
2024-12-01 12:48:30,045 - Interaction: COOPERATOR vs DEFECTOR, Payoffs: 0, 5
2024-12-01 12:48:30,045 - Interaction: COOPERATOR vs COOPERATOR, Payoffs: 3, 3
2024-12-01 12:48:30,046 - Interaction: COOPERATOR vs COOPERATOR, Payoffs: 3, 3
2024-12-01 12:48:30,047 - Interaction: COOPERATOR vs COOPERATOR, Payoffs: 3, 3
2024-12-01 12:48:30,049 - Interaction: COOPERATOR vs PROBABILISTIC, Payoffs: 0, 5
2024-12-01 12:48:30,050 - Interaction: COOPERATOR vs DEFECTOR, Payoffs: 0, 5
2024-12-01 12:48:30,050 - Interaction: COOPERATOR vs COOPERATOR, Payoffs: 3, 3
2024-12-01 12:48:30,052 - Interaction: COOPERATOR vs COOPERATOR, Payoffs: 3, 3
2024-12-01 12:48:30,052 - Interaction: COOPERATOR vs COOPERATOR, Payoffs: 3, 3
2024-12-01 12:48:30,052 - Interaction: COOPERATOR vs COOPERATOR, Payoffs: 3, 3
2024-12-01 12:48:30,053 - Interaction: PROBABILISTIC vs PROBABILISTIC, Payoffs: 3, 3
2024-12-01 12:48:30,054 - Interaction: PROBABILISTIC vs PROBABILISTIC, Payoffs: 3, 3
2024-12-01 12:48:30,056 - Interaction: COOPERATOR vs COOPERATOR, Payoffs: 3, 3
2024-12-01 12:48:30,057 - Interaction: COOPERATOR vs PROBABILISTIC, Payoffs: 3, 3
2024-12-01 12:48:30,059 - Interaction: COOPERATOR vs PROBABILISTIC, Payoffs: 3, 3
2024-12-01 12:48:30,059 - Interaction: COOPERATOR vs COOPERATOR, Payoffs: 3, 3
2024-12-01 12:48:30,061 - Interaction: COOPERATOR vs COOPERATOR, Payoffs: 3, 3
2024-12-01 12:48:30,061 - Agents count: 39
2024-12-01 12:48:30,097 - Interaction: PROBABILISTIC vs COOPERATOR, Payoffs: 3, 3
2024-12-01 12:48:30,098 - Interaction: PROBABILISTIC vs COOPERATOR, Payoffs: 3, 3
2024-12-01 12:48:30,099 - Interaction: COOPERATOR vs COOPERATOR, Payoffs: 3, 3
2024-12-01 12:48:30,100 - Interaction: PROBABILISTIC vs COOPERATOR, Payoffs: 5, 0
2024-12-01 12:48:30,101 - Interaction: DEFECTOR vs COOPERATOR, Payoffs: 5, 0
2024-12-01 12:48:30,103 - Interaction: DEFECTOR vs COOPERATOR, Payoffs: 5, 0
2024-12-01 12:48:30,104 - Interaction: COOPERATOR vs COOPERATOR, Payoffs: 3, 3
2024-12-01 12:48:30,106 - Interaction: COOPERATOR vs DEFECTOR, Payoffs: 0, 5
2024-12-01 12:48:30,106 - Interaction: COOPERATOR vs COOPERATOR, Payoffs: 3, 3
2024-12-01 12:48:30,107 - Interaction: COOPERATOR vs COOPERATOR, Payoffs: 3, 3
2024-12-01 12:48:30,107 - Interaction: COOPERATOR vs PROBABILISTIC, Payoffs: 0, 5
2024-12-01 12:48:30,108 - Interaction: COOPERATOR vs DEFECTOR, Payoffs: 0, 5
2024-12-01 12:48:30,108 - Interaction: COOPERATOR vs COOPERATOR, Payoffs: 3, 3
2024-12-01 12:48:30,109 - Interaction: COOPERATOR vs COOPERATOR, Payoffs: 3, 3
2024-12-01 12:48:30,110 - Interaction: COOPERATOR vs COOPERATOR, Payoffs: 3, 3
2024-12-01 12:48:30,110 - Interaction: COOPERATOR vs COOPERATOR, Payoffs: 3, 3
2024-12-01 12:48:30,110 - Interaction: PROBABILISTIC vs PROBABILISTIC, Payoffs: 3, 3
2024-12-01 12:48:30,111 - Interaction: PROBABILISTIC vs PROBABILISTIC, Payoffs: 3, 3
2024-12-01 12:48:30,111 - New agent spawned with strategy: PROBABILISTIC
2024-12-01 12:48:30,112 - Interaction: COOPERATOR vs COOPERATOR, Payoffs: 3, 3
2024-12-01 12:48:30,114 - Interaction: COOPERATOR vs PROBABILISTIC, Payoffs: 3, 3
2024-12-01 12:48:30,115 - Interaction: COOPERATOR vs PROBABILISTIC, Payoffs: 3, 3
2024-12-01 12:48:30,115 - Interaction: COOPERATOR vs COOPERATOR, Payoffs: 3, 3
2024-12-01 12:48:30,116 - Interaction: PROBABILISTIC vs PROBABILISTIC, Payoffs: 5, 0
2024-12-01 12:48:30,116 - Interaction: PROBABILISTIC vs PROBABILISTIC, Payoffs: 5, 0
2024-12-01 12:48:30,116 - Agents count: 40
2024-12-01 12:48:30,146 - Interaction: PROBABILISTIC vs COOPERATOR, Payoffs: 3, 3
2024-12-01 12:48:30,146 - Interaction: PROBABILISTIC vs COOPERATOR, Payoffs: 3, 3
2024-12-01 12:48:30,149 - Interaction: COOPERATOR vs COOPERATOR, Payoffs: 3, 3
2024-12-01 12:48:30,150 - Interaction: PROBABILISTIC vs COOPERATOR, Payoffs: 5, 0
2024-12-01 12:48:30,151 - Interaction: DEFECTOR vs COOPERATOR, Payoffs: 5, 0
2024-12-01 12:48:30,152 - Interaction: DEFECTOR vs COOPERATOR, Payoffs: 5, 0
2024-12-01 12:48:30,154 - Interaction: COOPERATOR vs COOPERATOR, Payoffs: 3, 3
2024-12-01 12:48:30,156 - Interaction: COOPERATOR vs DEFECTOR, Payoffs: 0, 5
2024-12-01 12:48:30,156 - Interaction: COOPERATOR vs COOPERATOR, Payoffs: 3, 3
2024-12-01 12:48:30,157 - Interaction: COOPERATOR vs COOPERATOR, Payoffs: 3, 3
2024-12-01 12:48:30,157 - Interaction: COOPERATOR vs PROBABILISTIC, Payoffs: 0, 5
2024-12-01 12:48:30,159 - Interaction: COOPERATOR vs DEFECTOR, Payoffs: 0, 5
2024-12-01 12:48:30,159 - Interaction: COOPERATOR vs COOPERATOR, Payoffs: 3, 3
2024-12-01 12:48:30,160 - Interaction: COOPERATOR vs COOPERATOR, Payoffs: 3, 3
2024-12-01 12:48:30,160 - Interaction: COOPERATOR vs COOPERATOR, Payoffs: 3, 3
2024-12-01 12:48:30,160 - Interaction: PROBABILISTIC vs PROBABILISTIC, Payoffs: 3, 3
2024-12-01 12:48:30,161 - Interaction: PROBABILISTIC vs PROBABILISTIC, Payoffs: 0, 5
2024-12-01 12:48:30,161 - Interaction: PROBABILISTIC vs PROBABILISTIC, Payoffs: 3, 3
2024-12-01 12:48:30,161 - Interaction: PROBABILISTIC vs PROBABILISTIC, Payoffs: 0, 5
2024-12-01 12:48:30,163 - Interaction: COOPERATOR vs PROBABILISTIC, Payoffs: 3, 3
2024-12-01 12:48:30,164 - Interaction: COOPERATOR vs COOPERATOR, Payoffs: 3, 3
2024-12-01 12:48:30,164 - Interaction: COOPERATOR vs PROBABILISTIC, Payoffs: 3, 3
2024-12-01 12:48:30,164 - Interaction: COOPERATOR vs COOPERATOR, Payoffs: 3, 3
2024-12-01 12:48:30,164 - Interaction: COOPERATOR vs COOPERATOR, Payoffs: 3, 3
2024-12-01 12:48:30,166 - Interaction: PROBABILISTIC vs PROBABILISTIC, Payoffs: 5, 0
2024-12-01 12:48:30,166 - Interaction: PROBABILISTIC vs PROBABILISTIC, Payoffs: 5, 0
2024-12-01 12:48:30,166 - Agents count: 40
2024-12-01 12:48:30,195 - Interaction: PROBABILISTIC vs COOPERATOR, Payoffs: 3, 3
2024-12-01 12:48:30,196 - Interaction: PROBABILISTIC vs COOPERATOR, Payoffs: 3, 3
2024-12-01 12:48:30,199 - Interaction: COOPERATOR vs COOPERATOR, Payoffs: 3, 3
2024-12-01 12:48:30,202 - Interaction: DEFECTOR vs COOPERATOR, Payoffs: 5, 0
2024-12-01 12:48:30,203 - Interaction: DEFECTOR vs COOPERATOR, Payoffs: 5, 0
2024-12-01 12:48:30,205 - Interaction: COOPERATOR vs COOPERATOR, Payoffs: 3, 3
2024-12-01 12:48:30,207 - Interaction: COOPERATOR vs DEFECTOR, Payoffs: 0, 5
2024-12-01 12:48:30,207 - Interaction: COOPERATOR vs COOPERATOR, Payoffs: 3, 3
2024-12-01 12:48:30,209 - Interaction: COOPERATOR vs COOPERATOR, Payoffs: 3, 3
2024-12-01 12:48:30,209 - Interaction: COOPERATOR vs DEFECTOR, Payoffs: 0, 5
2024-12-01 12:48:30,210 - Interaction: COOPERATOR vs COOPERATOR, Payoffs: 3, 3
2024-12-01 12:48:30,211 - Interaction: COOPERATOR vs COOPERATOR, Payoffs: 3, 3
2024-12-01 12:48:30,211 - Interaction: COOPERATOR vs COOPERATOR, Payoffs: 3, 3
2024-12-01 12:48:30,211 - Interaction: PROBABILISTIC vs PROBABILISTIC, Payoffs: 3, 3
2024-12-01 12:48:30,211 - Interaction: PROBABILISTIC vs PROBABILISTIC, Payoffs: 0, 5
2024-12-01 12:48:30,212 - Interaction: PROBABILISTIC vs PROBABILISTIC, Payoffs: 3, 3
2024-12-01 12:48:30,212 - Interaction: PROBABILISTIC vs PROBABILISTIC, Payoffs: 0, 5
2024-12-01 12:48:30,215 - Interaction: COOPERATOR vs PROBABILISTIC, Payoffs: 3, 3
2024-12-01 12:48:30,215 - Interaction: COOPERATOR vs COOPERATOR, Payoffs: 3, 3
2024-12-01 12:48:30,216 - Interaction: COOPERATOR vs PROBABILISTIC, Payoffs: 3, 3
2024-12-01 12:48:30,216 - Interaction: COOPERATOR vs COOPERATOR, Payoffs: 3, 3
2024-12-01 12:48:30,217 - Interaction: COOPERATOR vs COOPERATOR, Payoffs: 3, 3
2024-12-01 12:48:30,217 - Interaction: PROBABILISTIC vs PROBABILISTIC, Payoffs: 5, 0
2024-12-01 12:48:30,217 - Interaction: PROBABILISTIC vs PROBABILISTIC, Payoffs: 3, 3
2024-12-01 12:48:30,561 - Agents count: 40
2024-12-01 12:48:30,591 - Interaction: PROBABILISTIC vs COOPERATOR, Payoffs: 3, 3
2024-12-01 12:48:30,592 - Interaction: PROBABILISTIC vs COOPERATOR, Payoffs: 3, 3
2024-12-01 12:48:30,593 - Interaction: COOPERATOR vs COOPERATOR, Payoffs: 3, 3
2024-12-01 12:48:30,595 - Interaction: DEFECTOR vs COOPERATOR, Payoffs: 5, 0
2024-12-01 12:48:30,600 - Interaction: COOPERATOR vs COOPERATOR, Payoffs: 3, 3
2024-12-01 12:48:30,601 - Interaction: COOPERATOR vs COOPERATOR, Payoffs: 3, 3
2024-12-01 12:48:30,601 - Interaction: COOPERATOR vs DEFECTOR, Payoffs: 0, 5
2024-12-01 12:48:30,602 - Interaction: COOPERATOR vs COOPERATOR, Payoffs: 3, 3
2024-12-01 12:48:30,602 - Interaction: COOPERATOR vs COOPERATOR, Payoffs: 3, 3
2024-12-01 12:48:30,603 - Interaction: PROBABILISTIC vs PROBABILISTIC, Payoffs: 3, 3
2024-12-01 12:48:30,603 - Interaction: PROBABILISTIC vs PROBABILISTIC, Payoffs: 3, 3
2024-12-01 12:48:30,603 - Interaction: PROBABILISTIC vs PROBABILISTIC, Payoffs: 3, 3
2024-12-01 12:48:30,603 - Interaction: PROBABILISTIC vs PROBABILISTIC, Payoffs: 3, 3
2024-12-01 12:48:30,605 - Interaction: COOPERATOR vs PROBABILISTIC, Payoffs: 3, 3
2024-12-01 12:48:30,605 - Interaction: COOPERATOR vs COOPERATOR, Payoffs: 3, 3
2024-12-01 12:48:30,606 - Interaction: COOPERATOR vs PROBABILISTIC, Payoffs: 3, 3
2024-12-01 12:48:30,606 - Interaction: COOPERATOR vs COOPERATOR, Payoffs: 3, 3
2024-12-01 12:48:30,606 - Interaction: COOPERATOR vs COOPERATOR, Payoffs: 3, 3
2024-12-01 12:48:30,607 - Interaction: PROBABILISTIC vs PROBABILISTIC, Payoffs: 3, 3
2024-12-01 12:48:30,607 - Interaction: PROBABILISTIC vs PROBABILISTIC, Payoffs: 3, 3
2024-12-01 12:48:30,607 - Agents count: 40
2024-12-01 12:48:30,638 - Interaction: PROBABILISTIC vs COOPERATOR, Payoffs: 3, 3
2024-12-01 12:48:30,638 - New agent spawned with strategy: COOPERATOR
2024-12-01 12:48:30,638 - Interaction: PROBABILISTIC vs COOPERATOR, Payoffs: 3, 3
2024-12-01 12:48:30,639 - Interaction: PROBABILISTIC vs COOPERATOR, Payoffs: 3, 3
2024-12-01 12:48:30,643 - Interaction: COOPERATOR vs COOPERATOR, Payoffs: 3, 3
2024-12-01 12:48:30,653 - Interaction: COOPERATOR vs COOPERATOR, Payoffs: 3, 3
2024-12-01 12:48:30,655 - Interaction: COOPERATOR vs PROBABILISTIC, Payoffs: 3, 3
2024-12-01 12:48:30,655 - Interaction: COOPERATOR vs COOPERATOR, Payoffs: 3, 3
2024-12-01 12:48:30,655 - Interaction: PROBABILISTIC vs PROBABILISTIC, Payoffs: 3, 3
2024-12-01 12:48:30,655 - Interaction: PROBABILISTIC vs PROBABILISTIC, Payoffs: 3, 3
2024-12-01 12:48:30,656 - Interaction: PROBABILISTIC vs PROBABILISTIC, Payoffs: 3, 3
2024-12-01 12:48:30,656 - Interaction: PROBABILISTIC vs PROBABILISTIC, Payoffs: 3, 3
2024-12-01 12:48:30,659 - Interaction: COOPERATOR vs PROBABILISTIC, Payoffs: 3, 3
2024-12-01 12:48:30,659 - Interaction: COOPERATOR vs COOPERATOR, Payoffs: 3, 3
2024-12-01 12:48:30,661 - Interaction: COOPERATOR vs PROBABILISTIC, Payoffs: 3, 3
2024-12-01 12:48:30,661 - Interaction: COOPERATOR vs COOPERATOR, Payoffs: 3, 3
2024-12-01 12:48:30,662 - Interaction: COOPERATOR vs COOPERATOR, Payoffs: 3, 3
2024-12-01 12:48:30,662 - Interaction: PROBABILISTIC vs PROBABILISTIC, Payoffs: 3, 3
2024-12-01 12:48:30,662 - Interaction: PROBABILISTIC vs PROBABILISTIC, Payoffs: 3, 3
2024-12-01 12:48:30,663 - Interaction: COOPERATOR vs PROBABILISTIC, Payoffs: 3, 3
2024-12-01 12:48:30,664 - Interaction: COOPERATOR vs COOPERATOR, Payoffs: 3, 3
2024-12-01 12:48:30,664 - Interaction: COOPERATOR vs COOPERATOR, Payoffs: 3, 3
2024-12-01 12:48:30,665 - Agents count: 41
2024-12-01 12:48:30,697 - Interaction: PROBABILISTIC vs COOPERATOR, Payoffs: 3, 3
2024-12-01 12:48:30,697 - Interaction: PROBABILISTIC vs COOPERATOR, Payoffs: 3, 3
2024-12-01 12:48:30,697 - Interaction: PROBABILISTIC vs COOPERATOR, Payoffs: 3, 3
2024-12-01 12:48:30,697 - Interaction: PROBABILISTIC vs COOPERATOR, Payoffs: 3, 3
2024-12-01 12:48:30,700 - Interaction: COOPERATOR vs COOPERATOR, Payoffs: 3, 3
2024-12-01 12:48:30,709 - Interaction: COOPERATOR vs COOPERATOR, Payoffs: 3, 3
2024-12-01 12:48:30,710 - Interaction: COOPERATOR vs PROBABILISTIC, Payoffs: 3, 3
2024-12-01 12:48:30,710 - Interaction: COOPERATOR vs COOPERATOR, Payoffs: 3, 3
2024-12-01 12:48:30,710 - Interaction: COOPERATOR vs COOPERATOR, Payoffs: 3, 3
2024-12-01 12:48:30,711 - Interaction: PROBABILISTIC vs PROBABILISTIC, Payoffs: 3, 3
2024-12-01 12:48:30,711 - Interaction: PROBABILISTIC vs PROBABILISTIC, Payoffs: 3, 3
2024-12-01 12:48:30,712 - Interaction: PROBABILISTIC vs PROBABILISTIC, Payoffs: 3, 3
2024-12-01 12:48:30,712 - Interaction: PROBABILISTIC vs PROBABILISTIC, Payoffs: 3, 3
2024-12-01 12:48:30,715 - Interaction: COOPERATOR vs PROBABILISTIC, Payoffs: 3, 3
2024-12-01 12:48:30,716 - Interaction: COOPERATOR vs COOPERATOR, Payoffs: 3, 3
2024-12-01 12:48:30,716 - Interaction: COOPERATOR vs PROBABILISTIC, Payoffs: 3, 3
2024-12-01 12:48:30,717 - Interaction: COOPERATOR vs COOPERATOR, Payoffs: 3, 3
2024-12-01 12:48:30,717 - Interaction: COOPERATOR vs COOPERATOR, Payoffs: 3, 3
2024-12-01 12:48:30,717 - Interaction: COOPERATOR vs COOPERATOR, Payoffs: 3, 3
2024-12-01 12:48:30,717 - Interaction: PROBABILISTIC vs PROBABILISTIC, Payoffs: 3, 3
2024-12-01 12:48:30,717 - Interaction: PROBABILISTIC vs PROBABILISTIC, Payoffs: 3, 3
2024-12-01 12:48:30,719 - Interaction: COOPERATOR vs PROBABILISTIC, Payoffs: 3, 3
2024-12-01 12:48:30,719 - Interaction: COOPERATOR vs COOPERATOR, Payoffs: 3, 3
2024-12-01 12:48:30,719 - Interaction: COOPERATOR vs COOPERATOR, Payoffs: 3, 3
2024-12-01 12:48:31,006 - Agents count: 41
2024-12-01 12:48:31,032 - Interaction: PROBABILISTIC vs COOPERATOR, Payoffs: 3, 3
2024-12-01 12:48:31,032 - Interaction: PROBABILISTIC vs COOPERATOR, Payoffs: 3, 3
2024-12-01 12:48:31,033 - Interaction: PROBABILISTIC vs COOPERATOR, Payoffs: 3, 3
2024-12-01 12:48:31,033 - Interaction: PROBABILISTIC vs COOPERATOR, Payoffs: 3, 3
2024-12-01 12:48:31,034 - Interaction: COOPERATOR vs COOPERATOR, Payoffs: 3, 3
2024-12-01 12:48:31,036 - Interaction: PROBABILISTIC vs COOPERATOR, Payoffs: 3, 3
2024-12-01 12:48:31,041 - Interaction: COOPERATOR vs COOPERATOR, Payoffs: 3, 3
2024-12-01 12:48:31,042 - Interaction: COOPERATOR vs PROBABILISTIC, Payoffs: 3, 3
2024-12-01 12:48:31,042 - Interaction: COOPERATOR vs COOPERATOR, Payoffs: 3, 3
2024-12-01 12:48:31,042 - Interaction: COOPERATOR vs COOPERATOR, Payoffs: 3, 3
2024-12-01 12:48:31,042 - Interaction: PROBABILISTIC vs PROBABILISTIC, Payoffs: 3, 3
2024-12-01 12:48:31,043 - Interaction: PROBABILISTIC vs PROBABILISTIC, Payoffs: 3, 3
2024-12-01 12:48:31,043 - Interaction: PROBABILISTIC vs PROBABILISTIC, Payoffs: 3, 3
2024-12-01 12:48:31,043 - Interaction: PROBABILISTIC vs PROBABILISTIC, Payoffs: 3, 3
2024-12-01 12:48:31,044 - Interaction: COOPERATOR vs PROBABILISTIC, Payoffs: 3, 3
2024-12-01 12:48:31,045 - Interaction: COOPERATOR vs PROBABILISTIC, Payoffs: 3, 3
2024-12-01 12:48:31,045 - Interaction: COOPERATOR vs COOPERATOR, Payoffs: 3, 3
2024-12-01 12:48:31,046 - Interaction: COOPERATOR vs PROBABILISTIC, Payoffs: 3, 3
2024-12-01 12:48:31,046 - Interaction: COOPERATOR vs COOPERATOR, Payoffs: 3, 3
2024-12-01 12:48:31,046 - Interaction: COOPERATOR vs COOPERATOR, Payoffs: 3, 3
2024-12-01 12:48:31,046 - Interaction: COOPERATOR vs COOPERATOR, Payoffs: 3, 3
2024-12-01 12:48:31,047 - Interaction: PROBABILISTIC vs PROBABILISTIC, Payoffs: 3, 3
2024-12-01 12:48:31,047 - Interaction: PROBABILISTIC vs PROBABILISTIC, Payoffs: 3, 3
2024-12-01 12:48:31,047 - Interaction: COOPERATOR vs PROBABILISTIC, Payoffs: 3, 3
2024-12-01 12:48:31,049 - Interaction: COOPERATOR vs COOPERATOR, Payoffs: 3, 3
2024-12-01 12:48:31,049 - Interaction: COOPERATOR vs COOPERATOR, Payoffs: 3, 3
2024-12-01 12:48:31,049 - Agents count: 41
2024-12-01 12:48:31,074 - Interaction: PROBABILISTIC vs COOPERATOR, Payoffs: 3, 3
2024-12-01 12:48:31,074 - Interaction: PROBABILISTIC vs COOPERATOR, Payoffs: 3, 3
2024-12-01 12:48:31,074 - Interaction: PROBABILISTIC vs COOPERATOR, Payoffs: 3, 3
2024-12-01 12:48:31,074 - Interaction: PROBABILISTIC vs COOPERATOR, Payoffs: 3, 3
2024-12-01 12:48:31,076 - Interaction: COOPERATOR vs COOPERATOR, Payoffs: 3, 3
2024-12-01 12:48:31,079 - Interaction: PROBABILISTIC vs COOPERATOR, Payoffs: 3, 3
2024-12-01 12:48:31,083 - Interaction: COOPERATOR vs COOPERATOR, Payoffs: 3, 3
2024-12-01 12:48:31,084 - Interaction: COOPERATOR vs PROBABILISTIC, Payoffs: 3, 3
2024-12-01 12:48:31,084 - Interaction: COOPERATOR vs COOPERATOR, Payoffs: 3, 3
2024-12-01 12:48:31,084 - Interaction: COOPERATOR vs COOPERATOR, Payoffs: 3, 3
2024-12-01 12:48:31,085 - Interaction: PROBABILISTIC vs PROBABILISTIC, Payoffs: 3, 3
2024-12-01 12:48:31,085 - Interaction: PROBABILISTIC vs PROBABILISTIC, Payoffs: 3, 3
2024-12-01 12:48:31,085 - Interaction: PROBABILISTIC vs PROBABILISTIC, Payoffs: 3, 3
2024-12-01 12:48:31,086 - Interaction: PROBABILISTIC vs PROBABILISTIC, Payoffs: 3, 3
2024-12-01 12:48:31,086 - Interaction: COOPERATOR vs PROBABILISTIC, Payoffs: 3, 3
2024-12-01 12:48:31,087 - Interaction: COOPERATOR vs PROBABILISTIC, Payoffs: 3, 3
2024-12-01 12:48:31,088 - Interaction: COOPERATOR vs PROBABILISTIC, Payoffs: 3, 3
2024-12-01 12:48:31,088 - Interaction: COOPERATOR vs COOPERATOR, Payoffs: 3, 3
2024-12-01 12:48:31,088 - Interaction: COOPERATOR vs COOPERATOR, Payoffs: 3, 3
2024-12-01 12:48:31,089 - Interaction: PROBABILISTIC vs PROBABILISTIC, Payoffs: 3, 3
2024-12-01 12:48:31,089 - Interaction: PROBABILISTIC vs PROBABILISTIC, Payoffs: 3, 3
2024-12-01 12:48:31,089 - Interaction: COOPERATOR vs PROBABILISTIC, Payoffs: 3, 3
2024-12-01 12:48:31,089 - Interaction: COOPERATOR vs COOPERATOR, Payoffs: 3, 3
2024-12-01 12:48:31,089 - Interaction: COOPERATOR vs COOPERATOR, Payoffs: 3, 3
2024-12-01 12:48:31,090 - Agents count: 41
2024-12-01 12:48:31,115 - Interaction: PROBABILISTIC vs COOPERATOR, Payoffs: 3, 3
2024-12-01 12:48:31,115 - Interaction: PROBABILISTIC vs COOPERATOR, Payoffs: 3, 3
2024-12-01 12:48:31,115 - Interaction: PROBABILISTIC vs COOPERATOR, Payoffs: 3, 3
2024-12-01 12:48:31,116 - Interaction: PROBABILISTIC vs COOPERATOR, Payoffs: 3, 3
2024-12-01 12:48:31,117 - Interaction: COOPERATOR vs COOPERATOR, Payoffs: 3, 3
2024-12-01 12:48:31,120 - Interaction: PROBABILISTIC vs COOPERATOR, Payoffs: 3, 3
2024-12-01 12:48:31,123 - Interaction: COOPERATOR vs COOPERATOR, Payoffs: 3, 3
2024-12-01 12:48:31,125 - Interaction: COOPERATOR vs PROBABILISTIC, Payoffs: 3, 3
2024-12-01 12:48:31,125 - Interaction: COOPERATOR vs COOPERATOR, Payoffs: 3, 3
2024-12-01 12:48:31,125 - Interaction: COOPERATOR vs COOPERATOR, Payoffs: 3, 3
2024-12-01 12:48:31,125 - Interaction: PROBABILISTIC vs PROBABILISTIC, Payoffs: 3, 3
2024-12-01 12:48:31,126 - Interaction: PROBABILISTIC vs PROBABILISTIC, Payoffs: 3, 3
2024-12-01 12:48:31,126 - Interaction: PROBABILISTIC vs PROBABILISTIC, Payoffs: 3, 3
2024-12-01 12:48:31,126 - Interaction: PROBABILISTIC vs PROBABILISTIC, Payoffs: 3, 3
2024-12-01 12:48:31,127 - Interaction: COOPERATOR vs PROBABILISTIC, Payoffs: 3, 3
2024-12-01 12:48:31,127 - Interaction: COOPERATOR vs PROBABILISTIC, Payoffs: 3, 3
2024-12-01 12:48:31,129 - Interaction: COOPERATOR vs PROBABILISTIC, Payoffs: 3, 3
2024-12-01 12:48:31,129 - Interaction: COOPERATOR vs COOPERATOR, Payoffs: 3, 3
2024-12-01 12:48:31,129 - Interaction: COOPERATOR vs COOPERATOR, Payoffs: 3, 3
2024-12-01 12:48:31,130 - Interaction: PROBABILISTIC vs PROBABILISTIC, Payoffs: 3, 3
2024-12-01 12:48:31,130 - Interaction: PROBABILISTIC vs PROBABILISTIC, Payoffs: 3, 3
2024-12-01 12:48:31,130 - Interaction: COOPERATOR vs PROBABILISTIC, Payoffs: 3, 3
2024-12-01 12:48:31,130 - Interaction: COOPERATOR vs COOPERATOR, Payoffs: 3, 3
2024-12-01 12:48:31,130 - Interaction: COOPERATOR vs COOPERATOR, Payoffs: 3, 3
2024-12-01 12:48:31,131 - Agents count: 41
2024-12-01 12:48:31,157 - Interaction: PROBABILISTIC vs COOPERATOR, Payoffs: 3, 3
2024-12-01 12:48:31,157 - New agent spawned with strategy: COOPERATOR
2024-12-01 12:48:31,157 - Interaction: PROBABILISTIC vs COOPERATOR, Payoffs: 3, 3
2024-12-01 12:48:31,157 - Interaction: PROBABILISTIC vs COOPERATOR, Payoffs: 3, 3
2024-12-01 12:48:31,157 - Interaction: PROBABILISTIC vs COOPERATOR, Payoffs: 3, 3
2024-12-01 12:48:31,159 - Interaction: COOPERATOR vs COOPERATOR, Payoffs: 3, 3
2024-12-01 12:48:31,161 - Interaction: PROBABILISTIC vs COOPERATOR, Payoffs: 3, 3
2024-12-01 12:48:31,165 - Interaction: COOPERATOR vs COOPERATOR, Payoffs: 3, 3
2024-12-01 12:48:31,166 - Interaction: COOPERATOR vs PROBABILISTIC, Payoffs: 3, 3
2024-12-01 12:48:31,166 - Interaction: COOPERATOR vs COOPERATOR, Payoffs: 3, 3
2024-12-01 12:48:31,166 - Interaction: COOPERATOR vs COOPERATOR, Payoffs: 3, 3
2024-12-01 12:48:31,167 - Interaction: PROBABILISTIC vs PROBABILISTIC, Payoffs: 3, 3
2024-12-01 12:48:31,167 - Interaction: PROBABILISTIC vs PROBABILISTIC, Payoffs: 3, 3
2024-12-01 12:48:31,167 - Interaction: PROBABILISTIC vs PROBABILISTIC, Payoffs: 3, 3
2024-12-01 12:48:31,167 - Interaction: PROBABILISTIC vs PROBABILISTIC, Payoffs: 3, 3
2024-12-01 12:48:31,167 - Interaction: COOPERATOR vs PROBABILISTIC, Payoffs: 3, 3
2024-12-01 12:48:31,169 - Interaction: COOPERATOR vs PROBABILISTIC, Payoffs: 3, 3
2024-12-01 12:48:31,170 - Interaction: COOPERATOR vs PROBABILISTIC, Payoffs: 3, 3
2024-12-01 12:48:31,170 - Interaction: COOPERATOR vs COOPERATOR, Payoffs: 3, 3
2024-12-01 12:48:31,170 - Interaction: COOPERATOR vs COOPERATOR, Payoffs: 3, 3
2024-12-01 12:48:31,171 - Interaction: PROBABILISTIC vs PROBABILISTIC, Payoffs: 3, 3
2024-12-01 12:48:31,171 - Interaction: PROBABILISTIC vs PROBABILISTIC, Payoffs: 3, 3
2024-12-01 12:48:31,171 - Interaction: COOPERATOR vs PROBABILISTIC, Payoffs: 3, 3
2024-12-01 12:48:31,172 - Interaction: COOPERATOR vs COOPERATOR, Payoffs: 3, 3
2024-12-01 12:48:31,172 - Interaction: COOPERATOR vs COOPERATOR, Payoffs: 3, 3
2024-12-01 12:48:31,172 - Interaction: COOPERATOR vs PROBABILISTIC, Payoffs: 3, 3
2024-12-01 12:48:31,173 - Interaction: COOPERATOR vs COOPERATOR, Payoffs: 3, 3
2024-12-01 12:48:31,173 - Interaction: COOPERATOR vs COOPERATOR, Payoffs: 3, 3
2024-12-01 12:48:31,173 - Interaction: COOPERATOR vs COOPERATOR, Payoffs: 3, 3
2024-12-01 12:48:31,173 - Agents count: 42
2024-12-01 12:48:31,197 - Interaction: PROBABILISTIC vs COOPERATOR, Payoffs: 3, 3
2024-12-01 12:48:31,199 - Interaction: PROBABILISTIC vs COOPERATOR, Payoffs: 3, 3
2024-12-01 12:48:31,199 - Interaction: PROBABILISTIC vs COOPERATOR, Payoffs: 3, 3
2024-12-01 12:48:31,199 - Interaction: PROBABILISTIC vs COOPERATOR, Payoffs: 3, 3
2024-12-01 12:48:31,201 - Interaction: COOPERATOR vs COOPERATOR, Payoffs: 3, 3
2024-12-01 12:48:31,203 - Interaction: PROBABILISTIC vs COOPERATOR, Payoffs: 3, 3
2024-12-01 12:48:31,208 - Interaction: COOPERATOR vs COOPERATOR, Payoffs: 3, 3
2024-12-01 12:48:31,209 - Interaction: COOPERATOR vs PROBABILISTIC, Payoffs: 3, 3
2024-12-01 12:48:31,210 - Interaction: COOPERATOR vs COOPERATOR, Payoffs: 3, 3
2024-12-01 12:48:31,210 - Interaction: COOPERATOR vs COOPERATOR, Payoffs: 3, 3
2024-12-01 12:48:31,210 - Interaction: COOPERATOR vs COOPERATOR, Payoffs: 3, 3
2024-12-01 12:48:31,210 - Interaction: PROBABILISTIC vs PROBABILISTIC, Payoffs: 3, 3
2024-12-01 12:48:31,211 - Interaction: PROBABILISTIC vs PROBABILISTIC, Payoffs: 3, 3
2024-12-01 12:48:31,211 - Interaction: PROBABILISTIC vs PROBABILISTIC, Payoffs: 3, 3
2024-12-01 12:48:31,211 - Interaction: PROBABILISTIC vs PROBABILISTIC, Payoffs: 3, 3
2024-12-01 12:48:31,212 - Interaction: COOPERATOR vs PROBABILISTIC, Payoffs: 3, 3
2024-12-01 12:48:31,213 - Interaction: COOPERATOR vs PROBABILISTIC, Payoffs: 3, 3
2024-12-01 12:48:31,214 - Interaction: COOPERATOR vs COOPERATOR, Payoffs: 3, 3
2024-12-01 12:48:31,215 - Interaction: COOPERATOR vs COOPERATOR, Payoffs: 3, 3
2024-12-01 12:48:31,215 - Interaction: COOPERATOR vs COOPERATOR, Payoffs: 3, 3
2024-12-01 12:48:31,216 - Interaction: PROBABILISTIC vs PROBABILISTIC, Payoffs: 3, 3
2024-12-01 12:48:31,216 - Interaction: PROBABILISTIC vs PROBABILISTIC, Payoffs: 3, 3
2024-12-01 12:48:31,217 - Interaction: COOPERATOR vs PROBABILISTIC, Payoffs: 3, 3
2024-12-01 12:48:31,217 - Interaction: COOPERATOR vs COOPERATOR, Payoffs: 3, 3
2024-12-01 12:48:31,217 - Interaction: COOPERATOR vs COOPERATOR, Payoffs: 3, 3
2024-12-01 12:48:31,217 - Interaction: COOPERATOR vs COOPERATOR, Payoffs: 3, 3
2024-12-01 12:48:31,218 - Interaction: COOPERATOR vs PROBABILISTIC, Payoffs: 3, 3
2024-12-01 12:48:31,218 - Interaction: COOPERATOR vs COOPERATOR, Payoffs: 3, 3
2024-12-01 12:48:31,218 - Interaction: COOPERATOR vs COOPERATOR, Payoffs: 3, 3
2024-12-01 12:48:31,218 - Interaction: COOPERATOR vs COOPERATOR, Payoffs: 3, 3
2024-12-01 12:48:31,219 - Agents count: 42
2024-12-01 12:48:31,245 - Interaction: PROBABILISTIC vs COOPERATOR, Payoffs: 3, 3
2024-12-01 12:48:31,246 - Interaction: PROBABILISTIC vs COOPERATOR, Payoffs: 3, 3
2024-12-01 12:48:31,246 - Interaction: PROBABILISTIC vs COOPERATOR, Payoffs: 3, 3
2024-12-01 12:48:31,246 - Interaction: PROBABILISTIC vs COOPERATOR, Payoffs: 3, 3
2024-12-01 12:48:31,249 - Interaction: COOPERATOR vs COOPERATOR, Payoffs: 3, 3
2024-12-01 12:48:31,260 - Interaction: COOPERATOR vs COOPERATOR, Payoffs: 3, 3
2024-12-01 12:48:31,261 - Interaction: COOPERATOR vs PROBABILISTIC, Payoffs: 3, 3
2024-12-01 12:48:31,261 - Interaction: COOPERATOR vs COOPERATOR, Payoffs: 3, 3
2024-12-01 12:48:31,262 - Interaction: COOPERATOR vs COOPERATOR, Payoffs: 3, 3
2024-12-01 12:48:31,262 - Interaction: PROBABILISTIC vs PROBABILISTIC, Payoffs: 3, 3
2024-12-01 12:48:31,263 - Interaction: PROBABILISTIC vs PROBABILISTIC, Payoffs: 3, 3
2024-12-01 12:48:31,263 - Interaction: PROBABILISTIC vs PROBABILISTIC, Payoffs: 3, 3
2024-12-01 12:48:31,264 - Interaction: PROBABILISTIC vs PROBABILISTIC, Payoffs: 3, 3
2024-12-01 12:48:31,265 - Interaction: COOPERATOR vs PROBABILISTIC, Payoffs: 3, 3
2024-12-01 12:48:31,265 - Interaction: COOPERATOR vs COOPERATOR, Payoffs: 3, 3
2024-12-01 12:48:31,265 - Interaction: COOPERATOR vs COOPERATOR, Payoffs: 3, 3
2024-12-01 12:48:31,267 - Interaction: COOPERATOR vs COOPERATOR, Payoffs: 3, 3
2024-12-01 12:48:31,267 - Interaction: PROBABILISTIC vs PROBABILISTIC, Payoffs: 3, 3
2024-12-01 12:48:31,267 - Interaction: PROBABILISTIC vs PROBABILISTIC, Payoffs: 3, 3
2024-12-01 12:48:31,268 - Interaction: COOPERATOR vs PROBABILISTIC, Payoffs: 3, 3
2024-12-01 12:48:31,268 - Interaction: COOPERATOR vs COOPERATOR, Payoffs: 3, 3
2024-12-01 12:48:31,268 - Interaction: COOPERATOR vs COOPERATOR, Payoffs: 3, 3
2024-12-01 12:48:31,268 - Interaction: COOPERATOR vs COOPERATOR, Payoffs: 3, 3
2024-12-01 12:48:31,268 - Interaction: COOPERATOR vs PROBABILISTIC, Payoffs: 3, 3
2024-12-01 12:48:31,269 - Interaction: COOPERATOR vs COOPERATOR, Payoffs: 3, 3
2024-12-01 12:48:31,269 - Interaction: COOPERATOR vs COOPERATOR, Payoffs: 3, 3
2024-12-01 12:48:31,515 - Agents count: 42
2024-12-01 12:48:31,543 - Interaction: PROBABILISTIC vs COOPERATOR, Payoffs: 3, 3
2024-12-01 12:48:31,543 - Interaction: PROBABILISTIC vs COOPERATOR, Payoffs: 3, 3
2024-12-01 12:48:31,543 - Interaction: PROBABILISTIC vs COOPERATOR, Payoffs: 3, 3
2024-12-01 12:48:31,543 - Interaction: PROBABILISTIC vs COOPERATOR, Payoffs: 3, 3
2024-12-01 12:48:31,545 - Interaction: COOPERATOR vs COOPERATOR, Payoffs: 3, 3
2024-12-01 12:48:31,552 - Interaction: COOPERATOR vs COOPERATOR, Payoffs: 3, 3
2024-12-01 12:48:31,553 - Interaction: COOPERATOR vs PROBABILISTIC, Payoffs: 3, 3
2024-12-01 12:48:31,553 - Interaction: COOPERATOR vs COOPERATOR, Payoffs: 3, 3
2024-12-01 12:48:31,553 - Interaction: COOPERATOR vs COOPERATOR, Payoffs: 3, 3
2024-12-01 12:48:31,554 - Interaction: PROBABILISTIC vs PROBABILISTIC, Payoffs: 3, 3
2024-12-01 12:48:31,554 - Interaction: PROBABILISTIC vs PROBABILISTIC, Payoffs: 3, 3
2024-12-01 12:48:31,555 - Interaction: PROBABILISTIC vs PROBABILISTIC, Payoffs: 3, 3
2024-12-01 12:48:31,555 - Interaction: PROBABILISTIC vs PROBABILISTIC, Payoffs: 3, 3
2024-12-01 12:48:31,557 - Interaction: COOPERATOR vs PROBABILISTIC, Payoffs: 3, 3
2024-12-01 12:48:31,558 - Interaction: COOPERATOR vs COOPERATOR, Payoffs: 3, 3
2024-12-01 12:48:31,558 - Interaction: COOPERATOR vs COOPERATOR, Payoffs: 3, 3
2024-12-01 12:48:31,559 - Interaction: COOPERATOR vs COOPERATOR, Payoffs: 3, 3
2024-12-01 12:48:31,559 - Interaction: PROBABILISTIC vs PROBABILISTIC, Payoffs: 3, 3
2024-12-01 12:48:31,559 - Interaction: PROBABILISTIC vs PROBABILISTIC, Payoffs: 3, 3
2024-12-01 12:48:31,560 - Interaction: COOPERATOR vs PROBABILISTIC, Payoffs: 3, 3
2024-12-01 12:48:31,560 - Interaction: COOPERATOR vs COOPERATOR, Payoffs: 3, 3
2024-12-01 12:48:31,560 - Interaction: COOPERATOR vs COOPERATOR, Payoffs: 3, 3
2024-12-01 12:48:31,561 - Interaction: COOPERATOR vs PROBABILISTIC, Payoffs: 3, 3
2024-12-01 12:48:31,561 - Interaction: COOPERATOR vs COOPERATOR, Payoffs: 3, 3
2024-12-01 12:48:31,561 - Agents count: 42
2024-12-01 12:48:31,590 - Interaction: PROBABILISTIC vs COOPERATOR, Payoffs: 3, 3
2024-12-01 12:48:31,590 - Interaction: PROBABILISTIC vs COOPERATOR, Payoffs: 3, 3
2024-12-01 12:48:31,590 - Interaction: PROBABILISTIC vs COOPERATOR, Payoffs: 3, 3
2024-12-01 12:48:31,591 - Interaction: COOPERATOR vs COOPERATOR, Payoffs: 3, 3
2024-12-01 12:48:31,594 - Interaction: COOPERATOR vs COOPERATOR, Payoffs: 3, 3
2024-12-01 12:48:31,595 - Interaction: COOPERATOR vs COOPERATOR, Payoffs: 3, 3
2024-12-01 12:48:31,595 - Interaction: COOPERATOR vs COOPERATOR, Payoffs: 3, 3
2024-12-01 12:48:31,595 - Interaction: PROBABILISTIC vs PROBABILISTIC, Payoffs: 3, 3
2024-12-01 12:48:31,596 - Interaction: PROBABILISTIC vs PROBABILISTIC, Payoffs: 3, 3
2024-12-01 12:48:31,596 - Interaction: PROBABILISTIC vs PROBABILISTIC, Payoffs: 3, 3
2024-12-01 12:48:31,598 - Interaction: COOPERATOR vs PROBABILISTIC, Payoffs: 3, 3
2024-12-01 12:48:31,598 - Interaction: COOPERATOR vs COOPERATOR, Payoffs: 3, 3
2024-12-01 12:48:31,599 - Interaction: PROBABILISTIC vs PROBABILISTIC, Payoffs: 3, 3
2024-12-01 12:48:31,599 - Interaction: COOPERATOR vs PROBABILISTIC, Payoffs: 3, 3
2024-12-01 12:48:31,599 - Interaction: COOPERATOR vs COOPERATOR, Payoffs: 3, 3
2024-12-01 12:48:31,600 - Interaction: COOPERATOR vs PROBABILISTIC, Payoffs: 3, 3
2024-12-01 12:48:31,600 - Agents count: 42
2024-12-01 12:48:31,623 - Interaction: PROBABILISTIC vs COOPERATOR, Payoffs: 3, 3
2024-12-01 12:48:31,623 - Interaction: PROBABILISTIC vs COOPERATOR, Payoffs: 3, 3
2024-12-01 12:48:31,625 - Interaction: COOPERATOR vs COOPERATOR, Payoffs: 3, 3
2024-12-01 12:48:31,631 - Interaction: COOPERATOR vs COOPERATOR, Payoffs: 3, 3
2024-12-01 12:48:31,632 - Interaction: COOPERATOR vs COOPERATOR, Payoffs: 3, 3
2024-12-01 12:48:31,632 - Interaction: COOPERATOR vs COOPERATOR, Payoffs: 3, 3
2024-12-01 12:48:31,632 - Interaction: PROBABILISTIC vs PROBABILISTIC, Payoffs: 3, 3
2024-12-01 12:48:31,632 - Interaction: PROBABILISTIC vs PROBABILISTIC, Payoffs: 3, 3
2024-12-01 12:48:31,633 - Interaction: PROBABILISTIC vs PROBABILISTIC, Payoffs: 3, 3
2024-12-01 12:48:31,635 - Interaction: COOPERATOR vs COOPERATOR, Payoffs: 3, 3
2024-12-01 12:48:31,635 - Interaction: PROBABILISTIC vs PROBABILISTIC, Payoffs: 3, 3
2024-12-01 12:48:31,636 - Interaction: COOPERATOR vs PROBABILISTIC, Payoffs: 3, 3
2024-12-01 12:48:31,636 - Interaction: COOPERATOR vs COOPERATOR, Payoffs: 3, 3
2024-12-01 12:48:31,636 - Interaction: COOPERATOR vs PROBABILISTIC, Payoffs: 3, 3
2024-12-01 12:48:31,637 - Agents count: 42
2024-12-01 12:48:31,663 - Interaction: PROBABILISTIC vs COOPERATOR, Payoffs: 3, 3
2024-12-01 12:48:31,663 - New agent spawned with strategy: COOPERATOR
2024-12-01 12:48:31,663 - Interaction: PROBABILISTIC vs COOPERATOR, Payoffs: 3, 3
2024-12-01 12:48:31,665 - Interaction: COOPERATOR vs COOPERATOR, Payoffs: 3, 3
2024-12-01 12:48:31,671 - Interaction: COOPERATOR vs COOPERATOR, Payoffs: 3, 3
2024-12-01 12:48:31,672 - Interaction: COOPERATOR vs COOPERATOR, Payoffs: 3, 3
2024-12-01 12:48:31,672 - Interaction: COOPERATOR vs COOPERATOR, Payoffs: 3, 3
2024-12-01 12:48:31,672 - Interaction: PROBABILISTIC vs PROBABILISTIC, Payoffs: 3, 3
2024-12-01 12:48:31,673 - Interaction: PROBABILISTIC vs PROBABILISTIC, Payoffs: 3, 3
2024-12-01 12:48:31,675 - Interaction: COOPERATOR vs COOPERATOR, Payoffs: 3, 3
2024-12-01 12:48:31,676 - Interaction: COOPERATOR vs PROBABILISTIC, Payoffs: 3, 3
2024-12-01 12:48:31,676 - Interaction: COOPERATOR vs COOPERATOR, Payoffs: 3, 3
2024-12-01 12:48:31,676 - Interaction: COOPERATOR vs PROBABILISTIC, Payoffs: 3, 3
2024-12-01 12:48:31,677 - Interaction: COOPERATOR vs PROBABILISTIC, Payoffs: 3, 3
2024-12-01 12:48:31,677 - Interaction: COOPERATOR vs COOPERATOR, Payoffs: 3, 3
2024-12-01 12:48:31,677 - Interaction: COOPERATOR vs COOPERATOR, Payoffs: 3, 3
2024-12-01 12:48:31,677 - Agents count: 43
2024-12-01 12:48:31,708 - Interaction: PROBABILISTIC vs COOPERATOR, Payoffs: 3, 3
2024-12-01 12:48:31,708 - Interaction: PROBABILISTIC vs COOPERATOR, Payoffs: 3, 3
2024-12-01 12:48:31,710 - Interaction: COOPERATOR vs COOPERATOR, Payoffs: 3, 3
2024-12-01 12:48:31,719 - Interaction: COOPERATOR vs COOPERATOR, Payoffs: 3, 3
2024-12-01 12:48:31,721 - Interaction: COOPERATOR vs COOPERATOR, Payoffs: 3, 3
2024-12-01 12:48:31,721 - Interaction: PROBABILISTIC vs PROBABILISTIC, Payoffs: 3, 3
2024-12-01 12:48:31,722 - Interaction: PROBABILISTIC vs PROBABILISTIC, Payoffs: 3, 3
2024-12-01 12:48:31,725 - Interaction: COOPERATOR vs COOPERATOR, Payoffs: 3, 3
2024-12-01 12:48:31,727 - Interaction: COOPERATOR vs COOPERATOR, Payoffs: 3, 3
2024-12-01 12:48:31,728 - Interaction: COOPERATOR vs COOPERATOR, Payoffs: 3, 3
2024-12-01 12:48:31,729 - Interaction: COOPERATOR vs PROBABILISTIC, Payoffs: 3, 3
2024-12-01 12:48:31,730 - Interaction: COOPERATOR vs PROBABILISTIC, Payoffs: 3, 3
2024-12-01 12:48:31,731 - Interaction: COOPERATOR vs COOPERATOR, Payoffs: 3, 3
2024-12-01 12:48:31,731 - Interaction: COOPERATOR vs COOPERATOR, Payoffs: 3, 3
2024-12-01 12:48:31,731 - Agents count: 43
2024-12-01 12:48:31,780 - Interaction: PROBABILISTIC vs COOPERATOR, Payoffs: 3, 3
2024-12-01 12:48:31,781 - Interaction: PROBABILISTIC vs COOPERATOR, Payoffs: 3, 3
2024-12-01 12:48:31,784 - Interaction: COOPERATOR vs COOPERATOR, Payoffs: 3, 3
2024-12-01 12:48:31,795 - Interaction: PROBABILISTIC vs COOPERATOR, Payoffs: 3, 3
2024-12-01 12:48:31,799 - Interaction: COOPERATOR vs PROBABILISTIC, Payoffs: 3, 3
2024-12-01 12:48:31,800 - Interaction: COOPERATOR vs COOPERATOR, Payoffs: 3, 3
2024-12-01 12:48:31,802 - Interaction: COOPERATOR vs COOPERATOR, Payoffs: 3, 3
2024-12-01 12:48:31,804 - Interaction: PROBABILISTIC vs PROBABILISTIC, Payoffs: 3, 3
2024-12-01 12:48:31,806 - Interaction: PROBABILISTIC vs PROBABILISTIC, Payoffs: 3, 3
2024-12-01 12:48:31,807 - Interaction: COOPERATOR vs COOPERATOR, Payoffs: 3, 3
2024-12-01 12:48:31,809 - Interaction: COOPERATOR vs COOPERATOR, Payoffs: 3, 3
2024-12-01 12:48:31,810 - Interaction: COOPERATOR vs COOPERATOR, Payoffs: 3, 3
2024-12-01 12:48:31,811 - Interaction: COOPERATOR vs PROBABILISTIC, Payoffs: 3, 3
2024-12-01 12:48:31,811 - Interaction: COOPERATOR vs PROBABILISTIC, Payoffs: 3, 3
2024-12-01 12:48:31,811 - Interaction: COOPERATOR vs COOPERATOR, Payoffs: 3, 3
2024-12-01 12:48:31,812 - Interaction: COOPERATOR vs COOPERATOR, Payoffs: 3, 3
2024-12-01 12:48:32,107 - Agents count: 43
2024-12-01 12:48:32,134 - Interaction: PROBABILISTIC vs COOPERATOR, Payoffs: 3, 3
2024-12-01 12:48:32,134 - Interaction: PROBABILISTIC vs COOPERATOR, Payoffs: 3, 3
2024-12-01 12:48:32,135 - Interaction: COOPERATOR vs COOPERATOR, Payoffs: 3, 3
2024-12-01 12:48:32,138 - Interaction: PROBABILISTIC vs COOPERATOR, Payoffs: 3, 3
2024-12-01 12:48:32,141 - Interaction: COOPERATOR vs PROBABILISTIC, Payoffs: 3, 3
2024-12-01 12:48:32,141 - Interaction: COOPERATOR vs COOPERATOR, Payoffs: 3, 3
2024-12-01 12:48:32,143 - Interaction: COOPERATOR vs COOPERATOR, Payoffs: 3, 3
2024-12-01 12:48:32,143 - Interaction: PROBABILISTIC vs PROBABILISTIC, Payoffs: 3, 3
2024-12-01 12:48:32,143 - Interaction: PROBABILISTIC vs PROBABILISTIC, Payoffs: 3, 3
2024-12-01 12:48:32,145 - Interaction: COOPERATOR vs COOPERATOR, Payoffs: 3, 3
2024-12-01 12:48:32,146 - Interaction: COOPERATOR vs COOPERATOR, Payoffs: 3, 3
2024-12-01 12:48:32,147 - Interaction: COOPERATOR vs PROBABILISTIC, Payoffs: 3, 3
2024-12-01 12:48:32,147 - Interaction: COOPERATOR vs PROBABILISTIC, Payoffs: 3, 3
2024-12-01 12:48:32,148 - Interaction: COOPERATOR vs COOPERATOR, Payoffs: 3, 3
2024-12-01 12:48:32,148 - Agents count: 43
2024-12-01 12:48:32,173 - Interaction: PROBABILISTIC vs COOPERATOR, Payoffs: 3, 3
2024-12-01 12:48:32,173 - New agent spawned with strategy: COOPERATOR
2024-12-01 12:48:32,173 - Interaction: PROBABILISTIC vs COOPERATOR, Payoffs: 3, 3
2024-12-01 12:48:32,174 - Interaction: COOPERATOR vs COOPERATOR, Payoffs: 3, 3
2024-12-01 12:48:32,180 - Interaction: PROBABILISTIC vs COOPERATOR, Payoffs: 3, 3
2024-12-01 12:48:32,182 - Interaction: COOPERATOR vs PROBABILISTIC, Payoffs: 3, 3
2024-12-01 12:48:32,183 - Interaction: COOPERATOR vs COOPERATOR, Payoffs: 3, 3
2024-12-01 12:48:32,184 - Interaction: COOPERATOR vs COOPERATOR, Payoffs: 3, 3
2024-12-01 12:48:32,186 - Interaction: COOPERATOR vs COOPERATOR, Payoffs: 3, 3
2024-12-01 12:48:32,187 - Interaction: COOPERATOR vs COOPERATOR, Payoffs: 3, 3
2024-12-01 12:48:32,188 - Interaction: COOPERATOR vs PROBABILISTIC, Payoffs: 3, 3
2024-12-01 12:48:32,189 - Interaction: COOPERATOR vs PROBABILISTIC, Payoffs: 3, 3
2024-12-01 12:48:32,189 - Interaction: COOPERATOR vs COOPERATOR, Payoffs: 3, 3
2024-12-01 12:48:32,190 - Interaction: COOPERATOR vs PROBABILISTIC, Payoffs: 3, 3
2024-12-01 12:48:32,190 - Interaction: COOPERATOR vs COOPERATOR, Payoffs: 3, 3
2024-12-01 12:48:32,190 - Agents count: 44
2024-12-01 12:48:32,218 - Interaction: PROBABILISTIC vs COOPERATOR, Payoffs: 3, 3
2024-12-01 12:48:32,218 - Interaction: PROBABILISTIC vs COOPERATOR, Payoffs: 3, 3
2024-12-01 12:48:32,218 - Interaction: PROBABILISTIC vs COOPERATOR, Payoffs: 3, 3
2024-12-01 12:48:32,222 - Interaction: COOPERATOR vs COOPERATOR, Payoffs: 3, 3
2024-12-01 12:48:32,227 - Interaction: PROBABILISTIC vs COOPERATOR, Payoffs: 3, 3
2024-12-01 12:48:32,229 - Interaction: COOPERATOR vs PROBABILISTIC, Payoffs: 3, 3
2024-12-01 12:48:32,230 - Interaction: COOPERATOR vs COOPERATOR, Payoffs: 3, 3
2024-12-01 12:48:32,231 - Interaction: COOPERATOR vs COOPERATOR, Payoffs: 3, 3
2024-12-01 12:48:32,233 - Interaction: COOPERATOR vs COOPERATOR, Payoffs: 3, 3
2024-12-01 12:48:32,234 - Interaction: COOPERATOR vs PROBABILISTIC, Payoffs: 3, 3
2024-12-01 12:48:32,234 - Interaction: COOPERATOR vs COOPERATOR, Payoffs: 3, 3
2024-12-01 12:48:32,235 - Interaction: COOPERATOR vs PROBABILISTIC, Payoffs: 3, 3
2024-12-01 12:48:32,236 - Interaction: COOPERATOR vs PROBABILISTIC, Payoffs: 3, 3
2024-12-01 12:48:32,236 - Interaction: COOPERATOR vs COOPERATOR, Payoffs: 3, 3
2024-12-01 12:48:32,236 - Agents count: 44
2024-12-01 12:48:32,265 - Interaction: PROBABILISTIC vs COOPERATOR, Payoffs: 3, 3
2024-12-01 12:48:32,267 - Interaction: PROBABILISTIC vs COOPERATOR, Payoffs: 3, 3
2024-12-01 12:48:32,267 - Interaction: PROBABILISTIC vs COOPERATOR, Payoffs: 3, 3
2024-12-01 12:48:32,268 - Interaction: COOPERATOR vs COOPERATOR, Payoffs: 3, 3
2024-12-01 12:48:32,273 - Interaction: PROBABILISTIC vs COOPERATOR, Payoffs: 3, 3
2024-12-01 12:48:32,275 - Interaction: COOPERATOR vs PROBABILISTIC, Payoffs: 3, 3
2024-12-01 12:48:32,276 - Interaction: COOPERATOR vs COOPERATOR, Payoffs: 3, 3
2024-12-01 12:48:32,277 - Interaction: COOPERATOR vs COOPERATOR, Payoffs: 3, 3
2024-12-01 12:48:32,280 - Interaction: COOPERATOR vs COOPERATOR, Payoffs: 3, 3
2024-12-01 12:48:32,282 - Interaction: COOPERATOR vs PROBABILISTIC, Payoffs: 3, 3
2024-12-01 12:48:32,282 - Interaction: COOPERATOR vs COOPERATOR, Payoffs: 3, 3
2024-12-01 12:48:32,283 - Interaction: COOPERATOR vs PROBABILISTIC, Payoffs: 3, 3
2024-12-01 12:48:32,284 - Interaction: COOPERATOR vs PROBABILISTIC, Payoffs: 3, 3
2024-12-01 12:48:32,284 - Interaction: COOPERATOR vs COOPERATOR, Payoffs: 3, 3
2024-12-01 12:48:32,284 - Agents count: 44
2024-12-01 12:48:32,313 - Interaction: PROBABILISTIC vs COOPERATOR, Payoffs: 3, 3
2024-12-01 12:48:32,313 - Interaction: PROBABILISTIC vs COOPERATOR, Payoffs: 3, 3
2024-12-01 12:48:32,317 - Interaction: PROBABILISTIC vs COOPERATOR, Payoffs: 3, 3
2024-12-01 12:48:32,319 - Interaction: DEFECTOR vs COOPERATOR, Payoffs: 5, 0
2024-12-01 12:48:32,321 - Interaction: PROBABILISTIC vs COOPERATOR, Payoffs: 3, 3
2024-12-01 12:48:32,322 - Interaction: COOPERATOR vs DEFECTOR, Payoffs: 0, 5
2024-12-01 12:48:32,323 - Interaction: COOPERATOR vs PROBABILISTIC, Payoffs: 3, 3
2024-12-01 12:48:32,325 - Interaction: COOPERATOR vs COOPERATOR, Payoffs: 3, 3
2024-12-01 12:48:32,327 - Interaction: COOPERATOR vs PROBABILISTIC, Payoffs: 3, 3
2024-12-01 12:48:32,327 - Interaction: COOPERATOR vs COOPERATOR, Payoffs: 3, 3
2024-12-01 12:48:32,330 - Interaction: COOPERATOR vs COOPERATOR, Payoffs: 3, 3
2024-12-01 12:48:32,330 - Interaction: COOPERATOR vs PROBABILISTIC, Payoffs: 3, 3
2024-12-01 12:48:32,331 - Interaction: COOPERATOR vs PROBABILISTIC, Payoffs: 3, 3
2024-12-01 12:48:32,331 - Interaction: COOPERATOR vs COOPERATOR, Payoffs: 3, 3
2024-12-01 12:48:32,731 - Agents count: 44
2024-12-01 12:48:32,760 - Interaction: PROBABILISTIC vs COOPERATOR, Payoffs: 3, 3
2024-12-01 12:48:32,760 - New agent spawned with strategy: COOPERATOR
2024-12-01 12:48:32,765 - Interaction: PROBABILISTIC vs COOPERATOR, Payoffs: 3, 3
2024-12-01 12:48:32,767 - Interaction: DEFECTOR vs COOPERATOR, Payoffs: 5, 0
2024-12-01 12:48:32,772 - Interaction: PROBABILISTIC vs COOPERATOR, Payoffs: 3, 3
2024-12-01 12:48:32,774 - Interaction: COOPERATOR vs DEFECTOR, Payoffs: 0, 5
2024-12-01 12:48:32,774 - Interaction: COOPERATOR vs PROBABILISTIC, Payoffs: 3, 3
2024-12-01 12:48:32,775 - Interaction: COOPERATOR vs COOPERATOR, Payoffs: 3, 3
2024-12-01 12:48:32,777 - Interaction: COOPERATOR vs PROBABILISTIC, Payoffs: 3, 3
2024-12-01 12:48:32,777 - Interaction: COOPERATOR vs COOPERATOR, Payoffs: 3, 3
2024-12-01 12:48:32,779 - Interaction: COOPERATOR vs COOPERATOR, Payoffs: 3, 3
2024-12-01 12:48:32,780 - Interaction: COOPERATOR vs PROBABILISTIC, Payoffs: 3, 3
2024-12-01 12:48:32,780 - Interaction: COOPERATOR vs COOPERATOR, Payoffs: 3, 3
2024-12-01 12:48:32,781 - Interaction: COOPERATOR vs PROBABILISTIC, Payoffs: 3, 3
2024-12-01 12:48:32,781 - Interaction: COOPERATOR vs PROBABILISTIC, Payoffs: 3, 3
2024-12-01 12:48:32,781 - Interaction: COOPERATOR vs COOPERATOR, Payoffs: 3, 3
2024-12-01 12:48:32,782 - Interaction: COOPERATOR vs COOPERATOR, Payoffs: 3, 3
2024-12-01 12:48:32,782 - Agents count: 45
2024-12-01 12:48:32,808 - Interaction: PROBABILISTIC vs PROBABILISTIC, Payoffs: 3, 3
2024-12-01 12:48:32,809 - Interaction: PROBABILISTIC vs COOPERATOR, Payoffs: 3, 3
2024-12-01 12:48:32,809 - Interaction: PROBABILISTIC vs COOPERATOR, Payoffs: 3, 3
2024-12-01 12:48:32,811 - Interaction: PROBABILISTIC vs PROBABILISTIC, Payoffs: 3, 3
2024-12-01 12:48:32,811 - Interaction: PROBABILISTIC vs COOPERATOR, Payoffs: 3, 3
2024-12-01 12:48:32,812 - Interaction: PROBABILISTIC vs COOPERATOR, Payoffs: 3, 3
2024-12-01 12:48:32,812 - Interaction: DEFECTOR vs COOPERATOR, Payoffs: 5, 0
2024-12-01 12:48:32,814 - Interaction: PROBABILISTIC vs COOPERATOR, Payoffs: 3, 3
2024-12-01 12:48:32,815 - Interaction: PROBABILISTIC vs COOPERATOR, Payoffs: 3, 3
2024-12-01 12:48:32,816 - Interaction: COOPERATOR vs DEFECTOR, Payoffs: 0, 5
2024-12-01 12:48:32,816 - Interaction: COOPERATOR vs PROBABILISTIC, Payoffs: 3, 3
2024-12-01 12:48:32,817 - Interaction: COOPERATOR vs COOPERATOR, Payoffs: 3, 3
2024-12-01 12:48:32,820 - Interaction: COOPERATOR vs PROBABILISTIC, Payoffs: 3, 3
2024-12-01 12:48:32,820 - Interaction: COOPERATOR vs COOPERATOR, Payoffs: 3, 3
2024-12-01 12:48:32,820 - Interaction: COOPERATOR vs PROBABILISTIC, Payoffs: 3, 3
2024-12-01 12:48:32,820 - Interaction: COOPERATOR vs COOPERATOR, Payoffs: 3, 3
2024-12-01 12:48:32,821 - Interaction: COOPERATOR vs COOPERATOR, Payoffs: 3, 3
2024-12-01 12:48:32,822 - Interaction: COOPERATOR vs PROBABILISTIC, Payoffs: 3, 3
2024-12-01 12:48:32,822 - Interaction: COOPERATOR vs COOPERATOR, Payoffs: 3, 3
2024-12-01 12:48:32,822 - Interaction: COOPERATOR vs COOPERATOR, Payoffs: 3, 3
2024-12-01 12:48:32,823 - Interaction: COOPERATOR vs PROBABILISTIC, Payoffs: 3, 3
2024-12-01 12:48:32,823 - Interaction: COOPERATOR vs PROBABILISTIC, Payoffs: 3, 3
2024-12-01 12:48:32,823 - Interaction: COOPERATOR vs COOPERATOR, Payoffs: 3, 3
2024-12-01 12:48:32,823 - Interaction: COOPERATOR vs COOPERATOR, Payoffs: 3, 3
2024-12-01 12:48:32,823 - Agents count: 45
2024-12-01 12:48:32,855 - Interaction: PROBABILISTIC vs PROBABILISTIC, Payoffs: 3, 3
2024-12-01 12:48:32,855 - Interaction: PROBABILISTIC vs COOPERATOR, Payoffs: 3, 3
2024-12-01 12:48:32,861 - Interaction: PROBABILISTIC vs PROBABILISTIC, Payoffs: 3, 3
2024-12-01 12:48:32,861 - Interaction: PROBABILISTIC vs COOPERATOR, Payoffs: 3, 3
2024-12-01 12:48:32,862 - Interaction: PROBABILISTIC vs COOPERATOR, Payoffs: 3, 3
2024-12-01 12:48:32,863 - Interaction: DEFECTOR vs COOPERATOR, Payoffs: 5, 0
2024-12-01 12:48:32,867 - Interaction: PROBABILISTIC vs COOPERATOR, Payoffs: 3, 3
2024-12-01 12:48:32,869 - Interaction: PROBABILISTIC vs COOPERATOR, Payoffs: 3, 3
2024-12-01 12:48:32,869 - Interaction: COOPERATOR vs DEFECTOR, Payoffs: 0, 5
2024-12-01 12:48:32,870 - Interaction: COOPERATOR vs PROBABILISTIC, Payoffs: 3, 3
2024-12-01 12:48:32,871 - Interaction: COOPERATOR vs COOPERATOR, Payoffs: 3, 3
2024-12-01 12:48:32,871 - Interaction: COOPERATOR vs COOPERATOR, Payoffs: 3, 3
2024-12-01 12:48:32,872 - Interaction: COOPERATOR vs COOPERATOR, Payoffs: 3, 3
2024-12-01 12:48:32,873 - Interaction: COOPERATOR vs PROBABILISTIC, Payoffs: 3, 3
2024-12-01 12:48:32,873 - Interaction: COOPERATOR vs COOPERATOR, Payoffs: 3, 3
2024-12-01 12:48:32,874 - Interaction: COOPERATOR vs PROBABILISTIC, Payoffs: 3, 3
2024-12-01 12:48:32,874 - Interaction: COOPERATOR vs COOPERATOR, Payoffs: 3, 3
2024-12-01 12:48:32,875 - Interaction: COOPERATOR vs COOPERATOR, Payoffs: 3, 3
2024-12-01 12:48:32,875 - Interaction: COOPERATOR vs COOPERATOR, Payoffs: 3, 3
2024-12-01 12:48:32,876 - Interaction: COOPERATOR vs COOPERATOR, Payoffs: 3, 3
2024-12-01 12:48:32,877 - Interaction: COOPERATOR vs PROBABILISTIC, Payoffs: 3, 3
2024-12-01 12:48:32,877 - Interaction: COOPERATOR vs PROBABILISTIC, Payoffs: 3, 3
2024-12-01 12:48:32,877 - Interaction: COOPERATOR vs COOPERATOR, Payoffs: 3, 3
2024-12-01 12:48:32,877 - Interaction: COOPERATOR vs COOPERATOR, Payoffs: 3, 3
2024-12-01 12:48:33,109 - Agents count: 45
2024-12-01 12:48:33,138 - Interaction: PROBABILISTIC vs PROBABILISTIC, Payoffs: 3, 3
2024-12-01 12:48:33,143 - Interaction: PROBABILISTIC vs PROBABILISTIC, Payoffs: 3, 3
2024-12-01 12:48:33,143 - Interaction: PROBABILISTIC vs COOPERATOR, Payoffs: 3, 3
2024-12-01 12:48:33,143 - Interaction: PROBABILISTIC vs COOPERATOR, Payoffs: 3, 3
2024-12-01 12:48:33,144 - Interaction: DEFECTOR vs COOPERATOR, Payoffs: 5, 0
2024-12-01 12:48:33,147 - Interaction: PROBABILISTIC vs COOPERATOR, Payoffs: 3, 3
2024-12-01 12:48:33,148 - Interaction: PROBABILISTIC vs COOPERATOR, Payoffs: 3, 3
2024-12-01 12:48:33,148 - Interaction: COOPERATOR vs DEFECTOR, Payoffs: 0, 5
2024-12-01 12:48:33,149 - Interaction: COOPERATOR vs PROBABILISTIC, Payoffs: 3, 3
2024-12-01 12:48:33,151 - Interaction: COOPERATOR vs COOPERATOR, Payoffs: 3, 3
2024-12-01 12:48:33,151 - Interaction: COOPERATOR vs COOPERATOR, Payoffs: 3, 3
2024-12-01 12:48:33,153 - Interaction: COOPERATOR vs COOPERATOR, Payoffs: 3, 3
2024-12-01 12:48:33,154 - Interaction: COOPERATOR vs PROBABILISTIC, Payoffs: 3, 3
2024-12-01 12:48:33,155 - Interaction: COOPERATOR vs COOPERATOR, Payoffs: 3, 3
2024-12-01 12:48:33,156 - Interaction: COOPERATOR vs PROBABILISTIC, Payoffs: 3, 3
2024-12-01 12:48:33,156 - Interaction: COOPERATOR vs COOPERATOR, Payoffs: 3, 3
2024-12-01 12:48:33,157 - Interaction: COOPERATOR vs COOPERATOR, Payoffs: 3, 3
2024-12-01 12:48:33,157 - Interaction: COOPERATOR vs COOPERATOR, Payoffs: 3, 3
2024-12-01 12:48:33,159 - Interaction: COOPERATOR vs COOPERATOR, Payoffs: 3, 3
2024-12-01 12:48:33,160 - Interaction: COOPERATOR vs PROBABILISTIC, Payoffs: 3, 3
2024-12-01 12:48:33,160 - Interaction: COOPERATOR vs COOPERATOR, Payoffs: 3, 3
2024-12-01 12:48:33,160 - Interaction: COOPERATOR vs COOPERATOR, Payoffs: 3, 3
2024-12-01 12:48:33,161 - Agents count: 45
2024-12-01 12:48:33,192 - Interaction: PROBABILISTIC vs PROBABILISTIC, Payoffs: 3, 3
2024-12-01 12:48:33,197 - Interaction: PROBABILISTIC vs PROBABILISTIC, Payoffs: 3, 3
2024-12-01 12:48:33,197 - Interaction: PROBABILISTIC vs COOPERATOR, Payoffs: 3, 3
2024-12-01 12:48:33,197 - Interaction: PROBABILISTIC vs COOPERATOR, Payoffs: 3, 3
2024-12-01 12:48:33,198 - Interaction: DEFECTOR vs COOPERATOR, Payoffs: 5, 0
2024-12-01 12:48:33,201 - Interaction: PROBABILISTIC vs COOPERATOR, Payoffs: 3, 3
2024-12-01 12:48:33,202 - Interaction: PROBABILISTIC vs COOPERATOR, Payoffs: 3, 3
2024-12-01 12:48:33,203 - Interaction: COOPERATOR vs DEFECTOR, Payoffs: 0, 5
2024-12-01 12:48:33,204 - Interaction: COOPERATOR vs PROBABILISTIC, Payoffs: 3, 3
2024-12-01 12:48:33,205 - Interaction: COOPERATOR vs COOPERATOR, Payoffs: 3, 3
2024-12-01 12:48:33,206 - Interaction: COOPERATOR vs COOPERATOR, Payoffs: 3, 3
2024-12-01 12:48:33,207 - Interaction: COOPERATOR vs COOPERATOR, Payoffs: 3, 3
2024-12-01 12:48:33,208 - Interaction: COOPERATOR vs PROBABILISTIC, Payoffs: 3, 3
2024-12-01 12:48:33,210 - Interaction: COOPERATOR vs PROBABILISTIC, Payoffs: 3, 3
2024-12-01 12:48:33,210 - Interaction: COOPERATOR vs COOPERATOR, Payoffs: 3, 3
2024-12-01 12:48:33,211 - Interaction: COOPERATOR vs COOPERATOR, Payoffs: 3, 3
2024-12-01 12:48:33,212 - Interaction: COOPERATOR vs COOPERATOR, Payoffs: 3, 3
2024-12-01 12:48:33,213 - Interaction: COOPERATOR vs COOPERATOR, Payoffs: 3, 3
2024-12-01 12:48:33,214 - Interaction: COOPERATOR vs PROBABILISTIC, Payoffs: 3, 3
2024-12-01 12:48:33,214 - Interaction: COOPERATOR vs COOPERATOR, Payoffs: 3, 3
2024-12-01 12:48:33,214 - Agents count: 45
2024-12-01 12:48:33,250 - Interaction: PROBABILISTIC vs PROBABILISTIC, Payoffs: 3, 3
2024-12-01 12:48:33,253 - Interaction: PROBABILISTIC vs PROBABILISTIC, Payoffs: 3, 3
2024-12-01 12:48:33,253 - Interaction: PROBABILISTIC vs COOPERATOR, Payoffs: 3, 3
2024-12-01 12:48:33,253 - Interaction: PROBABILISTIC vs COOPERATOR, Payoffs: 3, 3
2024-12-01 12:48:33,254 - Interaction: DEFECTOR vs COOPERATOR, Payoffs: 5, 0
2024-12-01 12:48:33,256 - Interaction: PROBABILISTIC vs COOPERATOR, Payoffs: 3, 3
2024-12-01 12:48:33,257 - Interaction: PROBABILISTIC vs COOPERATOR, Payoffs: 3, 3
2024-12-01 12:48:33,257 - Interaction: COOPERATOR vs DEFECTOR, Payoffs: 0, 5
2024-12-01 12:48:33,258 - Interaction: COOPERATOR vs PROBABILISTIC, Payoffs: 3, 3
2024-12-01 12:48:33,259 - Interaction: COOPERATOR vs COOPERATOR, Payoffs: 3, 3
2024-12-01 12:48:33,259 - Interaction: COOPERATOR vs COOPERATOR, Payoffs: 3, 3
2024-12-01 12:48:33,260 - Interaction: COOPERATOR vs COOPERATOR, Payoffs: 3, 3
2024-12-01 12:48:33,261 - New agent spawned with strategy: COOPERATOR
2024-12-01 12:48:33,262 - Interaction: COOPERATOR vs PROBABILISTIC, Payoffs: 3, 3
2024-12-01 12:48:33,262 - Interaction: COOPERATOR vs PROBABILISTIC, Payoffs: 3, 3
2024-12-01 12:48:33,262 - Interaction: COOPERATOR vs COOPERATOR, Payoffs: 3, 3
2024-12-01 12:48:33,264 - Interaction: COOPERATOR vs COOPERATOR, Payoffs: 3, 3
2024-12-01 12:48:33,265 - Interaction: COOPERATOR vs PROBABILISTIC, Payoffs: 3, 3
2024-12-01 12:48:33,265 - Interaction: COOPERATOR vs COOPERATOR, Payoffs: 3, 3
2024-12-01 12:48:33,266 - Interaction: COOPERATOR vs COOPERATOR, Payoffs: 3, 3
2024-12-01 12:48:33,266 - Interaction: COOPERATOR vs COOPERATOR, Payoffs: 3, 3
2024-12-01 12:48:33,266 - Agents count: 46
2024-12-01 12:48:33,292 - Interaction: PROBABILISTIC vs PROBABILISTIC, Payoffs: 3, 3
2024-12-01 12:48:33,296 - Interaction: PROBABILISTIC vs PROBABILISTIC, Payoffs: 3, 3
2024-12-01 12:48:33,296 - Interaction: PROBABILISTIC vs COOPERATOR, Payoffs: 3, 3
2024-12-01 12:48:33,296 - Interaction: PROBABILISTIC vs COOPERATOR, Payoffs: 3, 3
2024-12-01 12:48:33,297 - Interaction: DEFECTOR vs COOPERATOR, Payoffs: 5, 0
2024-12-01 12:48:33,299 - Interaction: PROBABILISTIC vs COOPERATOR, Payoffs: 3, 3
2024-12-01 12:48:33,299 - Interaction: PROBABILISTIC vs COOPERATOR, Payoffs: 3, 3
2024-12-01 12:48:33,300 - Interaction: COOPERATOR vs DEFECTOR, Payoffs: 0, 5
2024-12-01 12:48:33,300 - Interaction: COOPERATOR vs PROBABILISTIC, Payoffs: 3, 3
2024-12-01 12:48:33,301 - Interaction: COOPERATOR vs COOPERATOR, Payoffs: 3, 3
2024-12-01 12:48:33,301 - Interaction: COOPERATOR vs COOPERATOR, Payoffs: 3, 3
2024-12-01 12:48:33,302 - Interaction: COOPERATOR vs COOPERATOR, Payoffs: 3, 3
2024-12-01 12:48:33,303 - Interaction: COOPERATOR vs COOPERATOR, Payoffs: 3, 3
2024-12-01 12:48:33,303 - Interaction: COOPERATOR vs COOPERATOR, Payoffs: 3, 3
2024-12-01 12:48:33,304 - Interaction: COOPERATOR vs PROBABILISTIC, Payoffs: 3, 3
2024-12-01 12:48:33,304 - Interaction: COOPERATOR vs PROBABILISTIC, Payoffs: 3, 3
2024-12-01 12:48:33,304 - Interaction: COOPERATOR vs COOPERATOR, Payoffs: 3, 3
2024-12-01 12:48:33,306 - Interaction: COOPERATOR vs PROBABILISTIC, Payoffs: 3, 3
2024-12-01 12:48:33,307 - Interaction: COOPERATOR vs COOPERATOR, Payoffs: 3, 3
2024-12-01 12:48:33,307 - Interaction: COOPERATOR vs COOPERATOR, Payoffs: 3, 3
2024-12-01 12:48:33,307 - Agents count: 46
2024-12-01 12:48:33,338 - Interaction: PROBABILISTIC vs COOPERATOR, Payoffs: 3, 3
2024-12-01 12:48:33,338 - Interaction: PROBABILISTIC vs COOPERATOR, Payoffs: 3, 3
2024-12-01 12:48:33,338 - Interaction: DEFECTOR vs COOPERATOR, Payoffs: 5, 0
2024-12-01 12:48:33,341 - Interaction: PROBABILISTIC vs COOPERATOR, Payoffs: 3, 3
2024-12-01 12:48:33,342 - Interaction: PROBABILISTIC vs COOPERATOR, Payoffs: 3, 3
2024-12-01 12:48:33,342 - Interaction: COOPERATOR vs DEFECTOR, Payoffs: 0, 5
2024-12-01 12:48:33,343 - Interaction: COOPERATOR vs PROBABILISTIC, Payoffs: 3, 3
2024-12-01 12:48:33,344 - Interaction: COOPERATOR vs COOPERATOR, Payoffs: 3, 3
2024-12-01 12:48:33,344 - Interaction: COOPERATOR vs COOPERATOR, Payoffs: 3, 3
2024-12-01 12:48:33,345 - Interaction: COOPERATOR vs COOPERATOR, Payoffs: 3, 3
2024-12-01 12:48:33,346 - Interaction: COOPERATOR vs COOPERATOR, Payoffs: 3, 3
2024-12-01 12:48:33,346 - Interaction: COOPERATOR vs COOPERATOR, Payoffs: 3, 3
2024-12-01 12:48:33,347 - Interaction: COOPERATOR vs PROBABILISTIC, Payoffs: 3, 3
2024-12-01 12:48:33,348 - Interaction: COOPERATOR vs PROBABILISTIC, Payoffs: 3, 3
2024-12-01 12:48:33,348 - Interaction: COOPERATOR vs COOPERATOR, Payoffs: 3, 3
2024-12-01 12:48:33,351 - Interaction: COOPERATOR vs PROBABILISTIC, Payoffs: 3, 3
2024-12-01 12:48:33,352 - Interaction: COOPERATOR vs COOPERATOR, Payoffs: 3, 3
2024-12-01 12:48:33,352 - Interaction: COOPERATOR vs COOPERATOR, Payoffs: 3, 3
2024-12-01 12:48:33,352 - Agents count: 46
2024-12-01 12:48:33,384 - Interaction: PROBABILISTIC vs COOPERATOR, Payoffs: 3, 3
2024-12-01 12:48:33,384 - Interaction: PROBABILISTIC vs COOPERATOR, Payoffs: 3, 3
2024-12-01 12:48:33,385 - Interaction: DEFECTOR vs COOPERATOR, Payoffs: 5, 0
2024-12-01 12:48:33,387 - Interaction: PROBABILISTIC vs COOPERATOR, Payoffs: 3, 3
2024-12-01 12:48:33,388 - Interaction: PROBABILISTIC vs COOPERATOR, Payoffs: 3, 3
2024-12-01 12:48:33,389 - Interaction: COOPERATOR vs DEFECTOR, Payoffs: 0, 5
2024-12-01 12:48:33,389 - Interaction: COOPERATOR vs PROBABILISTIC, Payoffs: 3, 3
2024-12-01 12:48:33,390 - Interaction: COOPERATOR vs COOPERATOR, Payoffs: 3, 3
2024-12-01 12:48:33,391 - Interaction: COOPERATOR vs COOPERATOR, Payoffs: 3, 3
2024-12-01 12:48:33,392 - Interaction: COOPERATOR vs COOPERATOR, Payoffs: 3, 3
2024-12-01 12:48:33,392 - Interaction: COOPERATOR vs COOPERATOR, Payoffs: 3, 3
2024-12-01 12:48:33,393 - Interaction: COOPERATOR vs PROBABILISTIC, Payoffs: 3, 3
2024-12-01 12:48:33,394 - Interaction: COOPERATOR vs PROBABILISTIC, Payoffs: 3, 3
2024-12-01 12:48:33,394 - Interaction: COOPERATOR vs COOPERATOR, Payoffs: 3, 3
2024-12-01 12:48:33,397 - Interaction: COOPERATOR vs PROBABILISTIC, Payoffs: 3, 3
2024-12-01 12:48:33,397 - Interaction: COOPERATOR vs COOPERATOR, Payoffs: 3, 3
2024-12-01 12:48:33,675 - Agents count: 46
2024-12-01 12:48:33,721 - Interaction: PROBABILISTIC vs COOPERATOR, Payoffs: 3, 3
2024-12-01 12:48:33,722 - Interaction: PROBABILISTIC vs COOPERATOR, Payoffs: 3, 3
2024-12-01 12:48:33,723 - Interaction: DEFECTOR vs COOPERATOR, Payoffs: 5, 0
2024-12-01 12:48:33,727 - Interaction: PROBABILISTIC vs COOPERATOR, Payoffs: 3, 3
2024-12-01 12:48:33,730 - Interaction: PROBABILISTIC vs COOPERATOR, Payoffs: 3, 3
2024-12-01 12:48:33,731 - Interaction: COOPERATOR vs DEFECTOR, Payoffs: 0, 5
2024-12-01 12:48:33,732 - Interaction: COOPERATOR vs PROBABILISTIC, Payoffs: 3, 3
2024-12-01 12:48:33,734 - Interaction: COOPERATOR vs COOPERATOR, Payoffs: 3, 3
2024-12-01 12:48:33,735 - Interaction: COOPERATOR vs COOPERATOR, Payoffs: 3, 3
2024-12-01 12:48:33,737 - Interaction: COOPERATOR vs COOPERATOR, Payoffs: 3, 3
2024-12-01 12:48:33,737 - Interaction: COOPERATOR vs COOPERATOR, Payoffs: 3, 3
2024-12-01 12:48:33,739 - Interaction: COOPERATOR vs PROBABILISTIC, Payoffs: 3, 3
2024-12-01 12:48:33,740 - Interaction: COOPERATOR vs COOPERATOR, Payoffs: 3, 3
2024-12-01 12:48:33,740 - Interaction: COOPERATOR vs PROBABILISTIC, Payoffs: 3, 3
2024-12-01 12:48:33,743 - Interaction: COOPERATOR vs PROBABILISTIC, Payoffs: 3, 3
2024-12-01 12:48:33,744 - Interaction: COOPERATOR vs COOPERATOR, Payoffs: 3, 3
2024-12-01 12:48:33,744 - Agents count: 46
2024-12-01 12:48:33,797 - Interaction: PROBABILISTIC vs COOPERATOR, Payoffs: 3, 3
2024-12-01 12:48:33,798 - New agent spawned with strategy: COOPERATOR
2024-12-01 12:48:33,799 - Interaction: PROBABILISTIC vs COOPERATOR, Payoffs: 3, 3
2024-12-01 12:48:33,801 - Interaction: DEFECTOR vs COOPERATOR, Payoffs: 5, 0
2024-12-01 12:48:33,806 - Interaction: PROBABILISTIC vs COOPERATOR, Payoffs: 3, 3
2024-12-01 12:48:33,807 - Interaction: PROBABILISTIC vs COOPERATOR, Payoffs: 3, 3
2024-12-01 12:48:33,807 - Interaction: COOPERATOR vs DEFECTOR, Payoffs: 0, 5
2024-12-01 12:48:33,807 - Interaction: COOPERATOR vs PROBABILISTIC, Payoffs: 3, 3
2024-12-01 12:48:33,810 - Interaction: COOPERATOR vs COOPERATOR, Payoffs: 3, 3
2024-12-01 12:48:33,811 - Interaction: COOPERATOR vs COOPERATOR, Payoffs: 3, 3
2024-12-01 12:48:33,813 - Interaction: COOPERATOR vs COOPERATOR, Payoffs: 3, 3
2024-12-01 12:48:33,813 - Interaction: COOPERATOR vs COOPERATOR, Payoffs: 3, 3
2024-12-01 12:48:33,815 - Interaction: COOPERATOR vs PROBABILISTIC, Payoffs: 3, 3
2024-12-01 12:48:33,817 - Interaction: COOPERATOR vs COOPERATOR, Payoffs: 3, 3
2024-12-01 12:48:33,817 - Interaction: COOPERATOR vs PROBABILISTIC, Payoffs: 3, 3
2024-12-01 12:48:33,821 - Interaction: COOPERATOR vs PROBABILISTIC, Payoffs: 3, 3
2024-12-01 12:48:33,822 - Interaction: COOPERATOR vs COOPERATOR, Payoffs: 3, 3
2024-12-01 12:48:33,823 - Interaction: COOPERATOR vs PROBABILISTIC, Payoffs: 3, 3
2024-12-01 12:48:33,823 - Interaction: COOPERATOR vs COOPERATOR, Payoffs: 3, 3
2024-12-01 12:48:33,824 - Agents count: 47
2024-12-01 12:48:33,873 - Interaction: PROBABILISTIC vs COOPERATOR, Payoffs: 3, 3
2024-12-01 12:48:33,874 - Interaction: DEFECTOR vs COOPERATOR, Payoffs: 5, 0
2024-12-01 12:48:33,879 - Interaction: PROBABILISTIC vs COOPERATOR, Payoffs: 3, 3
2024-12-01 12:48:33,882 - Interaction: PROBABILISTIC vs COOPERATOR, Payoffs: 3, 3
2024-12-01 12:48:33,883 - Interaction: COOPERATOR vs DEFECTOR, Payoffs: 0, 5
2024-12-01 12:48:33,884 - Interaction: COOPERATOR vs PROBABILISTIC, Payoffs: 3, 3
2024-12-01 12:48:33,886 - Interaction: COOPERATOR vs COOPERATOR, Payoffs: 3, 3
2024-12-01 12:48:33,887 - Interaction: COOPERATOR vs COOPERATOR, Payoffs: 3, 3
2024-12-01 12:48:33,889 - Interaction: COOPERATOR vs COOPERATOR, Payoffs: 3, 3
2024-12-01 12:48:33,890 - Interaction: COOPERATOR vs COOPERATOR, Payoffs: 3, 3
2024-12-01 12:48:33,892 - Interaction: COOPERATOR vs PROBABILISTIC, Payoffs: 3, 3
2024-12-01 12:48:33,892 - Interaction: COOPERATOR vs COOPERATOR, Payoffs: 3, 3
2024-12-01 12:48:33,894 - Interaction: COOPERATOR vs COOPERATOR, Payoffs: 3, 3
2024-12-01 12:48:33,894 - Interaction: COOPERATOR vs PROBABILISTIC, Payoffs: 3, 3
2024-12-01 12:48:33,895 - Interaction: COOPERATOR vs COOPERATOR, Payoffs: 3, 3
2024-12-01 12:48:33,899 - Interaction: COOPERATOR vs COOPERATOR, Payoffs: 3, 3
2024-12-01 12:48:33,900 - Interaction: COOPERATOR vs COOPERATOR, Payoffs: 3, 3
2024-12-01 12:48:33,902 - Interaction: COOPERATOR vs COOPERATOR, Payoffs: 3, 3
2024-12-01 12:48:34,178 - Agents count: 47
2024-12-01 12:48:34,210 - Interaction: PROBABILISTIC vs COOPERATOR, Payoffs: 3, 3
2024-12-01 12:48:34,211 - Interaction: DEFECTOR vs COOPERATOR, Payoffs: 5, 0
2024-12-01 12:48:34,213 - Interaction: PROBABILISTIC vs COOPERATOR, Payoffs: 3, 3
2024-12-01 12:48:34,214 - Interaction: PROBABILISTIC vs COOPERATOR, Payoffs: 3, 3
2024-12-01 12:48:34,214 - Interaction: COOPERATOR vs DEFECTOR, Payoffs: 0, 5
2024-12-01 12:48:34,215 - Interaction: COOPERATOR vs PROBABILISTIC, Payoffs: 3, 3
2024-12-01 12:48:34,216 - Interaction: COOPERATOR vs COOPERATOR, Payoffs: 3, 3
2024-12-01 12:48:34,217 - Interaction: COOPERATOR vs COOPERATOR, Payoffs: 3, 3
2024-12-01 12:48:34,218 - Interaction: COOPERATOR vs COOPERATOR, Payoffs: 3, 3
2024-12-01 12:48:34,218 - Interaction: COOPERATOR vs COOPERATOR, Payoffs: 3, 3
2024-12-01 12:48:34,219 - Interaction: COOPERATOR vs PROBABILISTIC, Payoffs: 3, 3
2024-12-01 12:48:34,219 - Interaction: COOPERATOR vs COOPERATOR, Payoffs: 3, 3
2024-12-01 12:48:34,220 - Interaction: COOPERATOR vs COOPERATOR, Payoffs: 3, 3
2024-12-01 12:48:34,221 - Interaction: COOPERATOR vs PROBABILISTIC, Payoffs: 3, 3
2024-12-01 12:48:34,221 - Interaction: COOPERATOR vs COOPERATOR, Payoffs: 3, 3
2024-12-01 12:48:34,223 - Interaction: COOPERATOR vs COOPERATOR, Payoffs: 3, 3
2024-12-01 12:48:34,224 - Interaction: COOPERATOR vs COOPERATOR, Payoffs: 3, 3
2024-12-01 12:48:34,224 - Interaction: COOPERATOR vs COOPERATOR, Payoffs: 3, 3
2024-12-01 12:48:34,224 - Agents count: 47
2024-12-01 12:48:34,256 - Interaction: DEFECTOR vs COOPERATOR, Payoffs: 5, 0
2024-12-01 12:48:34,258 - Interaction: PROBABILISTIC vs COOPERATOR, Payoffs: 3, 3
2024-12-01 12:48:34,258 - Interaction: PROBABILISTIC vs COOPERATOR, Payoffs: 3, 3
2024-12-01 12:48:34,259 - Interaction: COOPERATOR vs DEFECTOR, Payoffs: 0, 5
2024-12-01 12:48:34,259 - Interaction: COOPERATOR vs PROBABILISTIC, Payoffs: 3, 3
2024-12-01 12:48:34,260 - Interaction: COOPERATOR vs COOPERATOR, Payoffs: 3, 3
2024-12-01 12:48:34,261 - Interaction: COOPERATOR vs COOPERATOR, Payoffs: 3, 3
2024-12-01 12:48:34,261 - Interaction: COOPERATOR vs COOPERATOR, Payoffs: 3, 3
2024-12-01 12:48:34,261 - Interaction: COOPERATOR vs COOPERATOR, Payoffs: 3, 3
2024-12-01 12:48:34,262 - Interaction: COOPERATOR vs COOPERATOR, Payoffs: 3, 3
2024-12-01 12:48:34,262 - Interaction: COOPERATOR vs COOPERATOR, Payoffs: 3, 3
2024-12-01 12:48:34,263 - Interaction: COOPERATOR vs PROBABILISTIC, Payoffs: 3, 3
2024-12-01 12:48:34,264 - Interaction: COOPERATOR vs COOPERATOR, Payoffs: 3, 3
2024-12-01 12:48:34,266 - Interaction: COOPERATOR vs COOPERATOR, Payoffs: 3, 3
2024-12-01 12:48:34,266 - Interaction: COOPERATOR vs COOPERATOR, Payoffs: 3, 3
2024-12-01 12:48:34,266 - Interaction: COOPERATOR vs COOPERATOR, Payoffs: 3, 3
2024-12-01 12:48:34,266 - Agents count: 47
2024-12-01 12:48:34,299 - Interaction: DEFECTOR vs COOPERATOR, Payoffs: 5, 0
2024-12-01 12:48:34,302 - Interaction: PROBABILISTIC vs COOPERATOR, Payoffs: 3, 3
2024-12-01 12:48:34,303 - New agent spawned with strategy: COOPERATOR
2024-12-01 12:48:34,304 - Interaction: PROBABILISTIC vs COOPERATOR, Payoffs: 3, 3
2024-12-01 12:48:34,304 - Interaction: COOPERATOR vs DEFECTOR, Payoffs: 0, 5
2024-12-01 12:48:34,305 - Interaction: COOPERATOR vs PROBABILISTIC, Payoffs: 3, 3
2024-12-01 12:48:34,306 - Interaction: COOPERATOR vs COOPERATOR, Payoffs: 3, 3
2024-12-01 12:48:34,307 - Interaction: COOPERATOR vs COOPERATOR, Payoffs: 3, 3
2024-12-01 12:48:34,308 - Interaction: COOPERATOR vs COOPERATOR, Payoffs: 3, 3
2024-12-01 12:48:34,308 - Interaction: COOPERATOR vs COOPERATOR, Payoffs: 3, 3
2024-12-01 12:48:34,309 - Interaction: COOPERATOR vs COOPERATOR, Payoffs: 3, 3
2024-12-01 12:48:34,310 - Interaction: COOPERATOR vs COOPERATOR, Payoffs: 3, 3
2024-12-01 12:48:34,310 - Interaction: COOPERATOR vs PROBABILISTIC, Payoffs: 3, 3
2024-12-01 12:48:34,311 - Interaction: COOPERATOR vs COOPERATOR, Payoffs: 3, 3
2024-12-01 12:48:34,313 - Interaction: COOPERATOR vs COOPERATOR, Payoffs: 3, 3
2024-12-01 12:48:34,314 - Interaction: COOPERATOR vs COOPERATOR, Payoffs: 3, 3
2024-12-01 12:48:34,314 - Interaction: COOPERATOR vs COOPERATOR, Payoffs: 3, 3
2024-12-01 12:48:34,315 - Interaction: COOPERATOR vs PROBABILISTIC, Payoffs: 3, 3
2024-12-01 12:48:34,315 - Interaction: COOPERATOR vs COOPERATOR, Payoffs: 3, 3
2024-12-01 12:48:34,315 - Interaction: COOPERATOR vs COOPERATOR, Payoffs: 3, 3
2024-12-01 12:48:34,316 - Agents count: 48
2024-12-01 12:48:34,350 - Interaction: DEFECTOR vs COOPERATOR, Payoffs: 5, 0
2024-12-01 12:48:34,350 - Interaction: HYBRID vs COOPERATOR, Payoffs: 3, 3
2024-12-01 12:48:34,351 - Interaction: COOPERATOR vs HYBRID, Payoffs: 3, 3
2024-12-01 12:48:34,353 - Interaction: PROBABILISTIC vs COOPERATOR, Payoffs: 3, 3
2024-12-01 12:48:34,353 - Interaction: PROBABILISTIC vs COOPERATOR, Payoffs: 3, 3
2024-12-01 12:48:34,353 - Interaction: PROBABILISTIC vs COOPERATOR, Payoffs: 3, 3
2024-12-01 12:48:34,354 - Interaction: COOPERATOR vs DEFECTOR, Payoffs: 0, 5
2024-12-01 12:48:34,355 - Interaction: COOPERATOR vs PROBABILISTIC, Payoffs: 3, 3
2024-12-01 12:48:34,355 - Interaction: COOPERATOR vs COOPERATOR, Payoffs: 3, 3
2024-12-01 12:48:34,355 - Interaction: COOPERATOR vs COOPERATOR, Payoffs: 3, 3
2024-12-01 12:48:34,356 - Interaction: COOPERATOR vs COOPERATOR, Payoffs: 3, 3
2024-12-01 12:48:34,356 - Interaction: COOPERATOR vs COOPERATOR, Payoffs: 3, 3
2024-12-01 12:48:34,357 - Interaction: COOPERATOR vs COOPERATOR, Payoffs: 3, 3
2024-12-01 12:48:34,360 - Interaction: COOPERATOR vs COOPERATOR, Payoffs: 3, 3
2024-12-01 12:48:34,361 - Interaction: COOPERATOR vs PROBABILISTIC, Payoffs: 3, 3
2024-12-01 12:48:34,361 - Interaction: COOPERATOR vs COOPERATOR, Payoffs: 3, 3
2024-12-01 12:48:34,362 - Interaction: COOPERATOR vs COOPERATOR, Payoffs: 3, 3
2024-12-01 12:48:34,364 - Interaction: COOPERATOR vs COOPERATOR, Payoffs: 3, 3
2024-12-01 12:48:34,365 - Interaction: COOPERATOR vs COOPERATOR, Payoffs: 3, 3
2024-12-01 12:48:34,365 - Interaction: COOPERATOR vs PROBABILISTIC, Payoffs: 3, 3
2024-12-01 12:48:34,365 - Interaction: COOPERATOR vs COOPERATOR, Payoffs: 3, 3
2024-12-01 12:48:34,366 - Interaction: COOPERATOR vs COOPERATOR, Payoffs: 3, 3
2024-12-01 12:48:34,366 - Agents count: 48
2024-12-01 12:48:34,399 - Interaction: DEFECTOR vs COOPERATOR, Payoffs: 5, 0
2024-12-01 12:48:34,399 - Interaction: HYBRID vs COOPERATOR, Payoffs: 3, 3
2024-12-01 12:48:34,400 - Interaction: COOPERATOR vs HYBRID, Payoffs: 3, 3
2024-12-01 12:48:34,401 - Interaction: PROBABILISTIC vs COOPERATOR, Payoffs: 3, 3
2024-12-01 12:48:34,401 - Interaction: PROBABILISTIC vs COOPERATOR, Payoffs: 3, 3
2024-12-01 12:48:34,401 - Interaction: PROBABILISTIC vs COOPERATOR, Payoffs: 3, 3
2024-12-01 12:48:34,402 - Interaction: PROBABILISTIC vs COOPERATOR, Payoffs: 3, 3
2024-12-01 12:48:34,402 - Interaction: COOPERATOR vs DEFECTOR, Payoffs: 0, 5
2024-12-01 12:48:34,403 - Interaction: COOPERATOR vs PROBABILISTIC, Payoffs: 3, 3
2024-12-01 12:48:34,403 - Interaction: COOPERATOR vs COOPERATOR, Payoffs: 3, 3
2024-12-01 12:48:34,403 - Interaction: COOPERATOR vs COOPERATOR, Payoffs: 3, 3
2024-12-01 12:48:34,404 - Interaction: COOPERATOR vs PROBABILISTIC, Payoffs: 3, 3
2024-12-01 12:48:34,404 - Interaction: COOPERATOR vs COOPERATOR, Payoffs: 3, 3
2024-12-01 12:48:34,404 - Interaction: COOPERATOR vs COOPERATOR, Payoffs: 3, 3
2024-12-01 12:48:34,406 - Interaction: COOPERATOR vs COOPERATOR, Payoffs: 3, 3
2024-12-01 12:48:34,407 - Interaction: COOPERATOR vs COOPERATOR, Payoffs: 3, 3
2024-12-01 12:48:34,409 - Interaction: COOPERATOR vs PROBABILISTIC, Payoffs: 3, 3
2024-12-01 12:48:34,409 - Interaction: COOPERATOR vs COOPERATOR, Payoffs: 3, 3
2024-12-01 12:48:34,410 - Interaction: COOPERATOR vs COOPERATOR, Payoffs: 3, 3
2024-12-01 12:48:34,411 - Interaction: COOPERATOR vs COOPERATOR, Payoffs: 3, 3
2024-12-01 12:48:34,412 - Interaction: COOPERATOR vs COOPERATOR, Payoffs: 3, 3
2024-12-01 12:48:34,412 - Interaction: COOPERATOR vs PROBABILISTIC, Payoffs: 3, 3
2024-12-01 12:48:34,412 - Interaction: COOPERATOR vs COOPERATOR, Payoffs: 3, 3
2024-12-01 12:48:34,413 - Interaction: COOPERATOR vs COOPERATOR, Payoffs: 3, 3
2024-12-01 12:48:34,733 - Agents count: 48
2024-12-01 12:48:34,773 - Interaction: DEFECTOR vs COOPERATOR, Payoffs: 5, 0
2024-12-01 12:48:34,774 - Interaction: HYBRID vs COOPERATOR, Payoffs: 3, 3
2024-12-01 12:48:34,775 - Interaction: COOPERATOR vs HYBRID, Payoffs: 3, 3
2024-12-01 12:48:34,779 - Interaction: PROBABILISTIC vs COOPERATOR, Payoffs: 3, 3
2024-12-01 12:48:34,779 - Interaction: PROBABILISTIC vs COOPERATOR, Payoffs: 3, 3
2024-12-01 12:48:34,779 - Interaction: PROBABILISTIC vs COOPERATOR, Payoffs: 3, 3
2024-12-01 12:48:34,781 - Interaction: PROBABILISTIC vs COOPERATOR, Payoffs: 3, 3
2024-12-01 12:48:34,781 - Interaction: COOPERATOR vs DEFECTOR, Payoffs: 0, 5
2024-12-01 12:48:34,783 - Interaction: COOPERATOR vs PROBABILISTIC, Payoffs: 3, 3
2024-12-01 12:48:34,783 - Interaction: COOPERATOR vs COOPERATOR, Payoffs: 3, 3
2024-12-01 12:48:34,784 - Interaction: COOPERATOR vs COOPERATOR, Payoffs: 3, 3
2024-12-01 12:48:34,784 - Interaction: COOPERATOR vs PROBABILISTIC, Payoffs: 3, 3
2024-12-01 12:48:34,785 - Interaction: COOPERATOR vs COOPERATOR, Payoffs: 3, 3
2024-12-01 12:48:34,785 - Interaction: COOPERATOR vs COOPERATOR, Payoffs: 3, 3
2024-12-01 12:48:34,787 - Interaction: COOPERATOR vs COOPERATOR, Payoffs: 3, 3
2024-12-01 12:48:34,790 - Interaction: COOPERATOR vs COOPERATOR, Payoffs: 3, 3
2024-12-01 12:48:34,791 - Interaction: COOPERATOR vs PROBABILISTIC, Payoffs: 3, 3
2024-12-01 12:48:34,792 - Interaction: COOPERATOR vs COOPERATOR, Payoffs: 3, 3
2024-12-01 12:48:34,793 - Interaction: COOPERATOR vs COOPERATOR, Payoffs: 3, 3
2024-12-01 12:48:34,795 - Interaction: COOPERATOR vs COOPERATOR, Payoffs: 3, 3
2024-12-01 12:48:34,796 - Interaction: COOPERATOR vs COOPERATOR, Payoffs: 3, 3
2024-12-01 12:48:34,797 - Interaction: COOPERATOR vs PROBABILISTIC, Payoffs: 3, 3
2024-12-01 12:48:34,797 - Interaction: COOPERATOR vs COOPERATOR, Payoffs: 3, 3
2024-12-01 12:48:34,797 - Interaction: COOPERATOR vs COOPERATOR, Payoffs: 3, 3
2024-12-01 12:48:34,797 - Agents count: 48
2024-12-01 12:48:34,842 - Interaction: DEFECTOR vs COOPERATOR, Payoffs: 5, 0
2024-12-01 12:48:34,843 - Interaction: HYBRID vs COOPERATOR, Payoffs: 3, 3
2024-12-01 12:48:34,843 - New agent spawned with strategy: COOPERATOR
2024-12-01 12:48:34,844 - Interaction: COOPERATOR vs HYBRID, Payoffs: 3, 3
2024-12-01 12:48:34,847 - Interaction: PROBABILISTIC vs COOPERATOR, Payoffs: 3, 3
2024-12-01 12:48:34,847 - Interaction: PROBABILISTIC vs COOPERATOR, Payoffs: 3, 3
2024-12-01 12:48:34,848 - Interaction: PROBABILISTIC vs COOPERATOR, Payoffs: 3, 3
2024-12-01 12:48:34,850 - Interaction: PROBABILISTIC vs COOPERATOR, Payoffs: 3, 3
2024-12-01 12:48:34,851 - Interaction: COOPERATOR vs DEFECTOR, Payoffs: 0, 5
2024-12-01 12:48:34,852 - Interaction: COOPERATOR vs PROBABILISTIC, Payoffs: 3, 3
2024-12-01 12:48:34,852 - Interaction: COOPERATOR vs COOPERATOR, Payoffs: 3, 3
2024-12-01 12:48:34,852 - Interaction: COOPERATOR vs COOPERATOR, Payoffs: 3, 3
2024-12-01 12:48:34,853 - Interaction: COOPERATOR vs PROBABILISTIC, Payoffs: 3, 3
2024-12-01 12:48:34,853 - Interaction: COOPERATOR vs COOPERATOR, Payoffs: 3, 3
2024-12-01 12:48:34,853 - Interaction: COOPERATOR vs COOPERATOR, Payoffs: 3, 3
2024-12-01 12:48:34,855 - Interaction: COOPERATOR vs COOPERATOR, Payoffs: 3, 3
2024-12-01 12:48:34,858 - Interaction: COOPERATOR vs COOPERATOR, Payoffs: 3, 3
2024-12-01 12:48:34,859 - Interaction: COOPERATOR vs PROBABILISTIC, Payoffs: 3, 3
2024-12-01 12:48:34,859 - Interaction: COOPERATOR vs COOPERATOR, Payoffs: 3, 3
2024-12-01 12:48:34,860 - Interaction: COOPERATOR vs COOPERATOR, Payoffs: 3, 3
2024-12-01 12:48:34,862 - Interaction: COOPERATOR vs COOPERATOR, Payoffs: 3, 3
2024-12-01 12:48:34,864 - Interaction: COOPERATOR vs COOPERATOR, Payoffs: 3, 3
2024-12-01 12:48:34,865 - Interaction: COOPERATOR vs PROBABILISTIC, Payoffs: 3, 3
2024-12-01 12:48:34,865 - Interaction: COOPERATOR vs COOPERATOR, Payoffs: 3, 3
2024-12-01 12:48:34,865 - Interaction: COOPERATOR vs COOPERATOR, Payoffs: 3, 3
2024-12-01 12:48:34,866 - Interaction: COOPERATOR vs HYBRID, Payoffs: 3, 3
2024-12-01 12:48:34,866 - Interaction: COOPERATOR vs COOPERATOR, Payoffs: 3, 3
2024-12-01 12:48:34,867 - Agents count: 49
2024-12-01 12:48:34,909 - Interaction: DEFECTOR vs COOPERATOR, Payoffs: 5, 0
2024-12-01 12:48:34,909 - Interaction: HYBRID vs COOPERATOR, Payoffs: 3, 3
2024-12-01 12:48:34,909 - Interaction: HYBRID vs COOPERATOR, Payoffs: 3, 3
2024-12-01 12:48:34,910 - Interaction: COOPERATOR vs HYBRID, Payoffs: 3, 3
2024-12-01 12:48:34,910 - Interaction: COOPERATOR vs COOPERATOR, Payoffs: 3, 3
2024-12-01 12:48:34,914 - Interaction: PROBABILISTIC vs COOPERATOR, Payoffs: 3, 3
2024-12-01 12:48:34,914 - Interaction: PROBABILISTIC vs COOPERATOR, Payoffs: 3, 3
2024-12-01 12:48:34,915 - Interaction: PROBABILISTIC vs COOPERATOR, Payoffs: 3, 3
2024-12-01 12:48:34,916 - Interaction: PROBABILISTIC vs COOPERATOR, Payoffs: 3, 3
2024-12-01 12:48:34,916 - Interaction: COOPERATOR vs DEFECTOR, Payoffs: 0, 5
2024-12-01 12:48:34,917 - Interaction: COOPERATOR vs PROBABILISTIC, Payoffs: 3, 3
2024-12-01 12:48:34,918 - Interaction: COOPERATOR vs COOPERATOR, Payoffs: 3, 3
2024-12-01 12:48:34,918 - Interaction: COOPERATOR vs COOPERATOR, Payoffs: 3, 3
2024-12-01 12:48:34,919 - Interaction: COOPERATOR vs PROBABILISTIC, Payoffs: 3, 3
2024-12-01 12:48:34,920 - Interaction: COOPERATOR vs COOPERATOR, Payoffs: 3, 3
2024-12-01 12:48:34,920 - Interaction: COOPERATOR vs COOPERATOR, Payoffs: 3, 3
2024-12-01 12:48:34,921 - Interaction: COOPERATOR vs COOPERATOR, Payoffs: 3, 3
2024-12-01 12:48:34,925 - Interaction: COOPERATOR vs COOPERATOR, Payoffs: 3, 3
2024-12-01 12:48:34,926 - Interaction: COOPERATOR vs PROBABILISTIC, Payoffs: 3, 3
2024-12-01 12:48:34,926 - Interaction: COOPERATOR vs COOPERATOR, Payoffs: 3, 3
2024-12-01 12:48:34,927 - Interaction: COOPERATOR vs COOPERATOR, Payoffs: 3, 3
2024-12-01 12:48:34,930 - Interaction: COOPERATOR vs COOPERATOR, Payoffs: 3, 3
2024-12-01 12:48:34,932 - Interaction: COOPERATOR vs COOPERATOR, Payoffs: 3, 3
2024-12-01 12:48:34,933 - Interaction: COOPERATOR vs PROBABILISTIC, Payoffs: 3, 3
2024-12-01 12:48:34,933 - Interaction: COOPERATOR vs COOPERATOR, Payoffs: 3, 3
2024-12-01 12:48:34,934 - Interaction: COOPERATOR vs COOPERATOR, Payoffs: 3, 3
2024-12-01 12:48:34,934 - Interaction: COOPERATOR vs HYBRID, Payoffs: 3, 3
2024-12-01 12:48:34,934 - Interaction: COOPERATOR vs COOPERATOR, Payoffs: 3, 3
2024-12-01 12:48:35,523 - Agents count: 49
2024-12-01 12:48:35,575 - Interaction: DEFECTOR vs COOPERATOR, Payoffs: 5, 0
2024-12-01 12:48:35,576 - Interaction: HYBRID vs COOPERATOR, Payoffs: 3, 3
2024-12-01 12:48:35,576 - New agent spawned with strategy: COOPERATOR
2024-12-01 12:48:35,576 - Interaction: HYBRID vs COOPERATOR, Payoffs: 3, 3
2024-12-01 12:48:35,577 - Interaction: COOPERATOR vs HYBRID, Payoffs: 3, 3
2024-12-01 12:48:35,577 - Interaction: COOPERATOR vs COOPERATOR, Payoffs: 3, 3
2024-12-01 12:48:35,579 - Interaction: PROBABILISTIC vs COOPERATOR, Payoffs: 3, 3
2024-12-01 12:48:35,579 - Interaction: PROBABILISTIC vs COOPERATOR, Payoffs: 3, 3
2024-12-01 12:48:35,579 - Interaction: PROBABILISTIC vs COOPERATOR, Payoffs: 3, 3
2024-12-01 12:48:35,582 - Interaction: PROBABILISTIC vs COOPERATOR, Payoffs: 3, 3
2024-12-01 12:48:35,582 - Interaction: COOPERATOR vs DEFECTOR, Payoffs: 0, 5
2024-12-01 12:48:35,583 - Interaction: COOPERATOR vs PROBABILISTIC, Payoffs: 3, 3
2024-12-01 12:48:35,583 - Interaction: COOPERATOR vs COOPERATOR, Payoffs: 3, 3
2024-12-01 12:48:35,583 - Interaction: COOPERATOR vs COOPERATOR, Payoffs: 3, 3
2024-12-01 12:48:35,584 - Interaction: COOPERATOR vs PROBABILISTIC, Payoffs: 3, 3
2024-12-01 12:48:35,584 - Interaction: COOPERATOR vs COOPERATOR, Payoffs: 3, 3
2024-12-01 12:48:35,584 - Interaction: COOPERATOR vs COOPERATOR, Payoffs: 3, 3
2024-12-01 12:48:35,586 - Interaction: COOPERATOR vs COOPERATOR, Payoffs: 3, 3
2024-12-01 12:48:35,588 - Interaction: COOPERATOR vs PROBABILISTIC, Payoffs: 3, 3
2024-12-01 12:48:35,588 - Interaction: COOPERATOR vs COOPERATOR, Payoffs: 3, 3
2024-12-01 12:48:35,589 - Interaction: COOPERATOR vs COOPERATOR, Payoffs: 3, 3
2024-12-01 12:48:35,592 - Interaction: COOPERATOR vs COOPERATOR, Payoffs: 3, 3
2024-12-01 12:48:35,594 - Interaction: COOPERATOR vs PROBABILISTIC, Payoffs: 3, 3
2024-12-01 12:48:35,594 - Interaction: COOPERATOR vs COOPERATOR, Payoffs: 3, 3
2024-12-01 12:48:35,595 - Interaction: COOPERATOR vs COOPERATOR, Payoffs: 3, 3
2024-12-01 12:48:35,595 - Interaction: COOPERATOR vs HYBRID, Payoffs: 3, 3
2024-12-01 12:48:35,595 - Interaction: COOPERATOR vs COOPERATOR, Payoffs: 3, 3
2024-12-01 12:48:35,596 - Interaction: COOPERATOR vs HYBRID, Payoffs: 3, 3
2024-12-01 12:48:35,596 - Interaction: COOPERATOR vs COOPERATOR, Payoffs: 3, 3
2024-12-01 12:48:35,596 - Interaction: COOPERATOR vs COOPERATOR, Payoffs: 3, 3
2024-12-01 12:48:35,884 - Agents count: 50
2024-12-01 12:48:35,925 - Interaction: DEFECTOR vs COOPERATOR, Payoffs: 5, 0
2024-12-01 12:48:35,926 - Interaction: HYBRID vs COOPERATOR, Payoffs: 3, 3
2024-12-01 12:48:35,926 - Interaction: HYBRID vs COOPERATOR, Payoffs: 3, 3
2024-12-01 12:48:35,926 - Interaction: HYBRID vs COOPERATOR, Payoffs: 3, 3
2024-12-01 12:48:35,927 - Interaction: COOPERATOR vs HYBRID, Payoffs: 3, 3
2024-12-01 12:48:35,927 - Interaction: COOPERATOR vs COOPERATOR, Payoffs: 3, 3
2024-12-01 12:48:35,927 - Interaction: COOPERATOR vs COOPERATOR, Payoffs: 3, 3
2024-12-01 12:48:35,931 - Interaction: PROBABILISTIC vs COOPERATOR, Payoffs: 3, 3
2024-12-01 12:48:35,932 - Interaction: PROBABILISTIC vs COOPERATOR, Payoffs: 3, 3
2024-12-01 12:48:35,932 - Interaction: PROBABILISTIC vs COOPERATOR, Payoffs: 3, 3
2024-12-01 12:48:35,933 - Interaction: PROBABILISTIC vs COOPERATOR, Payoffs: 3, 3
2024-12-01 12:48:35,933 - Interaction: COOPERATOR vs DEFECTOR, Payoffs: 0, 5
2024-12-01 12:48:35,934 - Interaction: COOPERATOR vs PROBABILISTIC, Payoffs: 3, 3
2024-12-01 12:48:35,934 - Interaction: COOPERATOR vs COOPERATOR, Payoffs: 3, 3
2024-12-01 12:48:35,935 - Interaction: COOPERATOR vs COOPERATOR, Payoffs: 3, 3
2024-12-01 12:48:35,935 - Interaction: COOPERATOR vs PROBABILISTIC, Payoffs: 3, 3
2024-12-01 12:48:35,935 - Interaction: COOPERATOR vs COOPERATOR, Payoffs: 3, 3
2024-12-01 12:48:35,936 - Interaction: COOPERATOR vs COOPERATOR, Payoffs: 3, 3
2024-12-01 12:48:35,937 - Interaction: COOPERATOR vs COOPERATOR, Payoffs: 3, 3
2024-12-01 12:48:35,941 - Interaction: COOPERATOR vs PROBABILISTIC, Payoffs: 3, 3
2024-12-01 12:48:35,941 - Interaction: COOPERATOR vs COOPERATOR, Payoffs: 3, 3
2024-12-01 12:48:35,942 - Interaction: COOPERATOR vs COOPERATOR, Payoffs: 3, 3
2024-12-01 12:48:35,944 - Interaction: COOPERATOR vs COOPERATOR, Payoffs: 3, 3
2024-12-01 12:48:35,946 - Interaction: COOPERATOR vs PROBABILISTIC, Payoffs: 3, 3
2024-12-01 12:48:35,946 - Interaction: COOPERATOR vs COOPERATOR, Payoffs: 3, 3
2024-12-01 12:48:35,946 - Interaction: COOPERATOR vs COOPERATOR, Payoffs: 3, 3
2024-12-01 12:48:35,947 - Interaction: COOPERATOR vs HYBRID, Payoffs: 3, 3
2024-12-01 12:48:35,947 - Interaction: COOPERATOR vs COOPERATOR, Payoffs: 3, 3
2024-12-01 12:48:35,948 - Interaction: COOPERATOR vs COOPERATOR, Payoffs: 3, 3
2024-12-01 12:48:35,948 - Interaction: COOPERATOR vs HYBRID, Payoffs: 3, 3
2024-12-01 12:48:35,949 - Interaction: COOPERATOR vs COOPERATOR, Payoffs: 3, 3
2024-12-01 12:48:35,949 - Interaction: COOPERATOR vs COOPERATOR, Payoffs: 3, 3
2024-12-01 12:48:35,949 - Agents count: 50
2024-12-01 12:48:35,989 - Interaction: DEFECTOR vs COOPERATOR, Payoffs: 5, 0
2024-12-01 12:48:35,989 - Interaction: HYBRID vs COOPERATOR, Payoffs: 3, 3
2024-12-01 12:48:35,989 - Interaction: HYBRID vs COOPERATOR, Payoffs: 3, 3
2024-12-01 12:48:35,990 - Interaction: HYBRID vs COOPERATOR, Payoffs: 3, 3
2024-12-01 12:48:35,991 - Interaction: COOPERATOR vs HYBRID, Payoffs: 3, 3
2024-12-01 12:48:35,991 - Interaction: COOPERATOR vs COOPERATOR, Payoffs: 3, 3
2024-12-01 12:48:35,991 - Interaction: COOPERATOR vs COOPERATOR, Payoffs: 3, 3
2024-12-01 12:48:35,994 - Interaction: PROBABILISTIC vs COOPERATOR, Payoffs: 3, 3
2024-12-01 12:48:35,995 - Interaction: PROBABILISTIC vs COOPERATOR, Payoffs: 3, 3
2024-12-01 12:48:35,995 - Interaction: PROBABILISTIC vs COOPERATOR, Payoffs: 3, 3
2024-12-01 12:48:35,996 - Interaction: PROBABILISTIC vs COOPERATOR, Payoffs: 3, 3
2024-12-01 12:48:35,997 - Interaction: COOPERATOR vs DEFECTOR, Payoffs: 0, 5
2024-12-01 12:48:35,998 - Interaction: COOPERATOR vs PROBABILISTIC, Payoffs: 3, 3
2024-12-01 12:48:35,998 - Interaction: COOPERATOR vs COOPERATOR, Payoffs: 3, 3
2024-12-01 12:48:35,998 - Interaction: COOPERATOR vs COOPERATOR, Payoffs: 3, 3
2024-12-01 12:48:35,999 - Interaction: COOPERATOR vs PROBABILISTIC, Payoffs: 3, 3
2024-12-01 12:48:35,999 - Interaction: COOPERATOR vs COOPERATOR, Payoffs: 3, 3
2024-12-01 12:48:36,000 - Interaction: COOPERATOR vs COOPERATOR, Payoffs: 3, 3
2024-12-01 12:48:36,002 - Interaction: COOPERATOR vs COOPERATOR, Payoffs: 3, 3
2024-12-01 12:48:36,005 - Interaction: COOPERATOR vs PROBABILISTIC, Payoffs: 3, 3
2024-12-01 12:48:36,006 - Interaction: COOPERATOR vs COOPERATOR, Payoffs: 3, 3
2024-12-01 12:48:36,007 - Interaction: COOPERATOR vs COOPERATOR, Payoffs: 3, 3
2024-12-01 12:48:36,009 - Interaction: COOPERATOR vs COOPERATOR, Payoffs: 3, 3
2024-12-01 12:48:36,011 - Interaction: COOPERATOR vs PROBABILISTIC, Payoffs: 3, 3
2024-12-01 12:48:36,011 - Interaction: COOPERATOR vs COOPERATOR, Payoffs: 3, 3
2024-12-01 12:48:36,012 - Interaction: COOPERATOR vs COOPERATOR, Payoffs: 3, 3
2024-12-01 12:48:36,012 - Interaction: COOPERATOR vs HYBRID, Payoffs: 3, 3
2024-12-01 12:48:36,013 - Interaction: COOPERATOR vs COOPERATOR, Payoffs: 3, 3
2024-12-01 12:48:36,013 - Interaction: COOPERATOR vs COOPERATOR, Payoffs: 3, 3
2024-12-01 12:48:36,014 - Interaction: COOPERATOR vs HYBRID, Payoffs: 3, 3
2024-12-01 12:48:36,014 - Interaction: COOPERATOR vs COOPERATOR, Payoffs: 3, 3
2024-12-01 12:48:36,015 - Interaction: COOPERATOR vs COOPERATOR, Payoffs: 3, 3
2024-12-01 12:48:36,015 - Agents count: 50
2024-12-01 12:48:36,061 - Interaction: DEFECTOR vs COOPERATOR, Payoffs: 5, 0
2024-12-01 12:48:36,062 - Interaction: HYBRID vs COOPERATOR, Payoffs: 3, 3
2024-12-01 12:48:36,063 - Interaction: HYBRID vs COOPERATOR, Payoffs: 3, 3
2024-12-01 12:48:36,063 - Interaction: HYBRID vs COOPERATOR, Payoffs: 3, 3
2024-12-01 12:48:36,064 - Interaction: COOPERATOR vs HYBRID, Payoffs: 3, 3
2024-12-01 12:48:36,064 - Interaction: COOPERATOR vs COOPERATOR, Payoffs: 3, 3
2024-12-01 12:48:36,065 - Interaction: COOPERATOR vs COOPERATOR, Payoffs: 3, 3
2024-12-01 12:48:36,069 - Interaction: PROBABILISTIC vs COOPERATOR, Payoffs: 3, 3
2024-12-01 12:48:36,070 - Interaction: PROBABILISTIC vs COOPERATOR, Payoffs: 3, 3
2024-12-01 12:48:36,071 - Interaction: PROBABILISTIC vs COOPERATOR, Payoffs: 3, 3
2024-12-01 12:48:36,071 - Interaction: COOPERATOR vs DEFECTOR, Payoffs: 0, 5
2024-12-01 12:48:36,072 - Interaction: COOPERATOR vs PROBABILISTIC, Payoffs: 3, 3
2024-12-01 12:48:36,072 - Interaction: COOPERATOR vs COOPERATOR, Payoffs: 3, 3
2024-12-01 12:48:36,073 - Interaction: COOPERATOR vs COOPERATOR, Payoffs: 3, 3
2024-12-01 12:48:36,073 - Interaction: COOPERATOR vs COOPERATOR, Payoffs: 3, 3
2024-12-01 12:48:36,074 - Interaction: COOPERATOR vs COOPERATOR, Payoffs: 3, 3
2024-12-01 12:48:36,076 - Interaction: COOPERATOR vs COOPERATOR, Payoffs: 3, 3
2024-12-01 12:48:36,076 - New agent spawned with strategy: COOPERATOR
2024-12-01 12:48:36,080 - Interaction: COOPERATOR vs PROBABILISTIC, Payoffs: 3, 3
2024-12-01 12:48:36,080 - Interaction: COOPERATOR vs COOPERATOR, Payoffs: 3, 3
2024-12-01 12:48:36,081 - Interaction: COOPERATOR vs COOPERATOR, Payoffs: 3, 3
2024-12-01 12:48:36,084 - Interaction: COOPERATOR vs COOPERATOR, Payoffs: 3, 3
2024-12-01 12:48:36,086 - Interaction: COOPERATOR vs PROBABILISTIC, Payoffs: 3, 3
2024-12-01 12:48:36,086 - Interaction: COOPERATOR vs COOPERATOR, Payoffs: 3, 3
2024-12-01 12:48:36,087 - Interaction: COOPERATOR vs COOPERATOR, Payoffs: 3, 3
2024-12-01 12:48:36,087 - Interaction: COOPERATOR vs HYBRID, Payoffs: 3, 3
2024-12-01 12:48:36,087 - Interaction: COOPERATOR vs COOPERATOR, Payoffs: 3, 3
2024-12-01 12:48:36,087 - Interaction: COOPERATOR vs COOPERATOR, Payoffs: 3, 3
2024-12-01 12:48:36,089 - Interaction: COOPERATOR vs HYBRID, Payoffs: 3, 3
2024-12-01 12:48:36,089 - Interaction: COOPERATOR vs COOPERATOR, Payoffs: 3, 3
2024-12-01 12:48:36,089 - Interaction: COOPERATOR vs COOPERATOR, Payoffs: 3, 3
2024-12-01 12:48:36,090 - Interaction: COOPERATOR vs COOPERATOR, Payoffs: 3, 3
2024-12-01 12:48:36,091 - Interaction: COOPERATOR vs COOPERATOR, Payoffs: 3, 3
2024-12-01 12:48:36,091 - Agents count: 51
2024-12-01 12:48:36,126 - Interaction: DEFECTOR vs COOPERATOR, Payoffs: 5, 0
2024-12-01 12:48:36,127 - Interaction: HYBRID vs COOPERATOR, Payoffs: 3, 3
2024-12-01 12:48:36,127 - Interaction: HYBRID vs COOPERATOR, Payoffs: 3, 3
2024-12-01 12:48:36,127 - Interaction: HYBRID vs COOPERATOR, Payoffs: 3, 3
2024-12-01 12:48:36,128 - Interaction: COOPERATOR vs HYBRID, Payoffs: 3, 3
2024-12-01 12:48:36,128 - Interaction: COOPERATOR vs COOPERATOR, Payoffs: 3, 3
2024-12-01 12:48:36,131 - Interaction: PROBABILISTIC vs COOPERATOR, Payoffs: 3, 3
2024-12-01 12:48:36,131 - Interaction: PROBABILISTIC vs COOPERATOR, Payoffs: 3, 3
2024-12-01 12:48:36,132 - Interaction: PROBABILISTIC vs COOPERATOR, Payoffs: 3, 3
2024-12-01 12:48:36,133 - Interaction: COOPERATOR vs DEFECTOR, Payoffs: 0, 5
2024-12-01 12:48:36,133 - Interaction: COOPERATOR vs PROBABILISTIC, Payoffs: 3, 3
2024-12-01 12:48:36,133 - Interaction: COOPERATOR vs COOPERATOR, Payoffs: 3, 3
2024-12-01 12:48:36,133 - Interaction: COOPERATOR vs COOPERATOR, Payoffs: 3, 3
2024-12-01 12:48:36,134 - Interaction: COOPERATOR vs COOPERATOR, Payoffs: 3, 3
2024-12-01 12:48:36,134 - Interaction: COOPERATOR vs COOPERATOR, Payoffs: 3, 3
2024-12-01 12:48:36,135 - Interaction: COOPERATOR vs COOPERATOR, Payoffs: 3, 3
2024-12-01 12:48:36,136 - Interaction: COOPERATOR vs COOPERATOR, Payoffs: 3, 3
2024-12-01 12:48:36,138 - Interaction: COOPERATOR vs PROBABILISTIC, Payoffs: 3, 3
2024-12-01 12:48:36,138 - Interaction: COOPERATOR vs COOPERATOR, Payoffs: 3, 3
2024-12-01 12:48:36,139 - Interaction: COOPERATOR vs COOPERATOR, Payoffs: 3, 3
2024-12-01 12:48:36,139 - Interaction: COOPERATOR vs COOPERATOR, Payoffs: 3, 3
2024-12-01 12:48:36,141 - Interaction: COOPERATOR vs COOPERATOR, Payoffs: 3, 3
2024-12-01 12:48:36,142 - Interaction: COOPERATOR vs PROBABILISTIC, Payoffs: 3, 3
2024-12-01 12:48:36,142 - Interaction: COOPERATOR vs COOPERATOR, Payoffs: 3, 3
2024-12-01 12:48:36,142 - Interaction: COOPERATOR vs COOPERATOR, Payoffs: 3, 3
2024-12-01 12:48:36,142 - Interaction: COOPERATOR vs HYBRID, Payoffs: 3, 3
2024-12-01 12:48:36,143 - Interaction: COOPERATOR vs COOPERATOR, Payoffs: 3, 3
2024-12-01 12:48:36,143 - Interaction: COOPERATOR vs HYBRID, Payoffs: 3, 3
2024-12-01 12:48:36,143 - Interaction: COOPERATOR vs COOPERATOR, Payoffs: 3, 3
2024-12-01 12:48:36,144 - Interaction: COOPERATOR vs COOPERATOR, Payoffs: 3, 3
2024-12-01 12:48:36,144 - Interaction: COOPERATOR vs COOPERATOR, Payoffs: 3, 3
2024-12-01 12:48:36,144 - Interaction: COOPERATOR vs COOPERATOR, Payoffs: 3, 3
2024-12-01 12:48:36,373 - Agents count: 51
2024-12-01 12:48:36,410 - Interaction: DEFECTOR vs COOPERATOR, Payoffs: 5, 0
2024-12-01 12:48:36,411 - Interaction: HYBRID vs COOPERATOR, Payoffs: 3, 3
2024-12-01 12:48:36,411 - Interaction: HYBRID vs COOPERATOR, Payoffs: 3, 3
2024-12-01 12:48:36,411 - Interaction: COOPERATOR vs COOPERATOR, Payoffs: 3, 3
2024-12-01 12:48:36,414 - Interaction: PROBABILISTIC vs COOPERATOR, Payoffs: 3, 3
2024-12-01 12:48:36,415 - Interaction: PROBABILISTIC vs COOPERATOR, Payoffs: 3, 3
2024-12-01 12:48:36,415 - Interaction: PROBABILISTIC vs COOPERATOR, Payoffs: 3, 3
2024-12-01 12:48:36,416 - Interaction: COOPERATOR vs DEFECTOR, Payoffs: 0, 5
2024-12-01 12:48:36,416 - Interaction: COOPERATOR vs PROBABILISTIC, Payoffs: 3, 3
2024-12-01 12:48:36,416 - Interaction: COOPERATOR vs COOPERATOR, Payoffs: 3, 3
2024-12-01 12:48:36,416 - Interaction: COOPERATOR vs COOPERATOR, Payoffs: 3, 3
2024-12-01 12:48:36,417 - Interaction: COOPERATOR vs COOPERATOR, Payoffs: 3, 3
2024-12-01 12:48:36,417 - Interaction: COOPERATOR vs COOPERATOR, Payoffs: 3, 3
2024-12-01 12:48:36,419 - Interaction: COOPERATOR vs COOPERATOR, Payoffs: 3, 3
2024-12-01 12:48:36,419 - Interaction: COOPERATOR vs COOPERATOR, Payoffs: 3, 3
2024-12-01 12:48:36,421 - Interaction: COOPERATOR vs PROBABILISTIC, Payoffs: 3, 3
2024-12-01 12:48:36,421 - Interaction: COOPERATOR vs COOPERATOR, Payoffs: 3, 3
2024-12-01 12:48:36,422 - Interaction: COOPERATOR vs COOPERATOR, Payoffs: 3, 3
2024-12-01 12:48:36,422 - Interaction: COOPERATOR vs COOPERATOR, Payoffs: 3, 3
2024-12-01 12:48:36,424 - Interaction: COOPERATOR vs COOPERATOR, Payoffs: 3, 3
2024-12-01 12:48:36,425 - Interaction: COOPERATOR vs PROBABILISTIC, Payoffs: 3, 3
2024-12-01 12:48:36,426 - Interaction: COOPERATOR vs COOPERATOR, Payoffs: 3, 3
2024-12-01 12:48:36,426 - Interaction: COOPERATOR vs COOPERATOR, Payoffs: 3, 3
2024-12-01 12:48:36,426 - Interaction: COOPERATOR vs HYBRID, Payoffs: 3, 3
2024-12-01 12:48:36,427 - Interaction: COOPERATOR vs COOPERATOR, Payoffs: 3, 3
2024-12-01 12:48:36,427 - Interaction: COOPERATOR vs HYBRID, Payoffs: 3, 3
2024-12-01 12:48:36,427 - Interaction: COOPERATOR vs COOPERATOR, Payoffs: 3, 3
2024-12-01 12:48:36,427 - Interaction: COOPERATOR vs COOPERATOR, Payoffs: 3, 3
2024-12-01 12:48:36,429 - Interaction: COOPERATOR vs COOPERATOR, Payoffs: 3, 3
2024-12-01 12:48:36,429 - Interaction: COOPERATOR vs COOPERATOR, Payoffs: 3, 3
2024-12-01 12:48:36,429 - Agents count: 51
2024-12-01 12:48:36,463 - Interaction: DEFECTOR vs COOPERATOR, Payoffs: 5, 0
2024-12-01 12:48:36,463 - Interaction: HYBRID vs COOPERATOR, Payoffs: 3, 3
2024-12-01 12:48:36,463 - Interaction: HYBRID vs COOPERATOR, Payoffs: 3, 3
2024-12-01 12:48:36,464 - Interaction: COOPERATOR vs COOPERATOR, Payoffs: 3, 3
2024-12-01 12:48:36,466 - Interaction: PROBABILISTIC vs COOPERATOR, Payoffs: 3, 3
2024-12-01 12:48:36,466 - Interaction: PROBABILISTIC vs COOPERATOR, Payoffs: 3, 3
2024-12-01 12:48:36,467 - Interaction: PROBABILISTIC vs COOPERATOR, Payoffs: 3, 3
2024-12-01 12:48:36,467 - Interaction: COOPERATOR vs DEFECTOR, Payoffs: 0, 5
2024-12-01 12:48:36,467 - Interaction: COOPERATOR vs PROBABILISTIC, Payoffs: 3, 3
2024-12-01 12:48:36,467 - Interaction: COOPERATOR vs COOPERATOR, Payoffs: 3, 3
2024-12-01 12:48:36,468 - Interaction: COOPERATOR vs COOPERATOR, Payoffs: 3, 3
2024-12-01 12:48:36,468 - Interaction: COOPERATOR vs COOPERATOR, Payoffs: 3, 3
2024-12-01 12:48:36,468 - Interaction: COOPERATOR vs COOPERATOR, Payoffs: 3, 3
2024-12-01 12:48:36,469 - Interaction: COOPERATOR vs COOPERATOR, Payoffs: 3, 3
2024-12-01 12:48:36,469 - Interaction: COOPERATOR vs COOPERATOR, Payoffs: 3, 3
2024-12-01 12:48:36,473 - Interaction: COOPERATOR vs PROBABILISTIC, Payoffs: 3, 3
2024-12-01 12:48:36,473 - Interaction: COOPERATOR vs COOPERATOR, Payoffs: 3, 3
2024-12-01 12:48:36,473 - Interaction: COOPERATOR vs COOPERATOR, Payoffs: 3, 3
2024-12-01 12:48:36,474 - Interaction: COOPERATOR vs COOPERATOR, Payoffs: 3, 3
2024-12-01 12:48:36,475 - Interaction: COOPERATOR vs COOPERATOR, Payoffs: 3, 3
2024-12-01 12:48:36,477 - Interaction: COOPERATOR vs PROBABILISTIC, Payoffs: 3, 3
2024-12-01 12:48:36,477 - Interaction: COOPERATOR vs COOPERATOR, Payoffs: 3, 3
2024-12-01 12:48:36,477 - Interaction: COOPERATOR vs COOPERATOR, Payoffs: 3, 3
2024-12-01 12:48:36,477 - Interaction: COOPERATOR vs HYBRID, Payoffs: 3, 3
2024-12-01 12:48:36,478 - Interaction: COOPERATOR vs COOPERATOR, Payoffs: 3, 3
2024-12-01 12:48:36,478 - Interaction: COOPERATOR vs HYBRID, Payoffs: 3, 3
2024-12-01 12:48:36,478 - Interaction: COOPERATOR vs COOPERATOR, Payoffs: 3, 3
2024-12-01 12:48:36,478 - Interaction: COOPERATOR vs COOPERATOR, Payoffs: 3, 3
2024-12-01 12:48:36,479 - Interaction: COOPERATOR vs COOPERATOR, Payoffs: 3, 3
2024-12-01 12:48:36,479 - Interaction: COOPERATOR vs COOPERATOR, Payoffs: 3, 3
2024-12-01 12:48:36,479 - Agents count: 51
2024-12-01 12:48:36,515 - Interaction: DEFECTOR vs COOPERATOR, Payoffs: 5, 0
2024-12-01 12:48:36,516 - Interaction: HYBRID vs COOPERATOR, Payoffs: 3, 3
2024-12-01 12:48:36,516 - Interaction: HYBRID vs COOPERATOR, Payoffs: 3, 3
2024-12-01 12:48:36,520 - Interaction: PROBABILISTIC vs COOPERATOR, Payoffs: 3, 3
2024-12-01 12:48:36,520 - Interaction: PROBABILISTIC vs COOPERATOR, Payoffs: 3, 3
2024-12-01 12:48:36,520 - Interaction: PROBABILISTIC vs COOPERATOR, Payoffs: 3, 3
2024-12-01 12:48:36,521 - Interaction: COOPERATOR vs DEFECTOR, Payoffs: 0, 5
2024-12-01 12:48:36,522 - Interaction: COOPERATOR vs PROBABILISTIC, Payoffs: 3, 3
2024-12-01 12:48:36,522 - Interaction: COOPERATOR vs COOPERATOR, Payoffs: 3, 3
2024-12-01 12:48:36,522 - Interaction: COOPERATOR vs COOPERATOR, Payoffs: 3, 3
2024-12-01 12:48:36,523 - Interaction: COOPERATOR vs COOPERATOR, Payoffs: 3, 3
2024-12-01 12:48:36,524 - Interaction: COOPERATOR vs COOPERATOR, Payoffs: 3, 3
2024-12-01 12:48:36,524 - Interaction: COOPERATOR vs COOPERATOR, Payoffs: 3, 3
2024-12-01 12:48:36,527 - Interaction: COOPERATOR vs PROBABILISTIC, Payoffs: 3, 3
2024-12-01 12:48:36,527 - Interaction: COOPERATOR vs COOPERATOR, Payoffs: 3, 3
2024-12-01 12:48:36,527 - Interaction: COOPERATOR vs COOPERATOR, Payoffs: 3, 3
2024-12-01 12:48:36,528 - Interaction: COOPERATOR vs COOPERATOR, Payoffs: 3, 3
2024-12-01 12:48:36,530 - Interaction: COOPERATOR vs COOPERATOR, Payoffs: 3, 3
2024-12-01 12:48:36,532 - Interaction: COOPERATOR vs PROBABILISTIC, Payoffs: 3, 3
2024-12-01 12:48:36,532 - Interaction: COOPERATOR vs COOPERATOR, Payoffs: 3, 3
2024-12-01 12:48:36,533 - Interaction: COOPERATOR vs HYBRID, Payoffs: 3, 3
2024-12-01 12:48:36,533 - Interaction: COOPERATOR vs COOPERATOR, Payoffs: 3, 3
2024-12-01 12:48:36,534 - Interaction: COOPERATOR vs HYBRID, Payoffs: 3, 3
2024-12-01 12:48:36,534 - Interaction: COOPERATOR vs COOPERATOR, Payoffs: 3, 3
2024-12-01 12:48:36,534 - Interaction: COOPERATOR vs COOPERATOR, Payoffs: 3, 3
2024-12-01 12:48:36,535 - Interaction: COOPERATOR vs COOPERATOR, Payoffs: 3, 3
2024-12-01 12:48:36,535 - Agents count: 51
2024-12-01 12:48:36,574 - Interaction: PROBABILISTIC vs COOPERATOR, Payoffs: 3, 3
2024-12-01 12:48:36,575 - Interaction: DEFECTOR vs COOPERATOR, Payoffs: 5, 0
2024-12-01 12:48:36,576 - Interaction: HYBRID vs COOPERATOR, Payoffs: 3, 3
2024-12-01 12:48:36,576 - Interaction: HYBRID vs COOPERATOR, Payoffs: 3, 3
2024-12-01 12:48:36,576 - New agent spawned with strategy: COOPERATOR
2024-12-01 12:48:36,579 - Interaction: PROBABILISTIC vs COOPERATOR, Payoffs: 3, 3
2024-12-01 12:48:36,579 - Interaction: PROBABILISTIC vs COOPERATOR, Payoffs: 3, 3
2024-12-01 12:48:36,581 - Interaction: PROBABILISTIC vs COOPERATOR, Payoffs: 3, 3
2024-12-01 12:48:36,582 - Interaction: COOPERATOR vs DEFECTOR, Payoffs: 0, 5
2024-12-01 12:48:36,582 - Interaction: COOPERATOR vs PROBABILISTIC, Payoffs: 3, 3
2024-12-01 12:48:36,582 - Interaction: COOPERATOR vs COOPERATOR, Payoffs: 3, 3
2024-12-01 12:48:36,583 - Interaction: COOPERATOR vs COOPERATOR, Payoffs: 3, 3
2024-12-01 12:48:36,583 - Interaction: COOPERATOR vs COOPERATOR, Payoffs: 3, 3
2024-12-01 12:48:36,585 - Interaction: COOPERATOR vs COOPERATOR, Payoffs: 3, 3
2024-12-01 12:48:36,585 - Interaction: COOPERATOR vs COOPERATOR, Payoffs: 3, 3
2024-12-01 12:48:36,586 - Interaction: COOPERATOR vs PROBABILISTIC, Payoffs: 3, 3
2024-12-01 12:48:36,588 - Interaction: COOPERATOR vs PROBABILISTIC, Payoffs: 3, 3
2024-12-01 12:48:36,588 - Interaction: COOPERATOR vs COOPERATOR, Payoffs: 3, 3
2024-12-01 12:48:36,589 - Interaction: COOPERATOR vs COOPERATOR, Payoffs: 3, 3
2024-12-01 12:48:36,591 - Interaction: COOPERATOR vs COOPERATOR, Payoffs: 3, 3
2024-12-01 12:48:36,592 - Interaction: COOPERATOR vs PROBABILISTIC, Payoffs: 3, 3
2024-12-01 12:48:36,593 - Interaction: COOPERATOR vs COOPERATOR, Payoffs: 3, 3
2024-12-01 12:48:36,593 - Interaction: COOPERATOR vs HYBRID, Payoffs: 3, 3
2024-12-01 12:48:36,593 - Interaction: COOPERATOR vs COOPERATOR, Payoffs: 3, 3
2024-12-01 12:48:36,594 - Interaction: COOPERATOR vs HYBRID, Payoffs: 3, 3
2024-12-01 12:48:36,594 - Interaction: COOPERATOR vs COOPERATOR, Payoffs: 3, 3
2024-12-01 12:48:36,595 - Interaction: COOPERATOR vs COOPERATOR, Payoffs: 3, 3
2024-12-01 12:48:36,595 - Interaction: COOPERATOR vs HYBRID, Payoffs: 3, 3
2024-12-01 12:48:36,596 - Interaction: COOPERATOR vs COOPERATOR, Payoffs: 3, 3
2024-12-01 12:48:36,596 - Agents count: 52
2024-12-01 12:48:36,633 - Interaction: PROBABILISTIC vs COOPERATOR, Payoffs: 3, 3
2024-12-01 12:48:36,634 - Interaction: DEFECTOR vs COOPERATOR, Payoffs: 5, 0
2024-12-01 12:48:36,635 - Interaction: HYBRID vs COOPERATOR, Payoffs: 3, 3
2024-12-01 12:48:36,635 - Interaction: HYBRID vs COOPERATOR, Payoffs: 3, 3
2024-12-01 12:48:36,635 - Interaction: HYBRID vs COOPERATOR, Payoffs: 3, 3
2024-12-01 12:48:36,638 - Interaction: PROBABILISTIC vs COOPERATOR, Payoffs: 3, 3
2024-12-01 12:48:36,638 - Interaction: PROBABILISTIC vs COOPERATOR, Payoffs: 3, 3
2024-12-01 12:48:36,638 - Interaction: PROBABILISTIC vs COOPERATOR, Payoffs: 3, 3
2024-12-01 12:48:36,639 - Interaction: COOPERATOR vs DEFECTOR, Payoffs: 0, 5
2024-12-01 12:48:36,639 - Interaction: COOPERATOR vs PROBABILISTIC, Payoffs: 3, 3
2024-12-01 12:48:36,641 - Interaction: COOPERATOR vs COOPERATOR, Payoffs: 3, 3
2024-12-01 12:48:36,641 - Interaction: COOPERATOR vs COOPERATOR, Payoffs: 3, 3
2024-12-01 12:48:36,642 - Interaction: COOPERATOR vs PROBABILISTIC, Payoffs: 3, 3
2024-12-01 12:48:36,644 - Interaction: COOPERATOR vs PROBABILISTIC, Payoffs: 3, 3
2024-12-01 12:48:36,644 - Interaction: COOPERATOR vs COOPERATOR, Payoffs: 3, 3
2024-12-01 12:48:36,645 - Interaction: COOPERATOR vs COOPERATOR, Payoffs: 3, 3
2024-12-01 12:48:36,647 - Interaction: COOPERATOR vs COOPERATOR, Payoffs: 3, 3
2024-12-01 12:48:36,648 - Interaction: COOPERATOR vs PROBABILISTIC, Payoffs: 3, 3
2024-12-01 12:48:36,648 - Interaction: COOPERATOR vs HYBRID, Payoffs: 3, 3
2024-12-01 12:48:36,649 - Interaction: COOPERATOR vs COOPERATOR, Payoffs: 3, 3
2024-12-01 12:48:36,650 - Interaction: COOPERATOR vs HYBRID, Payoffs: 3, 3
2024-12-01 12:48:36,650 - Interaction: COOPERATOR vs COOPERATOR, Payoffs: 3, 3
2024-12-01 12:48:36,650 - Interaction: COOPERATOR vs COOPERATOR, Payoffs: 3, 3
2024-12-01 12:48:36,651 - Interaction: COOPERATOR vs COOPERATOR, Payoffs: 3, 3
2024-12-01 12:48:36,651 - Interaction: COOPERATOR vs HYBRID, Payoffs: 3, 3
2024-12-01 12:48:36,652 - Interaction: COOPERATOR vs COOPERATOR, Payoffs: 3, 3
2024-12-01 12:48:36,925 - Agents count: 52
2024-12-01 12:48:36,964 - Interaction: PROBABILISTIC vs COOPERATOR, Payoffs: 3, 3
2024-12-01 12:48:36,965 - Interaction: HYBRID vs COOPERATOR, Payoffs: 3, 3
2024-12-01 12:48:36,966 - Interaction: HYBRID vs COOPERATOR, Payoffs: 3, 3
2024-12-01 12:48:36,966 - Interaction: HYBRID vs COOPERATOR, Payoffs: 3, 3
2024-12-01 12:48:36,969 - Interaction: PROBABILISTIC vs COOPERATOR, Payoffs: 3, 3
2024-12-01 12:48:36,969 - Interaction: PROBABILISTIC vs COOPERATOR, Payoffs: 3, 3
2024-12-01 12:48:36,970 - Interaction: PROBABILISTIC vs COOPERATOR, Payoffs: 3, 3
2024-12-01 12:48:36,971 - Interaction: COOPERATOR vs PROBABILISTIC, Payoffs: 3, 3
2024-12-01 12:48:36,973 - Interaction: COOPERATOR vs COOPERATOR, Payoffs: 3, 3
2024-12-01 12:48:36,973 - Interaction: COOPERATOR vs COOPERATOR, Payoffs: 3, 3
2024-12-01 12:48:36,974 - Interaction: COOPERATOR vs PROBABILISTIC, Payoffs: 3, 3
2024-12-01 12:48:36,976 - Interaction: COOPERATOR vs PROBABILISTIC, Payoffs: 3, 3
2024-12-01 12:48:36,976 - Interaction: COOPERATOR vs COOPERATOR, Payoffs: 3, 3
2024-12-01 12:48:36,977 - Interaction: COOPERATOR vs COOPERATOR, Payoffs: 3, 3
2024-12-01 12:48:36,979 - Interaction: COOPERATOR vs COOPERATOR, Payoffs: 3, 3
2024-12-01 12:48:36,979 - Interaction: COOPERATOR vs PROBABILISTIC, Payoffs: 3, 3
2024-12-01 12:48:36,981 - Interaction: COOPERATOR vs HYBRID, Payoffs: 3, 3
2024-12-01 12:48:36,981 - Interaction: COOPERATOR vs COOPERATOR, Payoffs: 3, 3
2024-12-01 12:48:36,982 - Interaction: COOPERATOR vs HYBRID, Payoffs: 3, 3
2024-12-01 12:48:36,982 - Interaction: COOPERATOR vs COOPERATOR, Payoffs: 3, 3
2024-12-01 12:48:36,982 - Interaction: COOPERATOR vs COOPERATOR, Payoffs: 3, 3
2024-12-01 12:48:36,983 - Interaction: COOPERATOR vs COOPERATOR, Payoffs: 3, 3
2024-12-01 12:48:36,984 - Interaction: COOPERATOR vs HYBRID, Payoffs: 3, 3
2024-12-01 12:48:36,985 - Interaction: COOPERATOR vs COOPERATOR, Payoffs: 3, 3
2024-12-01 12:48:36,985 - Agents count: 52
2024-12-01 12:48:37,031 - Interaction: PROBABILISTIC vs COOPERATOR, Payoffs: 3, 3
2024-12-01 12:48:37,032 - Interaction: HYBRID vs COOPERATOR, Payoffs: 3, 3
2024-12-01 12:48:37,033 - Interaction: HYBRID vs COOPERATOR, Payoffs: 3, 3
2024-12-01 12:48:37,033 - Interaction: HYBRID vs COOPERATOR, Payoffs: 3, 3
2024-12-01 12:48:37,036 - Interaction: PROBABILISTIC vs COOPERATOR, Payoffs: 3, 3
2024-12-01 12:48:37,036 - Interaction: PROBABILISTIC vs COOPERATOR, Payoffs: 3, 3
2024-12-01 12:48:37,037 - Interaction: COOPERATOR vs PROBABILISTIC, Payoffs: 3, 3
2024-12-01 12:48:37,039 - Interaction: COOPERATOR vs COOPERATOR, Payoffs: 3, 3
2024-12-01 12:48:37,039 - Interaction: COOPERATOR vs COOPERATOR, Payoffs: 3, 3
2024-12-01 12:48:37,040 - Interaction: COOPERATOR vs PROBABILISTIC, Payoffs: 3, 3
2024-12-01 12:48:37,041 - Interaction: COOPERATOR vs PROBABILISTIC, Payoffs: 3, 3
2024-12-01 12:48:37,041 - Interaction: COOPERATOR vs COOPERATOR, Payoffs: 3, 3
2024-12-01 12:48:37,041 - Interaction: COOPERATOR vs COOPERATOR, Payoffs: 3, 3
2024-12-01 12:48:37,043 - Interaction: COOPERATOR vs COOPERATOR, Payoffs: 3, 3
2024-12-01 12:48:37,044 - Interaction: COOPERATOR vs HYBRID, Payoffs: 3, 3
2024-12-01 12:48:37,044 - Interaction: COOPERATOR vs COOPERATOR, Payoffs: 3, 3
2024-12-01 12:48:37,045 - Interaction: COOPERATOR vs HYBRID, Payoffs: 3, 3
2024-12-01 12:48:37,045 - Interaction: COOPERATOR vs COOPERATOR, Payoffs: 3, 3
2024-12-01 12:48:37,045 - Interaction: COOPERATOR vs COOPERATOR, Payoffs: 3, 3
2024-12-01 12:48:37,046 - Interaction: COOPERATOR vs COOPERATOR, Payoffs: 3, 3
2024-12-01 12:48:37,046 - Interaction: COOPERATOR vs HYBRID, Payoffs: 3, 3
2024-12-01 12:48:37,047 - Interaction: COOPERATOR vs COOPERATOR, Payoffs: 3, 3
2024-12-01 12:48:37,047 - Agents count: 52
2024-12-01 12:48:37,078 - Interaction: TEMPORAL vs PROBABILISTIC, Payoffs: 5, 0
2024-12-01 12:48:37,083 - Interaction: PROBABILISTIC vs COOPERATOR, Payoffs: 3, 3
2024-12-01 12:48:37,084 - New agent spawned with strategy: COOPERATOR
2024-12-01 12:48:37,085 - Interaction: HYBRID vs COOPERATOR, Payoffs: 3, 3
2024-12-01 12:48:37,085 - Interaction: HYBRID vs COOPERATOR, Payoffs: 3, 3
2024-12-01 12:48:37,088 - Interaction: PROBABILISTIC vs COOPERATOR, Payoffs: 3, 3
2024-12-01 12:48:37,089 - Interaction: PROBABILISTIC vs COOPERATOR, Payoffs: 3, 3
2024-12-01 12:48:37,090 - Interaction: COOPERATOR vs PROBABILISTIC, Payoffs: 3, 3
2024-12-01 12:48:37,091 - Interaction: COOPERATOR vs COOPERATOR, Payoffs: 3, 3
2024-12-01 12:48:37,092 - Interaction: COOPERATOR vs COOPERATOR, Payoffs: 3, 3
2024-12-01 12:48:37,092 - Interaction: PROBABILISTIC vs TEMPORAL, Payoffs: 0, 5
2024-12-01 12:48:37,093 - Interaction: COOPERATOR vs PROBABILISTIC, Payoffs: 3, 3
2024-12-01 12:48:37,096 - Interaction: COOPERATOR vs PROBABILISTIC, Payoffs: 3, 3
2024-12-01 12:48:37,096 - Interaction: COOPERATOR vs COOPERATOR, Payoffs: 3, 3
2024-12-01 12:48:37,101 - Interaction: COOPERATOR vs COOPERATOR, Payoffs: 3, 3
2024-12-01 12:48:37,102 - Interaction: COOPERATOR vs HYBRID, Payoffs: 3, 3
2024-12-01 12:48:37,102 - Interaction: COOPERATOR vs COOPERATOR, Payoffs: 3, 3
2024-12-01 12:48:37,103 - Interaction: COOPERATOR vs COOPERATOR, Payoffs: 3, 3
2024-12-01 12:48:37,103 - Interaction: COOPERATOR vs HYBRID, Payoffs: 3, 3
2024-12-01 12:48:37,104 - Interaction: COOPERATOR vs COOPERATOR, Payoffs: 3, 3
2024-12-01 12:48:37,104 - Interaction: COOPERATOR vs PROBABILISTIC, Payoffs: 3, 3
2024-12-01 12:48:37,104 - Agents count: 53
2024-12-01 12:48:37,140 - Interaction: TEMPORAL vs PROBABILISTIC, Payoffs: 5, 0
2024-12-01 12:48:37,145 - Interaction: PROBABILISTIC vs COOPERATOR, Payoffs: 3, 3
2024-12-01 12:48:37,145 - Interaction: PROBABILISTIC vs COOPERATOR, Payoffs: 3, 3
2024-12-01 12:48:37,146 - Interaction: HYBRID vs COOPERATOR, Payoffs: 3, 3
2024-12-01 12:48:37,146 - Interaction: HYBRID vs COOPERATOR, Payoffs: 3, 3
2024-12-01 12:48:37,150 - Interaction: PROBABILISTIC vs COOPERATOR, Payoffs: 3, 3
2024-12-01 12:48:37,150 - Interaction: PROBABILISTIC vs COOPERATOR, Payoffs: 3, 3
2024-12-01 12:48:37,152 - Interaction: COOPERATOR vs PROBABILISTIC, Payoffs: 3, 3
2024-12-01 12:48:37,153 - Interaction: COOPERATOR vs COOPERATOR, Payoffs: 3, 3
2024-12-01 12:48:37,154 - Interaction: COOPERATOR vs COOPERATOR, Payoffs: 3, 3
2024-12-01 12:48:37,154 - Interaction: PROBABILISTIC vs TEMPORAL, Payoffs: 0, 5
2024-12-01 12:48:37,156 - Interaction: COOPERATOR vs PROBABILISTIC, Payoffs: 3, 3
2024-12-01 12:48:37,157 - Interaction: COOPERATOR vs PROBABILISTIC, Payoffs: 3, 3
2024-12-01 12:48:37,160 - Interaction: COOPERATOR vs COOPERATOR, Payoffs: 3, 3
2024-12-01 12:48:37,165 - Interaction: COOPERATOR vs COOPERATOR, Payoffs: 3, 3
2024-12-01 12:48:37,166 - Interaction: COOPERATOR vs HYBRID, Payoffs: 3, 3
2024-12-01 12:48:37,166 - Interaction: COOPERATOR vs COOPERATOR, Payoffs: 3, 3
2024-12-01 12:48:37,167 - Interaction: COOPERATOR vs COOPERATOR, Payoffs: 3, 3
2024-12-01 12:48:37,168 - Interaction: COOPERATOR vs HYBRID, Payoffs: 3, 3
2024-12-01 12:48:37,169 - Interaction: COOPERATOR vs PROBABILISTIC, Payoffs: 3, 3
2024-12-01 12:48:37,432 - Agents count: 53
2024-12-01 12:48:37,461 - Interaction: TEMPORAL vs PROBABILISTIC, Payoffs: 5, 0
2024-12-01 12:48:37,465 - Interaction: COOPERATOR vs PROBABILISTIC, Payoffs: 3, 3
2024-12-01 12:48:37,466 - Interaction: PROBABILISTIC vs COOPERATOR, Payoffs: 3, 3
2024-12-01 12:48:37,466 - Interaction: PROBABILISTIC vs COOPERATOR, Payoffs: 3, 3
2024-12-01 12:48:37,467 - Interaction: HYBRID vs COOPERATOR, Payoffs: 3, 3
2024-12-01 12:48:37,467 - Interaction: HYBRID vs COOPERATOR, Payoffs: 3, 3
2024-12-01 12:48:37,470 - Interaction: PROBABILISTIC vs COOPERATOR, Payoffs: 3, 3
2024-12-01 12:48:37,471 - Interaction: PROBABILISTIC vs COOPERATOR, Payoffs: 3, 3
2024-12-01 12:48:37,471 - Interaction: COOPERATOR vs PROBABILISTIC, Payoffs: 3, 3
2024-12-01 12:48:37,472 - Interaction: COOPERATOR vs COOPERATOR, Payoffs: 3, 3
2024-12-01 12:48:37,472 - Interaction: COOPERATOR vs COOPERATOR, Payoffs: 3, 3
2024-12-01 12:48:37,473 - Interaction: PROBABILISTIC vs TEMPORAL, Payoffs: 0, 5
2024-12-01 12:48:37,474 - Interaction: COOPERATOR vs PROBABILISTIC, Payoffs: 3, 3
2024-12-01 12:48:37,474 - Interaction: COOPERATOR vs COOPERATOR, Payoffs: 3, 3
2024-12-01 12:48:37,475 - Interaction: COOPERATOR vs PROBABILISTIC, Payoffs: 3, 3
2024-12-01 12:48:37,476 - Interaction: COOPERATOR vs COOPERATOR, Payoffs: 3, 3
2024-12-01 12:48:37,476 - Interaction: PROBABILISTIC vs COOPERATOR, Payoffs: 3, 3
2024-12-01 12:48:37,479 - Interaction: COOPERATOR vs COOPERATOR, Payoffs: 3, 3
2024-12-01 12:48:37,479 - Interaction: COOPERATOR vs HYBRID, Payoffs: 3, 3
2024-12-01 12:48:37,479 - Interaction: COOPERATOR vs COOPERATOR, Payoffs: 3, 3
2024-12-01 12:48:37,480 - Interaction: COOPERATOR vs COOPERATOR, Payoffs: 3, 3
2024-12-01 12:48:37,481 - Interaction: COOPERATOR vs HYBRID, Payoffs: 3, 3
2024-12-01 12:48:37,482 - Interaction: COOPERATOR vs PROBABILISTIC, Payoffs: 3, 3
2024-12-01 12:48:37,482 - Interaction: COOPERATOR vs COOPERATOR, Payoffs: 3, 3
2024-12-01 12:48:37,482 - Agents count: 53
2024-12-01 12:48:37,522 - Interaction: TEMPORAL vs PROBABILISTIC, Payoffs: 1, 1
2024-12-01 12:48:37,531 - Interaction: COOPERATOR vs PROBABILISTIC, Payoffs: 3, 3
2024-12-01 12:48:37,533 - Interaction: PROBABILISTIC vs COOPERATOR, Payoffs: 3, 3
2024-12-01 12:48:37,534 - Interaction: PROBABILISTIC vs COOPERATOR, Payoffs: 3, 3
2024-12-01 12:48:37,536 - Interaction: HYBRID vs COOPERATOR, Payoffs: 3, 3
2024-12-01 12:48:37,544 - Interaction: PROBABILISTIC vs COOPERATOR, Payoffs: 3, 3
2024-12-01 12:48:37,549 - Interaction: COOPERATOR vs COOPERATOR, Payoffs: 3, 3
2024-12-01 12:48:37,551 - Interaction: COOPERATOR vs COOPERATOR, Payoffs: 3, 3
2024-12-01 12:48:37,552 - Interaction: PROBABILISTIC vs TEMPORAL, Payoffs: 0, 5
2024-12-01 12:48:37,555 - Interaction: COOPERATOR vs PROBABILISTIC, Payoffs: 3, 3
2024-12-01 12:48:37,561 - Interaction: COOPERATOR vs PROBABILISTIC, Payoffs: 3, 3
2024-12-01 12:48:37,562 - Interaction: COOPERATOR vs COOPERATOR, Payoffs: 3, 3
2024-12-01 12:48:37,564 - Interaction: PROBABILISTIC vs COOPERATOR, Payoffs: 3, 3
2024-12-01 12:48:37,573 - Interaction: COOPERATOR vs HYBRID, Payoffs: 3, 3
2024-12-01 12:48:37,575 - Interaction: COOPERATOR vs COOPERATOR, Payoffs: 3, 3
2024-12-01 12:48:37,577 - Interaction: COOPERATOR vs PROBABILISTIC, Payoffs: 3, 3
2024-12-01 12:48:37,578 - Agents count: 53
2024-12-01 12:48:37,631 - Interaction: TEMPORAL vs PROBABILISTIC, Payoffs: 5, 0
2024-12-01 12:48:37,637 - Interaction: COOPERATOR vs PROBABILISTIC, Payoffs: 3, 3
2024-12-01 12:48:37,637 - New agent spawned with strategy: PROBABILISTIC
2024-12-01 12:48:37,638 - Interaction: PROBABILISTIC vs COOPERATOR, Payoffs: 3, 3
2024-12-01 12:48:37,638 - Interaction: PROBABILISTIC vs COOPERATOR, Payoffs: 3, 3
2024-12-01 12:48:37,640 - Interaction: HYBRID vs COOPERATOR, Payoffs: 3, 3
2024-12-01 12:48:37,643 - Interaction: PROBABILISTIC vs COOPERATOR, Payoffs: 3, 3
2024-12-01 12:48:37,645 - Interaction: COOPERATOR vs COOPERATOR, Payoffs: 3, 3
2024-12-01 12:48:37,646 - Interaction: PROBABILISTIC vs TEMPORAL, Payoffs: 0, 5
2024-12-01 12:48:37,649 - Interaction: COOPERATOR vs PROBABILISTIC, Payoffs: 3, 3
2024-12-01 12:48:37,651 - Interaction: COOPERATOR vs PROBABILISTIC, Payoffs: 3, 3
2024-12-01 12:48:37,651 - Interaction: COOPERATOR vs COOPERATOR, Payoffs: 3, 3
2024-12-01 12:48:37,652 - Interaction: PROBABILISTIC vs COOPERATOR, Payoffs: 3, 3
2024-12-01 12:48:37,654 - Interaction: COOPERATOR vs HYBRID, Payoffs: 3, 3
2024-12-01 12:48:37,656 - Interaction: COOPERATOR vs PROBABILISTIC, Payoffs: 3, 3
2024-12-01 12:48:37,656 - Interaction: PROBABILISTIC vs COOPERATOR, Payoffs: 5, 0
2024-12-01 12:48:37,656 - Interaction: PROBABILISTIC vs PROBABILISTIC, Payoffs: 5, 0
2024-12-01 12:48:37,656 - Agents count: 54
2024-12-01 12:48:37,690 - Interaction: TEMPORAL vs PROBABILISTIC, Payoffs: 5, 0
2024-12-01 12:48:37,693 - Interaction: COOPERATOR vs PROBABILISTIC, Payoffs: 3, 3
2024-12-01 12:48:37,694 - Interaction: COOPERATOR vs PROBABILISTIC, Payoffs: 0, 5
2024-12-01 12:48:37,694 - Interaction: PROBABILISTIC vs COOPERATOR, Payoffs: 3, 3
2024-12-01 12:48:37,694 - Interaction: PROBABILISTIC vs COOPERATOR, Payoffs: 3, 3
2024-12-01 12:48:37,695 - Interaction: HYBRID vs COOPERATOR, Payoffs: 3, 3
2024-12-01 12:48:37,699 - Interaction: PROBABILISTIC vs COOPERATOR, Payoffs: 3, 3
2024-12-01 12:48:37,701 - Interaction: COOPERATOR vs COOPERATOR, Payoffs: 3, 3
2024-12-01 12:48:37,702 - Interaction: PROBABILISTIC vs TEMPORAL, Payoffs: 0, 5
2024-12-01 12:48:37,703 - Interaction: COOPERATOR vs PROBABILISTIC, Payoffs: 3, 3
2024-12-01 12:48:37,705 - Interaction: COOPERATOR vs PROBABILISTIC, Payoffs: 3, 3
2024-12-01 12:48:37,705 - Interaction: COOPERATOR vs COOPERATOR, Payoffs: 3, 3
2024-12-01 12:48:37,706 - Interaction: PROBABILISTIC vs COOPERATOR, Payoffs: 3, 3
2024-12-01 12:48:37,706 - Interaction: PROBABILISTIC vs PROBABILISTIC, Payoffs: 0, 5
2024-12-01 12:48:37,709 - Interaction: COOPERATOR vs HYBRID, Payoffs: 3, 3
2024-12-01 12:48:37,712 - Interaction: COOPERATOR vs PROBABILISTIC, Payoffs: 3, 3
2024-12-01 12:48:37,714 - Interaction: PROBABILISTIC vs COOPERATOR, Payoffs: 5, 0
2024-12-01 12:48:37,716 - Interaction: PROBABILISTIC vs PROBABILISTIC, Payoffs: 5, 0
2024-12-01 12:48:37,939 - Agents count: 54
2024-12-01 12:48:37,969 - Interaction: TEMPORAL vs PROBABILISTIC, Payoffs: 5, 0
2024-12-01 12:48:37,973 - Interaction: COOPERATOR vs PROBABILISTIC, Payoffs: 3, 3
2024-12-01 12:48:37,973 - Interaction: COOPERATOR vs PROBABILISTIC, Payoffs: 3, 3
2024-12-01 12:48:37,974 - Interaction: PROBABILISTIC vs COOPERATOR, Payoffs: 3, 3
2024-12-01 12:48:37,974 - Interaction: PROBABILISTIC vs COOPERATOR, Payoffs: 3, 3
2024-12-01 12:48:37,975 - Interaction: HYBRID vs COOPERATOR, Payoffs: 3, 3
2024-12-01 12:48:37,977 - Interaction: PROBABILISTIC vs COOPERATOR, Payoffs: 3, 3
2024-12-01 12:48:37,980 - Interaction: COOPERATOR vs COOPERATOR, Payoffs: 3, 3
2024-12-01 12:48:37,980 - Interaction: PROBABILISTIC vs TEMPORAL, Payoffs: 0, 5
2024-12-01 12:48:37,982 - Interaction: COOPERATOR vs PROBABILISTIC, Payoffs: 3, 3
2024-12-01 12:48:37,983 - Interaction: COOPERATOR vs PROBABILISTIC, Payoffs: 3, 3
2024-12-01 12:48:37,984 - Interaction: COOPERATOR vs COOPERATOR, Payoffs: 3, 3
2024-12-01 12:48:37,984 - Interaction: PROBABILISTIC vs COOPERATOR, Payoffs: 3, 3
2024-12-01 12:48:37,984 - Interaction: PROBABILISTIC vs PROBABILISTIC, Payoffs: 3, 3
2024-12-01 12:48:37,987 - Interaction: COOPERATOR vs HYBRID, Payoffs: 3, 3
2024-12-01 12:48:37,989 - Interaction: COOPERATOR vs PROBABILISTIC, Payoffs: 3, 3
2024-12-01 12:48:37,989 - Interaction: PROBABILISTIC vs COOPERATOR, Payoffs: 3, 3
2024-12-01 12:48:37,989 - Interaction: PROBABILISTIC vs PROBABILISTIC, Payoffs: 3, 3
2024-12-01 12:48:37,989 - Agents count: 54
2024-12-01 12:48:38,023 - Interaction: TEMPORAL vs PROBABILISTIC, Payoffs: 5, 0
2024-12-01 12:48:38,025 - Interaction: PROBABILISTIC vs COOPERATOR, Payoffs: 5, 0
2024-12-01 12:48:38,026 - Interaction: COOPERATOR vs PROBABILISTIC, Payoffs: 3, 3
2024-12-01 12:48:38,027 - Interaction: COOPERATOR vs PROBABILISTIC, Payoffs: 3, 3
2024-12-01 12:48:38,027 - Interaction: PROBABILISTIC vs COOPERATOR, Payoffs: 3, 3
2024-12-01 12:48:38,027 - Interaction: PROBABILISTIC vs COOPERATOR, Payoffs: 3, 3
2024-12-01 12:48:38,031 - Interaction: PROBABILISTIC vs COOPERATOR, Payoffs: 3, 3
2024-12-01 12:48:38,034 - Interaction: COOPERATOR vs PROBABILISTIC, Payoffs: 0, 5
2024-12-01 12:48:38,034 - Interaction: COOPERATOR vs COOPERATOR, Payoffs: 3, 3
2024-12-01 12:48:38,035 - Interaction: PROBABILISTIC vs TEMPORAL, Payoffs: 0, 5
2024-12-01 12:48:38,036 - Interaction: COOPERATOR vs PROBABILISTIC, Payoffs: 3, 3
2024-12-01 12:48:38,037 - Interaction: COOPERATOR vs PROBABILISTIC, Payoffs: 3, 3
2024-12-01 12:48:38,037 - Interaction: COOPERATOR vs COOPERATOR, Payoffs: 3, 3
2024-12-01 12:48:38,038 - Interaction: PROBABILISTIC vs COOPERATOR, Payoffs: 3, 3
2024-12-01 12:48:38,038 - Interaction: PROBABILISTIC vs PROBABILISTIC, Payoffs: 3, 3
2024-12-01 12:48:38,044 - Interaction: COOPERATOR vs PROBABILISTIC, Payoffs: 3, 3
2024-12-01 12:48:38,044 - Interaction: PROBABILISTIC vs COOPERATOR, Payoffs: 3, 3
2024-12-01 12:48:38,045 - Interaction: PROBABILISTIC vs PROBABILISTIC, Payoffs: 3, 3
2024-12-01 12:48:38,045 - Agents count: 54
2024-12-01 12:48:38,083 - Interaction: TEMPORAL vs PROBABILISTIC, Payoffs: 5, 0
2024-12-01 12:48:38,086 - Interaction: PROBABILISTIC vs COOPERATOR, Payoffs: 5, 0
2024-12-01 12:48:38,088 - Interaction: COOPERATOR vs PROBABILISTIC, Payoffs: 3, 3
2024-12-01 12:48:38,089 - Interaction: PROBABILISTIC vs COOPERATOR, Payoffs: 3, 3
2024-12-01 12:48:38,093 - Interaction: PROBABILISTIC vs COOPERATOR, Payoffs: 3, 3
2024-12-01 12:48:38,096 - Interaction: COOPERATOR vs PROBABILISTIC, Payoffs: 0, 5
2024-12-01 12:48:38,097 - Interaction: COOPERATOR vs COOPERATOR, Payoffs: 3, 3
2024-12-01 12:48:38,097 - Interaction: PROBABILISTIC vs TEMPORAL, Payoffs: 0, 5
2024-12-01 12:48:38,099 - Interaction: COOPERATOR vs PROBABILISTIC, Payoffs: 3, 3
2024-12-01 12:48:38,101 - Interaction: COOPERATOR vs PROBABILISTIC, Payoffs: 3, 3
2024-12-01 12:48:38,101 - Interaction: COOPERATOR vs COOPERATOR, Payoffs: 3, 3
2024-12-01 12:48:38,109 - Interaction: PROBABILISTIC vs COOPERATOR, Payoffs: 3, 3
2024-12-01 12:48:38,109 - Agents count: 54
2024-12-01 12:48:38,151 - Interaction: TEMPORAL vs PROBABILISTIC, Payoffs: 5, 0
2024-12-01 12:48:38,154 - Interaction: PROBABILISTIC vs COOPERATOR, Payoffs: 5, 0
2024-12-01 12:48:38,156 - Interaction: COOPERATOR vs PROBABILISTIC, Payoffs: 3, 3
2024-12-01 12:48:38,156 - New agent spawned with strategy: PROBABILISTIC
2024-12-01 12:48:38,157 - Interaction: PROBABILISTIC vs COOPERATOR, Payoffs: 3, 3
2024-12-01 12:48:38,163 - Interaction: PROBABILISTIC vs COOPERATOR, Payoffs: 3, 3
2024-12-01 12:48:38,165 - Interaction: COOPERATOR vs PROBABILISTIC, Payoffs: 3, 3
2024-12-01 12:48:38,166 - Interaction: COOPERATOR vs COOPERATOR, Payoffs: 3, 3
2024-12-01 12:48:38,166 - Interaction: PROBABILISTIC vs TEMPORAL, Payoffs: 0, 5
2024-12-01 12:48:38,167 - Interaction: COOPERATOR vs PROBABILISTIC, Payoffs: 3, 3
2024-12-01 12:48:38,169 - Interaction: COOPERATOR vs PROBABILISTIC, Payoffs: 3, 3
2024-12-01 12:48:38,169 - Interaction: COOPERATOR vs COOPERATOR, Payoffs: 3, 3
2024-12-01 12:48:38,175 - Interaction: PROBABILISTIC vs COOPERATOR, Payoffs: 3, 3
2024-12-01 12:48:38,175 - Interaction: PROBABILISTIC vs COOPERATOR, Payoffs: 3, 3
2024-12-01 12:48:38,176 - Interaction: PROBABILISTIC vs PROBABILISTIC, Payoffs: 3, 3
2024-12-01 12:48:38,176 - Agents count: 55
2024-12-01 12:48:38,214 - Interaction: TEMPORAL vs PROBABILISTIC, Payoffs: 5, 0
2024-12-01 12:48:38,217 - Interaction: PROBABILISTIC vs COOPERATOR, Payoffs: 3, 3
2024-12-01 12:48:38,219 - Interaction: COOPERATOR vs PROBABILISTIC, Payoffs: 3, 3
2024-12-01 12:48:38,219 - Interaction: COOPERATOR vs PROBABILISTIC, Payoffs: 3, 3
2024-12-01 12:48:38,220 - Interaction: PROBABILISTIC vs COOPERATOR, Payoffs: 3, 3
2024-12-01 12:48:38,228 - Interaction: COOPERATOR vs PROBABILISTIC, Payoffs: 3, 3
2024-12-01 12:48:38,228 - Interaction: COOPERATOR vs COOPERATOR, Payoffs: 3, 3
2024-12-01 12:48:38,229 - Interaction: PROBABILISTIC vs TEMPORAL, Payoffs: 0, 5
2024-12-01 12:48:38,230 - Interaction: COOPERATOR vs PROBABILISTIC, Payoffs: 3, 3
2024-12-01 12:48:38,233 - Interaction: COOPERATOR vs COOPERATOR, Payoffs: 3, 3
2024-12-01 12:48:38,239 - Interaction: PROBABILISTIC vs COOPERATOR, Payoffs: 3, 3
2024-12-01 12:48:38,239 - Interaction: PROBABILISTIC vs PROBABILISTIC, Payoffs: 3, 3
2024-12-01 12:48:38,240 - Interaction: PROBABILISTIC vs COOPERATOR, Payoffs: 3, 3
2024-12-01 12:48:38,240 - Interaction: PROBABILISTIC vs PROBABILISTIC, Payoffs: 3, 3
2024-12-01 12:48:38,456 - Agents count: 55
2024-12-01 12:48:38,493 - Interaction: TEMPORAL vs PROBABILISTIC, Payoffs: 5, 0
2024-12-01 12:48:38,496 - Interaction: PROBABILISTIC vs COOPERATOR, Payoffs: 3, 3
2024-12-01 12:48:38,499 - Interaction: COOPERATOR vs PROBABILISTIC, Payoffs: 3, 3
2024-12-01 12:48:38,499 - Interaction: COOPERATOR vs PROBABILISTIC, Payoffs: 3, 3
2024-12-01 12:48:38,500 - Interaction: PROBABILISTIC vs COOPERATOR, Payoffs: 3, 3
2024-12-01 12:48:38,506 - Interaction: COOPERATOR vs PROBABILISTIC, Payoffs: 3, 3
2024-12-01 12:48:38,506 - Interaction: COOPERATOR vs COOPERATOR, Payoffs: 3, 3
2024-12-01 12:48:38,507 - Interaction: PROBABILISTIC vs TEMPORAL, Payoffs: 0, 5
2024-12-01 12:48:38,507 - Interaction: COOPERATOR vs PROBABILISTIC, Payoffs: 3, 3
2024-12-01 12:48:38,510 - Interaction: COOPERATOR vs COOPERATOR, Payoffs: 3, 3
2024-12-01 12:48:38,514 - Interaction: PROBABILISTIC vs COOPERATOR, Payoffs: 3, 3
2024-12-01 12:48:38,514 - Interaction: PROBABILISTIC vs PROBABILISTIC, Payoffs: 3, 3
2024-12-01 12:48:38,515 - Interaction: PROBABILISTIC vs COOPERATOR, Payoffs: 3, 3
2024-12-01 12:48:38,516 - Interaction: PROBABILISTIC vs PROBABILISTIC, Payoffs: 3, 3
2024-12-01 12:48:38,516 - Agents count: 55
2024-12-01 12:48:38,553 - Interaction: TEMPORAL vs PROBABILISTIC, Payoffs: 5, 0
2024-12-01 12:48:38,555 - Interaction: PROBABILISTIC vs COOPERATOR, Payoffs: 3, 3
2024-12-01 12:48:38,557 - Interaction: COOPERATOR vs PROBABILISTIC, Payoffs: 3, 3
2024-12-01 12:48:38,557 - Interaction: COOPERATOR vs PROBABILISTIC, Payoffs: 3, 3
2024-12-01 12:48:38,558 - Interaction: PROBABILISTIC vs COOPERATOR, Payoffs: 3, 3
2024-12-01 12:48:38,564 - Interaction: COOPERATOR vs PROBABILISTIC, Payoffs: 3, 3
2024-12-01 12:48:38,565 - Interaction: COOPERATOR vs COOPERATOR, Payoffs: 3, 3
2024-12-01 12:48:38,566 - Interaction: PROBABILISTIC vs TEMPORAL, Payoffs: 0, 5
2024-12-01 12:48:38,567 - Interaction: COOPERATOR vs PROBABILISTIC, Payoffs: 3, 3
2024-12-01 12:48:38,568 - Interaction: COOPERATOR vs COOPERATOR, Payoffs: 3, 3
2024-12-01 12:48:38,572 - Interaction: PROBABILISTIC vs COOPERATOR, Payoffs: 3, 3
2024-12-01 12:48:38,573 - Interaction: PROBABILISTIC vs PROBABILISTIC, Payoffs: 3, 3
2024-12-01 12:48:38,574 - Interaction: PROBABILISTIC vs COOPERATOR, Payoffs: 3, 3
2024-12-01 12:48:38,574 - Interaction: PROBABILISTIC vs PROBABILISTIC, Payoffs: 3, 3
2024-12-01 12:48:38,574 - Agents count: 55
2024-12-01 12:48:38,616 - Interaction: TEMPORAL vs PROBABILISTIC, Payoffs: 5, 0
2024-12-01 12:48:38,618 - Interaction: PROBABILISTIC vs COOPERATOR, Payoffs: 3, 3
2024-12-01 12:48:38,620 - Interaction: COOPERATOR vs PROBABILISTIC, Payoffs: 3, 3
2024-12-01 12:48:38,620 - Interaction: COOPERATOR vs PROBABILISTIC, Payoffs: 3, 3
2024-12-01 12:48:38,621 - Interaction: PROBABILISTIC vs COOPERATOR, Payoffs: 3, 3
2024-12-01 12:48:38,625 - Interaction: COOPERATOR vs PROBABILISTIC, Payoffs: 3, 3
2024-12-01 12:48:38,626 - Interaction: COOPERATOR vs COOPERATOR, Payoffs: 3, 3
2024-12-01 12:48:38,626 - Interaction: PROBABILISTIC vs TEMPORAL, Payoffs: 0, 5
2024-12-01 12:48:38,627 - Interaction: COOPERATOR vs PROBABILISTIC, Payoffs: 3, 3
2024-12-01 12:48:38,628 - Interaction: COOPERATOR vs COOPERATOR, Payoffs: 3, 3
2024-12-01 12:48:38,632 - Interaction: PROBABILISTIC vs COOPERATOR, Payoffs: 3, 3
2024-12-01 12:48:38,632 - Interaction: PROBABILISTIC vs COOPERATOR, Payoffs: 3, 3
2024-12-01 12:48:38,632 - Agents count: 55
2024-12-01 12:48:38,661 - Interaction: TEMPORAL vs PROBABILISTIC, Payoffs: 5, 0
2024-12-01 12:48:38,662 - Interaction: PROBABILISTIC vs COOPERATOR, Payoffs: 3, 3
2024-12-01 12:48:38,663 - New agent spawned with strategy: COOPERATOR
2024-12-01 12:48:38,664 - Interaction: COOPERATOR vs PROBABILISTIC, Payoffs: 3, 3
2024-12-01 12:48:38,665 - Interaction: COOPERATOR vs PROBABILISTIC, Payoffs: 3, 3
2024-12-01 12:48:38,666 - Interaction: PROBABILISTIC vs COOPERATOR, Payoffs: 3, 3
2024-12-01 12:48:38,670 - Interaction: COOPERATOR vs PROBABILISTIC, Payoffs: 3, 3
2024-12-01 12:48:38,671 - Interaction: COOPERATOR vs COOPERATOR, Payoffs: 3, 3
2024-12-01 12:48:38,671 - Interaction: PROBABILISTIC vs TEMPORAL, Payoffs: 0, 5
2024-12-01 12:48:38,673 - Interaction: COOPERATOR vs PROBABILISTIC, Payoffs: 3, 3
2024-12-01 12:48:38,675 - Interaction: COOPERATOR vs COOPERATOR, Payoffs: 3, 3
2024-12-01 12:48:38,679 - Interaction: PROBABILISTIC vs COOPERATOR, Payoffs: 3, 3
2024-12-01 12:48:38,680 - Interaction: PROBABILISTIC vs COOPERATOR, Payoffs: 3, 3
2024-12-01 12:48:38,680 - Interaction: COOPERATOR vs COOPERATOR, Payoffs: 3, 3
2024-12-01 12:48:38,680 - Interaction: COOPERATOR vs PROBABILISTIC, Payoffs: 3, 3
2024-12-01 12:48:38,682 - Agents count: 56
2024-12-01 12:48:38,714 - Interaction: TEMPORAL vs PROBABILISTIC, Payoffs: 1, 1
2024-12-01 12:48:38,717 - Interaction: PROBABILISTIC vs COOPERATOR, Payoffs: 3, 3
2024-12-01 12:48:38,717 - Interaction: PROBABILISTIC vs COOPERATOR, Payoffs: 3, 3
2024-12-01 12:48:38,719 - Interaction: COOPERATOR vs PROBABILISTIC, Payoffs: 3, 3
2024-12-01 12:48:38,720 - Interaction: COOPERATOR vs PROBABILISTIC, Payoffs: 3, 3
2024-12-01 12:48:38,726 - Interaction: COOPERATOR vs PROBABILISTIC, Payoffs: 3, 3
2024-12-01 12:48:38,726 - Interaction: COOPERATOR vs COOPERATOR, Payoffs: 3, 3
2024-12-01 12:48:38,727 - Interaction: COOPERATOR vs COOPERATOR, Payoffs: 3, 3
2024-12-01 12:48:38,728 - Interaction: PROBABILISTIC vs TEMPORAL, Payoffs: 1, 1
2024-12-01 12:48:38,731 - Interaction: COOPERATOR vs COOPERATOR, Payoffs: 3, 3
2024-12-01 12:48:38,736 - Interaction: PROBABILISTIC vs COOPERATOR, Payoffs: 3, 3
2024-12-01 12:48:38,736 - Interaction: PROBABILISTIC vs COOPERATOR, Payoffs: 3, 3
2024-12-01 12:48:38,737 - Interaction: COOPERATOR vs PROBABILISTIC, Payoffs: 3, 3
2024-12-01 12:48:38,737 - Interaction: COOPERATOR vs COOPERATOR, Payoffs: 3, 3
2024-12-01 12:48:38,738 - Agents count: 56
2024-12-01 12:48:38,771 - Interaction: TEMPORAL vs PROBABILISTIC, Payoffs: 1, 1
2024-12-01 12:48:38,772 - Interaction: PROBABILISTIC vs COOPERATOR, Payoffs: 3, 3
2024-12-01 12:48:38,773 - Interaction: COOPERATOR vs PROBABILISTIC, Payoffs: 3, 3
2024-12-01 12:48:38,773 - Interaction: COOPERATOR vs PROBABILISTIC, Payoffs: 3, 3
2024-12-01 12:48:38,774 - Interaction: PROBABILISTIC vs COOPERATOR, Payoffs: 3, 3
2024-12-01 12:48:38,777 - Interaction: COOPERATOR vs COOPERATOR, Payoffs: 3, 3
2024-12-01 12:48:38,779 - Interaction: COOPERATOR vs COOPERATOR, Payoffs: 3, 3
2024-12-01 12:48:38,779 - Interaction: PROBABILISTIC vs TEMPORAL, Payoffs: 1, 1
2024-12-01 12:48:38,783 - Interaction: COOPERATOR vs COOPERATOR, Payoffs: 3, 3
2024-12-01 12:48:38,783 - Interaction: COOPERATOR vs PROBABILISTIC, Payoffs: 3, 3
2024-12-01 12:48:38,788 - Interaction: PROBABILISTIC vs COOPERATOR, Payoffs: 3, 3
2024-12-01 12:48:38,789 - Interaction: PROBABILISTIC vs COOPERATOR, Payoffs: 3, 3
2024-12-01 12:48:38,789 - Interaction: COOPERATOR vs PROBABILISTIC, Payoffs: 3, 3
2024-12-01 12:48:38,789 - Interaction: COOPERATOR vs COOPERATOR, Payoffs: 3, 3
2024-12-01 12:48:39,004 - Agents count: 56
2024-12-01 12:48:39,038 - Interaction: TEMPORAL vs PROBABILISTIC, Payoffs: 1, 1
2024-12-01 12:48:39,040 - Interaction: PROBABILISTIC vs COOPERATOR, Payoffs: 3, 3
2024-12-01 12:48:39,043 - Interaction: COOPERATOR vs PROBABILISTIC, Payoffs: 3, 3
2024-12-01 12:48:39,043 - Interaction: COOPERATOR vs PROBABILISTIC, Payoffs: 3, 3
2024-12-01 12:48:39,044 - Interaction: PROBABILISTIC vs COOPERATOR, Payoffs: 3, 3
2024-12-01 12:48:39,051 - Interaction: COOPERATOR vs COOPERATOR, Payoffs: 3, 3
2024-12-01 12:48:39,052 - Interaction: PROBABILISTIC vs TEMPORAL, Payoffs: 1, 1
2024-12-01 12:48:39,056 - Interaction: COOPERATOR vs COOPERATOR, Payoffs: 3, 3
2024-12-01 12:48:39,058 - Interaction: COOPERATOR vs PROBABILISTIC, Payoffs: 3, 3
2024-12-01 12:48:39,063 - Interaction: PROBABILISTIC vs COOPERATOR, Payoffs: 3, 3
2024-12-01 12:48:39,064 - Interaction: PROBABILISTIC vs COOPERATOR, Payoffs: 3, 3
2024-12-01 12:48:39,065 - Interaction: COOPERATOR vs PROBABILISTIC, Payoffs: 3, 3
2024-12-01 12:48:39,065 - Agents count: 56
2024-12-01 12:48:39,110 - Interaction: TEMPORAL vs PROBABILISTIC, Payoffs: 1, 1
2024-12-01 12:48:39,113 - Interaction: PROBABILISTIC vs COOPERATOR, Payoffs: 3, 3
2024-12-01 12:48:39,116 - Interaction: COOPERATOR vs PROBABILISTIC, Payoffs: 3, 3
2024-12-01 12:48:39,116 - Interaction: COOPERATOR vs PROBABILISTIC, Payoffs: 3, 3
2024-12-01 12:48:39,118 - Interaction: PROBABILISTIC vs COOPERATOR, Payoffs: 3, 3
2024-12-01 12:48:39,124 - Interaction: COOPERATOR vs COOPERATOR, Payoffs: 3, 3
2024-12-01 12:48:39,125 - Interaction: PROBABILISTIC vs TEMPORAL, Payoffs: 1, 1
2024-12-01 12:48:39,128 - Interaction: COOPERATOR vs COOPERATOR, Payoffs: 3, 3
2024-12-01 12:48:39,129 - Interaction: COOPERATOR vs PROBABILISTIC, Payoffs: 3, 3
2024-12-01 12:48:39,136 - Interaction: PROBABILISTIC vs COOPERATOR, Payoffs: 3, 3
2024-12-01 12:48:39,136 - Interaction: PROBABILISTIC vs COOPERATOR, Payoffs: 3, 3
2024-12-01 12:48:39,138 - Interaction: COOPERATOR vs PROBABILISTIC, Payoffs: 3, 3
2024-12-01 12:48:39,138 - Agents count: 56
2024-12-01 12:48:39,174 - Interaction: TEMPORAL vs PROBABILISTIC, Payoffs: 1, 1
2024-12-01 12:48:39,176 - Interaction: PROBABILISTIC vs COOPERATOR, Payoffs: 3, 3
2024-12-01 12:48:39,177 - New agent spawned with strategy: COOPERATOR
2024-12-01 12:48:39,179 - Interaction: COOPERATOR vs PROBABILISTIC, Payoffs: 3, 3
2024-12-01 12:48:39,179 - Interaction: COOPERATOR vs PROBABILISTIC, Payoffs: 3, 3
2024-12-01 12:48:39,179 - Interaction: PROBABILISTIC vs COOPERATOR, Payoffs: 5, 0
2024-12-01 12:48:39,180 - Interaction: PROBABILISTIC vs COOPERATOR, Payoffs: 3, 3
2024-12-01 12:48:39,186 - Interaction: COOPERATOR vs PROBABILISTIC, Payoffs: 0, 5
2024-12-01 12:48:39,188 - Interaction: COOPERATOR vs COOPERATOR, Payoffs: 3, 3
2024-12-01 12:48:39,188 - Interaction: PROBABILISTIC vs TEMPORAL, Payoffs: 1, 1
2024-12-01 12:48:39,190 - Interaction: COOPERATOR vs COOPERATOR, Payoffs: 3, 3
2024-12-01 12:48:39,191 - Interaction: COOPERATOR vs PROBABILISTIC, Payoffs: 3, 3
2024-12-01 12:48:39,195 - Interaction: PROBABILISTIC vs COOPERATOR, Payoffs: 3, 3
2024-12-01 12:48:39,195 - Interaction: PROBABILISTIC vs COOPERATOR, Payoffs: 3, 3
2024-12-01 12:48:39,196 - Interaction: COOPERATOR vs PROBABILISTIC, Payoffs: 3, 3
2024-12-01 12:48:39,196 - Interaction: COOPERATOR vs PROBABILISTIC, Payoffs: 3, 3
2024-12-01 12:48:39,197 - Interaction: COOPERATOR vs COOPERATOR, Payoffs: 3, 3
2024-12-01 12:48:39,197 - Agents count: 57
2024-12-01 12:48:39,234 - Interaction: TEMPORAL vs PROBABILISTIC, Payoffs: 1, 1
2024-12-01 12:48:39,237 - Interaction: PROBABILISTIC vs COOPERATOR, Payoffs: 3, 3
2024-12-01 12:48:39,238 - Interaction: PROBABILISTIC vs COOPERATOR, Payoffs: 3, 3
2024-12-01 12:48:39,243 - Interaction: COOPERATOR vs PROBABILISTIC, Payoffs: 3, 3
2024-12-01 12:48:39,244 - Interaction: PROBABILISTIC vs COOPERATOR, Payoffs: 3, 3
2024-12-01 12:48:39,245 - Interaction: PROBABILISTIC vs COOPERATOR, Payoffs: 3, 3
2024-12-01 12:48:39,249 - Interaction: HYBRID vs COOPERATOR, Payoffs: 3, 3
2024-12-01 12:48:39,250 - Interaction: COOPERATOR vs HYBRID, Payoffs: 3, 3
2024-12-01 12:48:39,253 - Interaction: COOPERATOR vs PROBABILISTIC, Payoffs: 3, 3
2024-12-01 12:48:39,254 - Interaction: COOPERATOR vs COOPERATOR, Payoffs: 3, 3
2024-12-01 12:48:39,255 - Interaction: PROBABILISTIC vs TEMPORAL, Payoffs: 1, 1
2024-12-01 12:48:39,259 - Interaction: COOPERATOR vs COOPERATOR, Payoffs: 3, 3
2024-12-01 12:48:39,259 - Interaction: COOPERATOR vs PROBABILISTIC, Payoffs: 3, 3
2024-12-01 12:48:39,262 - Interaction: COOPERATOR vs COOPERATOR, Payoffs: 3, 3
2024-12-01 12:48:39,263 - Interaction: COOPERATOR vs COOPERATOR, Payoffs: 3, 3
2024-12-01 12:48:39,265 - Interaction: PROBABILISTIC vs COOPERATOR, Payoffs: 3, 3
2024-12-01 12:48:39,266 - Interaction: COOPERATOR vs PROBABILISTIC, Payoffs: 3, 3
2024-12-01 12:48:39,266 - Interaction: COOPERATOR vs COOPERATOR, Payoffs: 3, 3
2024-12-01 12:48:39,267 - Interaction: COOPERATOR vs PROBABILISTIC, Payoffs: 3, 3
2024-12-01 12:48:39,267 - Interaction: COOPERATOR vs COOPERATOR, Payoffs: 3, 3
2024-12-01 12:48:39,267 - Agents count: 57
2024-12-01 12:48:39,314 - Interaction: TEMPORAL vs PROBABILISTIC, Payoffs: 1, 1
2024-12-01 12:48:39,320 - Interaction: PROBABILISTIC vs COOPERATOR, Payoffs: 3, 3
2024-12-01 12:48:39,320 - Interaction: PROBABILISTIC vs COOPERATOR, Payoffs: 3, 3
2024-12-01 12:48:39,322 - Interaction: COOPERATOR vs PROBABILISTIC, Payoffs: 3, 3
2024-12-01 12:48:39,323 - Interaction: PROBABILISTIC vs COOPERATOR, Payoffs: 3, 3
2024-12-01 12:48:39,324 - Interaction: PROBABILISTIC vs COOPERATOR, Payoffs: 3, 3
2024-12-01 12:48:39,328 - Interaction: HYBRID vs COOPERATOR, Payoffs: 3, 3
2024-12-01 12:48:39,331 - Interaction: COOPERATOR vs HYBRID, Payoffs: 3, 3
2024-12-01 12:48:39,333 - Interaction: COOPERATOR vs PROBABILISTIC, Payoffs: 3, 3
2024-12-01 12:48:39,337 - Interaction: COOPERATOR vs COOPERATOR, Payoffs: 3, 3
2024-12-01 12:48:39,338 - Interaction: PROBABILISTIC vs TEMPORAL, Payoffs: 1, 1
2024-12-01 12:48:39,341 - Interaction: COOPERATOR vs COOPERATOR, Payoffs: 3, 3
2024-12-01 12:48:39,343 - Interaction: COOPERATOR vs PROBABILISTIC, Payoffs: 3, 3
2024-12-01 12:48:39,347 - Interaction: COOPERATOR vs COOPERATOR, Payoffs: 3, 3
2024-12-01 12:48:39,347 - Interaction: COOPERATOR vs COOPERATOR, Payoffs: 3, 3
2024-12-01 12:48:39,350 - Interaction: PROBABILISTIC vs COOPERATOR, Payoffs: 3, 3
2024-12-01 12:48:39,352 - Interaction: COOPERATOR vs PROBABILISTIC, Payoffs: 3, 3
2024-12-01 12:48:39,352 - Interaction: COOPERATOR vs COOPERATOR, Payoffs: 3, 3
2024-12-01 12:48:39,353 - Interaction: COOPERATOR vs PROBABILISTIC, Payoffs: 3, 3
2024-12-01 12:48:39,353 - Interaction: COOPERATOR vs COOPERATOR, Payoffs: 3, 3
2024-12-01 12:48:39,661 - Agents count: 57
2024-12-01 12:48:39,709 - Interaction: TEMPORAL vs PROBABILISTIC, Payoffs: 1, 1
2024-12-01 12:48:39,712 - Interaction: PROBABILISTIC vs COOPERATOR, Payoffs: 3, 3
2024-12-01 12:48:39,713 - New agent spawned with strategy: COOPERATOR
2024-12-01 12:48:39,713 - Interaction: PROBABILISTIC vs COOPERATOR, Payoffs: 3, 3
2024-12-01 12:48:39,716 - Interaction: COOPERATOR vs PROBABILISTIC, Payoffs: 3, 3
2024-12-01 12:48:39,717 - Interaction: PROBABILISTIC vs COOPERATOR, Payoffs: 3, 3
2024-12-01 12:48:39,717 - Interaction: PROBABILISTIC vs COOPERATOR, Payoffs: 3, 3
2024-12-01 12:48:39,720 - Interaction: HYBRID vs COOPERATOR, Payoffs: 3, 3
2024-12-01 12:48:39,723 - Interaction: COOPERATOR vs HYBRID, Payoffs: 3, 3
2024-12-01 12:48:39,727 - Interaction: COOPERATOR vs PROBABILISTIC, Payoffs: 3, 3
2024-12-01 12:48:39,732 - Interaction: COOPERATOR vs COOPERATOR, Payoffs: 3, 3
2024-12-01 12:48:39,732 - Interaction: PROBABILISTIC vs TEMPORAL, Payoffs: 5, 0
2024-12-01 12:48:39,736 - Interaction: COOPERATOR vs COOPERATOR, Payoffs: 3, 3
2024-12-01 12:48:39,737 - Interaction: COOPERATOR vs PROBABILISTIC, Payoffs: 3, 3
2024-12-01 12:48:39,741 - Interaction: COOPERATOR vs COOPERATOR, Payoffs: 3, 3
2024-12-01 12:48:39,741 - Interaction: COOPERATOR vs COOPERATOR, Payoffs: 3, 3
2024-12-01 12:48:39,743 - Interaction: PROBABILISTIC vs COOPERATOR, Payoffs: 3, 3
2024-12-01 12:48:39,744 - Interaction: COOPERATOR vs PROBABILISTIC, Payoffs: 3, 3
2024-12-01 12:48:39,744 - Interaction: COOPERATOR vs COOPERATOR, Payoffs: 3, 3
2024-12-01 12:48:39,745 - Interaction: COOPERATOR vs PROBABILISTIC, Payoffs: 3, 3
2024-12-01 12:48:39,746 - Interaction: COOPERATOR vs COOPERATOR, Payoffs: 3, 3
2024-12-01 12:48:39,747 - Interaction: COOPERATOR vs PROBABILISTIC, Payoffs: 3, 3
2024-12-01 12:48:39,747 - Interaction: COOPERATOR vs COOPERATOR, Payoffs: 3, 3
2024-12-01 12:48:39,747 - Interaction: COOPERATOR vs COOPERATOR, Payoffs: 3, 3
2024-12-01 12:48:39,747 - Agents count: 58
2024-12-01 12:48:39,794 - Interaction: TEMPORAL vs PROBABILISTIC, Payoffs: 0, 5
2024-12-01 12:48:39,800 - Interaction: PROBABILISTIC vs COOPERATOR, Payoffs: 3, 3
2024-12-01 12:48:39,800 - Interaction: PROBABILISTIC vs COOPERATOR, Payoffs: 3, 3
2024-12-01 12:48:39,800 - Interaction: PROBABILISTIC vs COOPERATOR, Payoffs: 3, 3
2024-12-01 12:48:39,802 - Interaction: COOPERATOR vs PROBABILISTIC, Payoffs: 3, 3
2024-12-01 12:48:39,803 - Interaction: PROBABILISTIC vs COOPERATOR, Payoffs: 3, 3
2024-12-01 12:48:39,803 - Interaction: PROBABILISTIC vs COOPERATOR, Payoffs: 3, 3
2024-12-01 12:48:39,806 - Interaction: HYBRID vs COOPERATOR, Payoffs: 3, 3
2024-12-01 12:48:39,808 - Interaction: COOPERATOR vs HYBRID, Payoffs: 3, 3
2024-12-01 12:48:39,810 - Interaction: COOPERATOR vs PROBABILISTIC, Payoffs: 3, 3
2024-12-01 12:48:39,812 - Interaction: COOPERATOR vs COOPERATOR, Payoffs: 3, 3
2024-12-01 12:48:39,813 - Interaction: PROBABILISTIC vs TEMPORAL, Payoffs: 5, 0
2024-12-01 12:48:39,817 - Interaction: COOPERATOR vs COOPERATOR, Payoffs: 3, 3
2024-12-01 12:48:39,819 - Interaction: COOPERATOR vs PROBABILISTIC, Payoffs: 3, 3
2024-12-01 12:48:39,824 - Interaction: COOPERATOR vs COOPERATOR, Payoffs: 3, 3
2024-12-01 12:48:39,824 - Interaction: COOPERATOR vs COOPERATOR, Payoffs: 3, 3
2024-12-01 12:48:39,826 - Interaction: PROBABILISTIC vs COOPERATOR, Payoffs: 3, 3
2024-12-01 12:48:39,827 - Interaction: COOPERATOR vs PROBABILISTIC, Payoffs: 3, 3
2024-12-01 12:48:39,828 - Interaction: COOPERATOR vs COOPERATOR, Payoffs: 3, 3
2024-12-01 12:48:39,828 - Interaction: COOPERATOR vs COOPERATOR, Payoffs: 3, 3
2024-12-01 12:48:39,829 - Interaction: COOPERATOR vs PROBABILISTIC, Payoffs: 3, 3
2024-12-01 12:48:39,829 - Interaction: COOPERATOR vs COOPERATOR, Payoffs: 3, 3
2024-12-01 12:48:39,829 - Interaction: COOPERATOR vs COOPERATOR, Payoffs: 3, 3
2024-12-01 12:48:39,830 - Interaction: COOPERATOR vs PROBABILISTIC, Payoffs: 3, 3
2024-12-01 12:48:39,830 - Interaction: COOPERATOR vs COOPERATOR, Payoffs: 3, 3
2024-12-01 12:48:39,831 - Interaction: COOPERATOR vs COOPERATOR, Payoffs: 3, 3
2024-12-01 12:48:39,831 - Agents count: 58
2024-12-01 12:48:39,873 - Interaction: DEFECTOR vs COOPERATOR, Payoffs: 5, 0
2024-12-01 12:48:39,873 - Interaction: TEMPORAL vs PROBABILISTIC, Payoffs: 0, 5
2024-12-01 12:48:39,876 - Interaction: PROBABILISTIC vs COOPERATOR, Payoffs: 3, 3
2024-12-01 12:48:39,876 - Interaction: PROBABILISTIC vs COOPERATOR, Payoffs: 3, 3
2024-12-01 12:48:39,876 - Interaction: PROBABILISTIC vs COOPERATOR, Payoffs: 3, 3
2024-12-01 12:48:39,879 - Interaction: COOPERATOR vs PROBABILISTIC, Payoffs: 3, 3
2024-12-01 12:48:39,880 - Interaction: PROBABILISTIC vs COOPERATOR, Payoffs: 3, 3
2024-12-01 12:48:39,881 - Interaction: PROBABILISTIC vs COOPERATOR, Payoffs: 3, 3
2024-12-01 12:48:39,883 - Interaction: HYBRID vs COOPERATOR, Payoffs: 3, 3
2024-12-01 12:48:39,885 - Interaction: COOPERATOR vs HYBRID, Payoffs: 3, 3
2024-12-01 12:48:39,888 - Interaction: COOPERATOR vs PROBABILISTIC, Payoffs: 3, 3
2024-12-01 12:48:39,889 - Interaction: COOPERATOR vs COOPERATOR, Payoffs: 3, 3
2024-12-01 12:48:39,890 - Interaction: PROBABILISTIC vs TEMPORAL, Payoffs: 5, 0
2024-12-01 12:48:39,894 - Interaction: COOPERATOR vs COOPERATOR, Payoffs: 3, 3
2024-12-01 12:48:39,895 - Interaction: COOPERATOR vs PROBABILISTIC, Payoffs: 3, 3
2024-12-01 12:48:39,899 - Interaction: COOPERATOR vs DEFECTOR, Payoffs: 0, 5
2024-12-01 12:48:39,899 - Interaction: COOPERATOR vs COOPERATOR, Payoffs: 3, 3
2024-12-01 12:48:39,900 - Interaction: COOPERATOR vs COOPERATOR, Payoffs: 3, 3
2024-12-01 12:48:39,902 - Interaction: PROBABILISTIC vs COOPERATOR, Payoffs: 3, 3
2024-12-01 12:48:39,903 - Interaction: COOPERATOR vs PROBABILISTIC, Payoffs: 3, 3
2024-12-01 12:48:39,903 - Interaction: COOPERATOR vs COOPERATOR, Payoffs: 3, 3
2024-12-01 12:48:39,903 - Interaction: COOPERATOR vs COOPERATOR, Payoffs: 3, 3
2024-12-01 12:48:39,904 - Interaction: COOPERATOR vs PROBABILISTIC, Payoffs: 3, 3
2024-12-01 12:48:39,904 - Interaction: COOPERATOR vs COOPERATOR, Payoffs: 3, 3
2024-12-01 12:48:39,905 - Interaction: COOPERATOR vs COOPERATOR, Payoffs: 3, 3
2024-12-01 12:48:39,906 - Interaction: COOPERATOR vs PROBABILISTIC, Payoffs: 3, 3
2024-12-01 12:48:39,906 - Interaction: COOPERATOR vs COOPERATOR, Payoffs: 3, 3
2024-12-01 12:48:39,906 - Interaction: COOPERATOR vs COOPERATOR, Payoffs: 3, 3
2024-12-01 12:48:40,134 - Agents count: 58
2024-12-01 12:48:40,165 - Interaction: DEFECTOR vs COOPERATOR, Payoffs: 5, 0
2024-12-01 12:48:40,166 - Interaction: TEMPORAL vs PROBABILISTIC, Payoffs: 0, 5
2024-12-01 12:48:40,169 - Interaction: PROBABILISTIC vs COOPERATOR, Payoffs: 3, 3
2024-12-01 12:48:40,169 - Interaction: PROBABILISTIC vs COOPERATOR, Payoffs: 3, 3
2024-12-01 12:48:40,170 - Interaction: COOPERATOR vs PROBABILISTIC, Payoffs: 3, 3
2024-12-01 12:48:40,171 - Interaction: PROBABILISTIC vs COOPERATOR, Payoffs: 3, 3
2024-12-01 12:48:40,171 - Interaction: PROBABILISTIC vs COOPERATOR, Payoffs: 3, 3
2024-12-01 12:48:40,173 - Interaction: HYBRID vs COOPERATOR, Payoffs: 3, 3
2024-12-01 12:48:40,174 - Interaction: COOPERATOR vs HYBRID, Payoffs: 3, 3
2024-12-01 12:48:40,176 - Interaction: COOPERATOR vs PROBABILISTIC, Payoffs: 3, 3
2024-12-01 12:48:40,177 - Interaction: COOPERATOR vs COOPERATOR, Payoffs: 3, 3
2024-12-01 12:48:40,177 - Interaction: PROBABILISTIC vs TEMPORAL, Payoffs: 5, 0
2024-12-01 12:48:40,179 - Interaction: COOPERATOR vs PROBABILISTIC, Payoffs: 3, 3
2024-12-01 12:48:40,180 - Interaction: COOPERATOR vs COOPERATOR, Payoffs: 3, 3
2024-12-01 12:48:40,181 - Interaction: PROBABILISTIC vs COOPERATOR, Payoffs: 3, 3
2024-12-01 12:48:40,182 - Interaction: COOPERATOR vs PROBABILISTIC, Payoffs: 3, 3
2024-12-01 12:48:40,185 - Interaction: COOPERATOR vs DEFECTOR, Payoffs: 0, 5
2024-12-01 12:48:40,185 - Interaction: COOPERATOR vs COOPERATOR, Payoffs: 3, 3
2024-12-01 12:48:40,186 - Interaction: COOPERATOR vs COOPERATOR, Payoffs: 3, 3
2024-12-01 12:48:40,187 - Interaction: PROBABILISTIC vs COOPERATOR, Payoffs: 3, 3
2024-12-01 12:48:40,188 - Interaction: COOPERATOR vs PROBABILISTIC, Payoffs: 3, 3
2024-12-01 12:48:40,188 - Interaction: COOPERATOR vs COOPERATOR, Payoffs: 3, 3
2024-12-01 12:48:40,188 - Interaction: COOPERATOR vs COOPERATOR, Payoffs: 3, 3
2024-12-01 12:48:40,189 - Interaction: COOPERATOR vs COOPERATOR, Payoffs: 3, 3
2024-12-01 12:48:40,189 - Interaction: COOPERATOR vs COOPERATOR, Payoffs: 3, 3
2024-12-01 12:48:40,189 - Interaction: COOPERATOR vs PROBABILISTIC, Payoffs: 3, 3
2024-12-01 12:48:40,189 - Interaction: COOPERATOR vs COOPERATOR, Payoffs: 3, 3
2024-12-01 12:48:40,190 - Interaction: COOPERATOR vs COOPERATOR, Payoffs: 3, 3
2024-12-01 12:48:40,190 - Agents count: 58
2024-12-01 12:48:40,222 - Interaction: DEFECTOR vs COOPERATOR, Payoffs: 5, 0
2024-12-01 12:48:40,223 - Interaction: TEMPORAL vs PROBABILISTIC, Payoffs: 0, 5
2024-12-01 12:48:40,225 - Interaction: DEFECTOR vs COOPERATOR, Payoffs: 5, 0
2024-12-01 12:48:40,227 - Interaction: COOPERATOR vs PROBABILISTIC, Payoffs: 3, 3
2024-12-01 12:48:40,227 - New agent spawned with strategy: PROBABILISTIC
2024-12-01 12:48:40,228 - Interaction: PROBABILISTIC vs COOPERATOR, Payoffs: 3, 3
2024-12-01 12:48:40,228 - Interaction: PROBABILISTIC vs COOPERATOR, Payoffs: 3, 3
2024-12-01 12:48:40,230 - Interaction: HYBRID vs COOPERATOR, Payoffs: 3, 3
2024-12-01 12:48:40,232 - Interaction: COOPERATOR vs HYBRID, Payoffs: 3, 3
2024-12-01 12:48:40,234 - Interaction: COOPERATOR vs PROBABILISTIC, Payoffs: 3, 3
2024-12-01 12:48:40,235 - Interaction: COOPERATOR vs COOPERATOR, Payoffs: 3, 3
2024-12-01 12:48:40,236 - Interaction: PROBABILISTIC vs TEMPORAL, Payoffs: 5, 0
2024-12-01 12:48:40,237 - Interaction: COOPERATOR vs PROBABILISTIC, Payoffs: 3, 3
2024-12-01 12:48:40,239 - Interaction: COOPERATOR vs COOPERATOR, Payoffs: 3, 3
2024-12-01 12:48:40,239 - Interaction: PROBABILISTIC vs COOPERATOR, Payoffs: 3, 3
2024-12-01 12:48:40,240 - Interaction: COOPERATOR vs PROBABILISTIC, Payoffs: 3, 3
2024-12-01 12:48:40,243 - Interaction: COOPERATOR vs DEFECTOR, Payoffs: 0, 5
2024-12-01 12:48:40,243 - Interaction: COOPERATOR vs COOPERATOR, Payoffs: 3, 3
2024-12-01 12:48:40,243 - Interaction: COOPERATOR vs COOPERATOR, Payoffs: 3, 3
2024-12-01 12:48:40,245 - Interaction: PROBABILISTIC vs COOPERATOR, Payoffs: 3, 3
2024-12-01 12:48:40,245 - Interaction: COOPERATOR vs COOPERATOR, Payoffs: 3, 3
2024-12-01 12:48:40,246 - Interaction: COOPERATOR vs COOPERATOR, Payoffs: 3, 3
2024-12-01 12:48:40,246 - Interaction: COOPERATOR vs COOPERATOR, Payoffs: 3, 3
2024-12-01 12:48:40,246 - Interaction: COOPERATOR vs COOPERATOR, Payoffs: 3, 3
2024-12-01 12:48:40,247 - Interaction: COOPERATOR vs DEFECTOR, Payoffs: 0, 5
2024-12-01 12:48:40,248 - Interaction: COOPERATOR vs COOPERATOR, Payoffs: 3, 3
2024-12-01 12:48:40,248 - Interaction: COOPERATOR vs COOPERATOR, Payoffs: 3, 3
2024-12-01 12:48:40,249 - Interaction: PROBABILISTIC vs COOPERATOR, Payoffs: 5, 0
2024-12-01 12:48:40,249 - Interaction: PROBABILISTIC vs PROBABILISTIC, Payoffs: 5, 0
2024-12-01 12:48:40,249 - Agents count: 59
2024-12-01 12:48:40,288 - Interaction: DEFECTOR vs COOPERATOR, Payoffs: 5, 0
2024-12-01 12:48:40,289 - Interaction: TEMPORAL vs PROBABILISTIC, Payoffs: 0, 5
2024-12-01 12:48:40,291 - Interaction: DEFECTOR vs COOPERATOR, Payoffs: 5, 0
2024-12-01 12:48:40,294 - Interaction: COOPERATOR vs PROBABILISTIC, Payoffs: 0, 5
2024-12-01 12:48:40,295 - Interaction: PROBABILISTIC vs COOPERATOR, Payoffs: 3, 3
2024-12-01 12:48:40,297 - Interaction: PROBABILISTIC vs COOPERATOR, Payoffs: 3, 3
2024-12-01 12:48:40,301 - Interaction: HYBRID vs COOPERATOR, Payoffs: 3, 3
2024-12-01 12:48:40,304 - Interaction: COOPERATOR vs HYBRID, Payoffs: 3, 3
2024-12-01 12:48:40,309 - Interaction: COOPERATOR vs PROBABILISTIC, Payoffs: 3, 3
2024-12-01 12:48:40,312 - Interaction: COOPERATOR vs COOPERATOR, Payoffs: 3, 3
2024-12-01 12:48:40,314 - Interaction: PROBABILISTIC vs TEMPORAL, Payoffs: 5, 0
2024-12-01 12:48:40,318 - Interaction: COOPERATOR vs PROBABILISTIC, Payoffs: 3, 3
2024-12-01 12:48:40,321 - Interaction: COOPERATOR vs COOPERATOR, Payoffs: 3, 3
2024-12-01 12:48:40,323 - Interaction: PROBABILISTIC vs COOPERATOR, Payoffs: 3, 3
2024-12-01 12:48:40,324 - Interaction: COOPERATOR vs PROBABILISTIC, Payoffs: 3, 3
2024-12-01 12:48:40,332 - Interaction: COOPERATOR vs DEFECTOR, Payoffs: 0, 5
2024-12-01 12:48:40,336 - Interaction: PROBABILISTIC vs PROBABILISTIC, Payoffs: 0, 5
2024-12-01 12:48:40,337 - Interaction: COOPERATOR vs COOPERATOR, Payoffs: 3, 3
2024-12-01 12:48:40,338 - Interaction: COOPERATOR vs COOPERATOR, Payoffs: 3, 3
2024-12-01 12:48:40,339 - Interaction: COOPERATOR vs COOPERATOR, Payoffs: 3, 3
2024-12-01 12:48:40,340 - Interaction: COOPERATOR vs COOPERATOR, Payoffs: 3, 3
2024-12-01 12:48:40,341 - Interaction: COOPERATOR vs DEFECTOR, Payoffs: 0, 5
2024-12-01 12:48:40,342 - Interaction: COOPERATOR vs COOPERATOR, Payoffs: 3, 3
2024-12-01 12:48:40,342 - Interaction: COOPERATOR vs COOPERATOR, Payoffs: 3, 3
2024-12-01 12:48:40,343 - Interaction: PROBABILISTIC vs COOPERATOR, Payoffs: 5, 0
2024-12-01 12:48:40,344 - Interaction: PROBABILISTIC vs PROBABILISTIC, Payoffs: 5, 0
2024-12-01 12:48:40,344 - Agents count: 59
2024-12-01 12:48:40,395 - Interaction: DEFECTOR vs PROBABILISTIC, Payoffs: 5, 0
2024-12-01 12:48:40,395 - Interaction: DEFECTOR vs COOPERATOR, Payoffs: 5, 0
2024-12-01 12:48:40,396 - Interaction: TEMPORAL vs PROBABILISTIC, Payoffs: 0, 5
2024-12-01 12:48:40,397 - Interaction: DEFECTOR vs COOPERATOR, Payoffs: 5, 0
2024-12-01 12:48:40,402 - Interaction: PROBABILISTIC vs COOPERATOR, Payoffs: 3, 3
2024-12-01 12:48:40,402 - Interaction: PROBABILISTIC vs COOPERATOR, Payoffs: 3, 3
2024-12-01 12:48:40,405 - Interaction: PROBABILISTIC vs DEFECTOR, Payoffs: 0, 5
2024-12-01 12:48:40,406 - Interaction: COOPERATOR vs PROBABILISTIC, Payoffs: 3, 3
2024-12-01 12:48:40,407 - Interaction: COOPERATOR vs COOPERATOR, Payoffs: 3, 3
2024-12-01 12:48:40,407 - Interaction: PROBABILISTIC vs TEMPORAL, Payoffs: 3, 3
2024-12-01 12:48:40,408 - Interaction: COOPERATOR vs PROBABILISTIC, Payoffs: 3, 3
2024-12-01 12:48:40,410 - Interaction: COOPERATOR vs COOPERATOR, Payoffs: 3, 3
2024-12-01 12:48:40,411 - Interaction: PROBABILISTIC vs COOPERATOR, Payoffs: 3, 3
2024-12-01 12:48:40,411 - Interaction: COOPERATOR vs PROBABILISTIC, Payoffs: 3, 3
2024-12-01 12:48:40,414 - Interaction: COOPERATOR vs DEFECTOR, Payoffs: 0, 5
2024-12-01 12:48:40,416 - Interaction: PROBABILISTIC vs PROBABILISTIC, Payoffs: 0, 5
2024-12-01 12:48:40,416 - Interaction: COOPERATOR vs COOPERATOR, Payoffs: 3, 3
2024-12-01 12:48:40,417 - Interaction: COOPERATOR vs COOPERATOR, Payoffs: 3, 3
2024-12-01 12:48:40,417 - Interaction: COOPERATOR vs COOPERATOR, Payoffs: 3, 3
2024-12-01 12:48:40,417 - Interaction: COOPERATOR vs DEFECTOR, Payoffs: 0, 5
2024-12-01 12:48:40,417 - Interaction: COOPERATOR vs COOPERATOR, Payoffs: 3, 3
2024-12-01 12:48:40,419 - Interaction: PROBABILISTIC vs PROBABILISTIC, Payoffs: 5, 0
2024-12-01 12:48:40,615 - Agents count: 59
2024-12-01 12:48:40,646 - Interaction: DEFECTOR vs PROBABILISTIC, Payoffs: 5, 0
2024-12-01 12:48:40,647 - Interaction: DEFECTOR vs COOPERATOR, Payoffs: 5, 0
2024-12-01 12:48:40,647 - Interaction: TEMPORAL vs PROBABILISTIC, Payoffs: 3, 3
2024-12-01 12:48:40,651 - Interaction: DEFECTOR vs COOPERATOR, Payoffs: 5, 0
2024-12-01 12:48:40,654 - Interaction: PROBABILISTIC vs COOPERATOR, Payoffs: 3, 3
2024-12-01 12:48:40,655 - Interaction: PROBABILISTIC vs COOPERATOR, Payoffs: 3, 3
2024-12-01 12:48:40,658 - Interaction: PROBABILISTIC vs DEFECTOR, Payoffs: 0, 5
2024-12-01 12:48:40,660 - Interaction: COOPERATOR vs PROBABILISTIC, Payoffs: 3, 3
2024-12-01 12:48:40,661 - Interaction: COOPERATOR vs COOPERATOR, Payoffs: 3, 3
2024-12-01 12:48:40,661 - Interaction: PROBABILISTIC vs TEMPORAL, Payoffs: 3, 3
2024-12-01 12:48:40,663 - Interaction: COOPERATOR vs PROBABILISTIC, Payoffs: 3, 3
2024-12-01 12:48:40,665 - Interaction: COOPERATOR vs COOPERATOR, Payoffs: 3, 3
2024-12-01 12:48:40,665 - Interaction: PROBABILISTIC vs COOPERATOR, Payoffs: 3, 3
2024-12-01 12:48:40,666 - Interaction: COOPERATOR vs PROBABILISTIC, Payoffs: 3, 3
2024-12-01 12:48:40,669 - Interaction: COOPERATOR vs DEFECTOR, Payoffs: 0, 5
2024-12-01 12:48:40,672 - Interaction: PROBABILISTIC vs PROBABILISTIC, Payoffs: 0, 5
2024-12-01 12:48:40,673 - Interaction: COOPERATOR vs COOPERATOR, Payoffs: 3, 3
2024-12-01 12:48:40,673 - Interaction: COOPERATOR vs COOPERATOR, Payoffs: 3, 3
2024-12-01 12:48:40,674 - Interaction: COOPERATOR vs COOPERATOR, Payoffs: 3, 3
2024-12-01 12:48:40,674 - Interaction: COOPERATOR vs DEFECTOR, Payoffs: 0, 5
2024-12-01 12:48:40,675 - Interaction: COOPERATOR vs COOPERATOR, Payoffs: 3, 3
2024-12-01 12:48:40,675 - Interaction: PROBABILISTIC vs PROBABILISTIC, Payoffs: 5, 0
2024-12-01 12:48:40,675 - Agents count: 59
2024-12-01 12:48:40,716 - Interaction: DEFECTOR vs PROBABILISTIC, Payoffs: 5, 0
2024-12-01 12:48:40,717 - Interaction: DEFECTOR vs COOPERATOR, Payoffs: 5, 0
2024-12-01 12:48:40,718 - Interaction: TEMPORAL vs PROBABILISTIC, Payoffs: 3, 3
2024-12-01 12:48:40,721 - Interaction: DEFECTOR vs COOPERATOR, Payoffs: 5, 0
2024-12-01 12:48:40,721 - Interaction: DEFECTOR vs COOPERATOR, Payoffs: 5, 0
2024-12-01 12:48:40,726 - Interaction: PROBABILISTIC vs COOPERATOR, Payoffs: 3, 3
2024-12-01 12:48:40,727 - Interaction: PROBABILISTIC vs COOPERATOR, Payoffs: 3, 3
2024-12-01 12:48:40,727 - Interaction: PROBABILISTIC vs COOPERATOR, Payoffs: 3, 3
2024-12-01 12:48:40,729 - Interaction: COOPERATOR vs PROBABILISTIC, Payoffs: 3, 3
2024-12-01 12:48:40,730 - New agent spawned with strategy: PROBABILISTIC
2024-12-01 12:48:40,732 - Interaction: PROBABILISTIC vs DEFECTOR, Payoffs: 0, 5
2024-12-01 12:48:40,737 - Interaction: COOPERATOR vs PROBABILISTIC, Payoffs: 3, 3
2024-12-01 12:48:40,740 - Interaction: COOPERATOR vs COOPERATOR, Payoffs: 3, 3
2024-12-01 12:48:40,741 - Interaction: PROBABILISTIC vs TEMPORAL, Payoffs: 3, 3
2024-12-01 12:48:40,743 - Interaction: COOPERATOR vs PROBABILISTIC, Payoffs: 3, 3
2024-12-01 12:48:40,746 - Interaction: COOPERATOR vs COOPERATOR, Payoffs: 3, 3
2024-12-01 12:48:40,747 - Interaction: PROBABILISTIC vs COOPERATOR, Payoffs: 3, 3
2024-12-01 12:48:40,748 - Interaction: COOPERATOR vs PROBABILISTIC, Payoffs: 3, 3
2024-12-01 12:48:40,753 - Interaction: COOPERATOR vs DEFECTOR, Payoffs: 0, 5
2024-12-01 12:48:40,756 - Interaction: PROBABILISTIC vs PROBABILISTIC, Payoffs: 0, 5
2024-12-01 12:48:40,757 - Interaction: COOPERATOR vs COOPERATOR, Payoffs: 3, 3
2024-12-01 12:48:40,759 - Interaction: COOPERATOR vs DEFECTOR, Payoffs: 0, 5
2024-12-01 12:48:40,759 - Interaction: COOPERATOR vs COOPERATOR, Payoffs: 3, 3
2024-12-01 12:48:40,759 - Interaction: COOPERATOR vs DEFECTOR, Payoffs: 0, 5
2024-12-01 12:48:40,761 - Interaction: PROBABILISTIC vs PROBABILISTIC, Payoffs: 5, 0
2024-12-01 12:48:40,762 - Interaction: PROBABILISTIC vs PROBABILISTIC, Payoffs: 3, 3
2024-12-01 12:48:40,763 - Interaction: PROBABILISTIC vs COOPERATOR, Payoffs: 3, 3
2024-12-01 12:48:40,763 - Agents count: 60
2024-12-01 12:48:40,813 - Interaction: DEFECTOR vs PROBABILISTIC, Payoffs: 5, 0
2024-12-01 12:48:40,813 - Interaction: DEFECTOR vs COOPERATOR, Payoffs: 5, 0
2024-12-01 12:48:40,815 - Interaction: TEMPORAL vs PROBABILISTIC, Payoffs: 3, 3
2024-12-01 12:48:40,818 - Interaction: DEFECTOR vs COOPERATOR, Payoffs: 5, 0
2024-12-01 12:48:40,818 - Interaction: DEFECTOR vs COOPERATOR, Payoffs: 5, 0
2024-12-01 12:48:40,823 - Interaction: PROBABILISTIC vs COOPERATOR, Payoffs: 3, 3
2024-12-01 12:48:40,823 - Interaction: PROBABILISTIC vs PROBABILISTIC, Payoffs: 3, 3
2024-12-01 12:48:40,824 - Interaction: PROBABILISTIC vs COOPERATOR, Payoffs: 3, 3
2024-12-01 12:48:40,827 - Interaction: COOPERATOR vs PROBABILISTIC, Payoffs: 3, 3
2024-12-01 12:48:40,827 - Interaction: COOPERATOR vs PROBABILISTIC, Payoffs: 3, 3
2024-12-01 12:48:40,830 - Interaction: PROBABILISTIC vs DEFECTOR, Payoffs: 1, 1
2024-12-01 12:48:40,836 - Interaction: COOPERATOR vs COOPERATOR, Payoffs: 3, 3
2024-12-01 12:48:40,837 - Interaction: PROBABILISTIC vs TEMPORAL, Payoffs: 3, 3
2024-12-01 12:48:40,839 - Interaction: COOPERATOR vs PROBABILISTIC, Payoffs: 3, 3
2024-12-01 12:48:40,843 - Interaction: COOPERATOR vs COOPERATOR, Payoffs: 3, 3
2024-12-01 12:48:40,844 - Interaction: PROBABILISTIC vs COOPERATOR, Payoffs: 3, 3
2024-12-01 12:48:40,844 - Interaction: COOPERATOR vs PROBABILISTIC, Payoffs: 3, 3
2024-12-01 12:48:40,850 - Interaction: COOPERATOR vs DEFECTOR, Payoffs: 0, 5
2024-12-01 12:48:40,853 - Interaction: PROBABILISTIC vs PROBABILISTIC, Payoffs: 3, 3
2024-12-01 12:48:40,855 - Interaction: COOPERATOR vs DEFECTOR, Payoffs: 0, 5
2024-12-01 12:48:40,856 - Interaction: COOPERATOR vs DEFECTOR, Payoffs: 0, 5
2024-12-01 12:48:40,856 - Interaction: PROBABILISTIC vs PROBABILISTIC, Payoffs: 3, 3
2024-12-01 12:48:40,857 - Interaction: PROBABILISTIC vs PROBABILISTIC, Payoffs: 3, 3
2024-12-01 12:48:40,857 - Interaction: PROBABILISTIC vs COOPERATOR, Payoffs: 3, 3
2024-12-01 12:48:40,858 - Agents count: 60
2024-12-01 12:48:40,896 - Interaction: DEFECTOR vs PROBABILISTIC, Payoffs: 1, 1
2024-12-01 12:48:40,896 - Interaction: DEFECTOR vs COOPERATOR, Payoffs: 5, 0
2024-12-01 12:48:40,897 - Interaction: TEMPORAL vs PROBABILISTIC, Payoffs: 3, 3
2024-12-01 12:48:40,899 - Interaction: DEFECTOR vs COOPERATOR, Payoffs: 5, 0
2024-12-01 12:48:40,904 - Interaction: PROBABILISTIC vs COOPERATOR, Payoffs: 3, 3
2024-12-01 12:48:40,904 - Interaction: PROBABILISTIC vs PROBABILISTIC, Payoffs: 3, 3
2024-12-01 12:48:40,905 - Interaction: PROBABILISTIC vs COOPERATOR, Payoffs: 3, 3
2024-12-01 12:48:40,906 - Interaction: COOPERATOR vs PROBABILISTIC, Payoffs: 3, 3
2024-12-01 12:48:40,906 - Interaction: COOPERATOR vs PROBABILISTIC, Payoffs: 3, 3
2024-12-01 12:48:40,907 - Interaction: PROBABILISTIC vs DEFECTOR, Payoffs: 1, 1
2024-12-01 12:48:40,910 - Interaction: COOPERATOR vs COOPERATOR, Payoffs: 3, 3
2024-12-01 12:48:40,911 - Interaction: PROBABILISTIC vs TEMPORAL, Payoffs: 3, 3
2024-12-01 12:48:40,912 - Interaction: COOPERATOR vs PROBABILISTIC, Payoffs: 3, 3
2024-12-01 12:48:40,914 - Interaction: COOPERATOR vs COOPERATOR, Payoffs: 3, 3
2024-12-01 12:48:40,914 - Interaction: PROBABILISTIC vs COOPERATOR, Payoffs: 3, 3
2024-12-01 12:48:40,915 - Interaction: COOPERATOR vs PROBABILISTIC, Payoffs: 3, 3
2024-12-01 12:48:40,918 - Interaction: COOPERATOR vs DEFECTOR, Payoffs: 0, 5
2024-12-01 12:48:40,923 - Interaction: COOPERATOR vs DEFECTOR, Payoffs: 0, 5
2024-12-01 12:48:40,925 - Interaction: PROBABILISTIC vs PROBABILISTIC, Payoffs: 3, 3
2024-12-01 12:48:40,926 - Interaction: PROBABILISTIC vs COOPERATOR, Payoffs: 3, 3
2024-12-01 12:48:41,215 - Agents count: 60
2024-12-01 12:48:41,247 - Interaction: DEFECTOR vs PROBABILISTIC, Payoffs: 1, 1
2024-12-01 12:48:41,249 - Interaction: DEFECTOR vs COOPERATOR, Payoffs: 5, 0
2024-12-01 12:48:41,250 - Interaction: TEMPORAL vs PROBABILISTIC, Payoffs: 3, 3
2024-12-01 12:48:41,250 - New agent spawned with strategy: PROBABILISTIC
2024-12-01 12:48:41,252 - Interaction: DEFECTOR vs COOPERATOR, Payoffs: 5, 0
2024-12-01 12:48:41,255 - Interaction: PROBABILISTIC vs COOPERATOR, Payoffs: 3, 3
2024-12-01 12:48:41,256 - Interaction: PROBABILISTIC vs PROBABILISTIC, Payoffs: 3, 3
2024-12-01 12:48:41,256 - Interaction: PROBABILISTIC vs COOPERATOR, Payoffs: 3, 3
2024-12-01 12:48:41,257 - Interaction: COOPERATOR vs PROBABILISTIC, Payoffs: 3, 3
2024-12-01 12:48:41,257 - Interaction: COOPERATOR vs PROBABILISTIC, Payoffs: 3, 3
2024-12-01 12:48:41,260 - Interaction: PROBABILISTIC vs DEFECTOR, Payoffs: 1, 1
2024-12-01 12:48:41,265 - Interaction: COOPERATOR vs COOPERATOR, Payoffs: 3, 3
2024-12-01 12:48:41,266 - Interaction: PROBABILISTIC vs TEMPORAL, Payoffs: 3, 3
2024-12-01 12:48:41,267 - Interaction: COOPERATOR vs PROBABILISTIC, Payoffs: 3, 3
2024-12-01 12:48:41,269 - Interaction: COOPERATOR vs COOPERATOR, Payoffs: 3, 3
2024-12-01 12:48:41,269 - Interaction: PROBABILISTIC vs COOPERATOR, Payoffs: 3, 3
2024-12-01 12:48:41,271 - Interaction: COOPERATOR vs PROBABILISTIC, Payoffs: 3, 3
2024-12-01 12:48:41,273 - Interaction: COOPERATOR vs DEFECTOR, Payoffs: 0, 5
2024-12-01 12:48:41,275 - Interaction: PROBABILISTIC vs PROBABILISTIC, Payoffs: 3, 3
2024-12-01 12:48:41,276 - Interaction: COOPERATOR vs DEFECTOR, Payoffs: 0, 5
2024-12-01 12:48:41,277 - Interaction: PROBABILISTIC vs PROBABILISTIC, Payoffs: 3, 3
2024-12-01 12:48:41,277 - Interaction: PROBABILISTIC vs PROBABILISTIC, Payoffs: 3, 3
2024-12-01 12:48:41,277 - Interaction: PROBABILISTIC vs COOPERATOR, Payoffs: 3, 3
2024-12-01 12:48:41,279 - Interaction: PROBABILISTIC vs TEMPORAL, Payoffs: 5, 0
2024-12-01 12:48:41,279 - Interaction: PROBABILISTIC vs PROBABILISTIC, Payoffs: 5, 0
2024-12-01 12:48:41,280 - Agents count: 61
2024-12-01 12:48:41,312 - Interaction: DEFECTOR vs PROBABILISTIC, Payoffs: 1, 1
2024-12-01 12:48:41,313 - Interaction: TEMPORAL vs PROBABILISTIC, Payoffs: 3, 3
2024-12-01 12:48:41,313 - Interaction: TEMPORAL vs PROBABILISTIC, Payoffs: 0, 5
2024-12-01 12:48:41,314 - Interaction: DEFECTOR vs COOPERATOR, Payoffs: 5, 0
2024-12-01 12:48:41,319 - Interaction: PROBABILISTIC vs COOPERATOR, Payoffs: 3, 3
2024-12-01 12:48:41,319 - Interaction: PROBABILISTIC vs PROBABILISTIC, Payoffs: 3, 3
2024-12-01 12:48:41,320 - Interaction: PROBABILISTIC vs COOPERATOR, Payoffs: 3, 3
2024-12-01 12:48:41,320 - Interaction: COOPERATOR vs PROBABILISTIC, Payoffs: 3, 3
2024-12-01 12:48:41,321 - Interaction: COOPERATOR vs PROBABILISTIC, Payoffs: 3, 3
2024-12-01 12:48:41,322 - Interaction: PROBABILISTIC vs DEFECTOR, Payoffs: 1, 1
2024-12-01 12:48:41,325 - Interaction: COOPERATOR vs COOPERATOR, Payoffs: 3, 3
2024-12-01 12:48:41,326 - Interaction: PROBABILISTIC vs TEMPORAL, Payoffs: 3, 3
2024-12-01 12:48:41,326 - Interaction: PROBABILISTIC vs PROBABILISTIC, Payoffs: 0, 5
2024-12-01 12:48:41,327 - Interaction: COOPERATOR vs PROBABILISTIC, Payoffs: 3, 3
2024-12-01 12:48:41,328 - Interaction: COOPERATOR vs COOPERATOR, Payoffs: 3, 3
2024-12-01 12:48:41,329 - Interaction: PROBABILISTIC vs COOPERATOR, Payoffs: 3, 3
2024-12-01 12:48:41,329 - Interaction: COOPERATOR vs PROBABILISTIC, Payoffs: 3, 3
2024-12-01 12:48:41,334 - Interaction: PROBABILISTIC vs PROBABILISTIC, Payoffs: 3, 3
2024-12-01 12:48:41,336 - Interaction: COOPERATOR vs DEFECTOR, Payoffs: 0, 5
2024-12-01 12:48:41,337 - Interaction: PROBABILISTIC vs PROBABILISTIC, Payoffs: 3, 3
2024-12-01 12:48:41,338 - Interaction: PROBABILISTIC vs PROBABILISTIC, Payoffs: 3, 3
2024-12-01 12:48:41,338 - Interaction: PROBABILISTIC vs COOPERATOR, Payoffs: 3, 3
2024-12-01 12:48:41,339 - Interaction: PROBABILISTIC vs TEMPORAL, Payoffs: 5, 0
2024-12-01 12:48:41,339 - Interaction: PROBABILISTIC vs PROBABILISTIC, Payoffs: 5, 0
2024-12-01 12:48:41,339 - Agents count: 61
2024-12-01 12:48:41,374 - Interaction: DEFECTOR vs PROBABILISTIC, Payoffs: 1, 1
2024-12-01 12:48:41,374 - Interaction: TEMPORAL vs PROBABILISTIC, Payoffs: 3, 3
2024-12-01 12:48:41,374 - Interaction: TEMPORAL vs PROBABILISTIC, Payoffs: 0, 5
2024-12-01 12:48:41,375 - Interaction: DEFECTOR vs COOPERATOR, Payoffs: 5, 0
2024-12-01 12:48:41,378 - Interaction: PROBABILISTIC vs COOPERATOR, Payoffs: 3, 3
2024-12-01 12:48:41,379 - Interaction: PROBABILISTIC vs PROBABILISTIC, Payoffs: 3, 3
2024-12-01 12:48:41,379 - Interaction: PROBABILISTIC vs COOPERATOR, Payoffs: 3, 3
2024-12-01 12:48:41,380 - Interaction: COOPERATOR vs PROBABILISTIC, Payoffs: 3, 3
2024-12-01 12:48:41,382 - Interaction: COOPERATOR vs PROBABILISTIC, Payoffs: 3, 3
2024-12-01 12:48:41,383 - Interaction: PROBABILISTIC vs DEFECTOR, Payoffs: 1, 1
2024-12-01 12:48:41,386 - Interaction: COOPERATOR vs COOPERATOR, Payoffs: 3, 3
2024-12-01 12:48:41,388 - Interaction: PROBABILISTIC vs TEMPORAL, Payoffs: 3, 3
2024-12-01 12:48:41,388 - Interaction: PROBABILISTIC vs PROBABILISTIC, Payoffs: 0, 5
2024-12-01 12:48:41,389 - Interaction: COOPERATOR vs PROBABILISTIC, Payoffs: 3, 3
2024-12-01 12:48:41,391 - Interaction: COOPERATOR vs COOPERATOR, Payoffs: 3, 3
2024-12-01 12:48:41,391 - Interaction: PROBABILISTIC vs COOPERATOR, Payoffs: 3, 3
2024-12-01 12:48:41,392 - Interaction: COOPERATOR vs PROBABILISTIC, Payoffs: 3, 3
2024-12-01 12:48:41,397 - Interaction: PROBABILISTIC vs PROBABILISTIC, Payoffs: 3, 3
2024-12-01 12:48:41,398 - Interaction: COOPERATOR vs DEFECTOR, Payoffs: 0, 5
2024-12-01 12:48:41,399 - Interaction: PROBABILISTIC vs PROBABILISTIC, Payoffs: 3, 3
2024-12-01 12:48:41,399 - Interaction: PROBABILISTIC vs PROBABILISTIC, Payoffs: 3, 3
2024-12-01 12:48:41,401 - Interaction: PROBABILISTIC vs COOPERATOR, Payoffs: 3, 3
2024-12-01 12:48:41,401 - Interaction: PROBABILISTIC vs TEMPORAL, Payoffs: 5, 0
2024-12-01 12:48:41,401 - Interaction: PROBABILISTIC vs PROBABILISTIC, Payoffs: 5, 0
2024-12-01 12:48:41,401 - Agents count: 61
2024-12-01 12:48:41,442 - Interaction: DEFECTOR vs PROBABILISTIC, Payoffs: 1, 1
2024-12-01 12:48:41,445 - Interaction: TEMPORAL vs PROBABILISTIC, Payoffs: 3, 3
2024-12-01 12:48:41,445 - Interaction: TEMPORAL vs PROBABILISTIC, Payoffs: 0, 5
2024-12-01 12:48:41,447 - Interaction: DEFECTOR vs COOPERATOR, Payoffs: 5, 0
2024-12-01 12:48:41,450 - Interaction: PROBABILISTIC vs COOPERATOR, Payoffs: 3, 3
2024-12-01 12:48:41,451 - Interaction: PROBABILISTIC vs PROBABILISTIC, Payoffs: 3, 3
2024-12-01 12:48:41,451 - Interaction: PROBABILISTIC vs COOPERATOR, Payoffs: 3, 3
2024-12-01 12:48:41,453 - Interaction: COOPERATOR vs PROBABILISTIC, Payoffs: 3, 3
2024-12-01 12:48:41,453 - Interaction: COOPERATOR vs PROBABILISTIC, Payoffs: 3, 3
2024-12-01 12:48:41,454 - Interaction: PROBABILISTIC vs DEFECTOR, Payoffs: 1, 1
2024-12-01 12:48:41,458 - Interaction: COOPERATOR vs COOPERATOR, Payoffs: 3, 3
2024-12-01 12:48:41,459 - Interaction: PROBABILISTIC vs TEMPORAL, Payoffs: 3, 3
2024-12-01 12:48:41,459 - Interaction: PROBABILISTIC vs PROBABILISTIC, Payoffs: 0, 5
2024-12-01 12:48:41,461 - Interaction: COOPERATOR vs PROBABILISTIC, Payoffs: 3, 3
2024-12-01 12:48:41,462 - Interaction: COOPERATOR vs COOPERATOR, Payoffs: 3, 3
2024-12-01 12:48:41,463 - Interaction: PROBABILISTIC vs COOPERATOR, Payoffs: 3, 3
2024-12-01 12:48:41,463 - Interaction: COOPERATOR vs PROBABILISTIC, Payoffs: 3, 3
2024-12-01 12:48:41,472 - Interaction: PROBABILISTIC vs PROBABILISTIC, Payoffs: 3, 3
2024-12-01 12:48:41,476 - Interaction: COOPERATOR vs DEFECTOR, Payoffs: 0, 5
2024-12-01 12:48:41,479 - Interaction: PROBABILISTIC vs PROBABILISTIC, Payoffs: 3, 3
2024-12-01 12:48:41,480 - Interaction: PROBABILISTIC vs PROBABILISTIC, Payoffs: 3, 3
2024-12-01 12:48:41,481 - Interaction: PROBABILISTIC vs COOPERATOR, Payoffs: 3, 3
2024-12-01 12:48:41,482 - Interaction: PROBABILISTIC vs TEMPORAL, Payoffs: 5, 0
2024-12-01 12:48:41,482 - Interaction: PROBABILISTIC vs PROBABILISTIC, Payoffs: 1, 1
2024-12-01 12:48:41,820 - Agents count: 61
2024-12-01 12:48:41,855 - Interaction: DEFECTOR vs PROBABILISTIC, Payoffs: 1, 1
2024-12-01 12:48:41,856 - Interaction: TEMPORAL vs PROBABILISTIC, Payoffs: 0, 5
2024-12-01 12:48:41,856 - Interaction: TEMPORAL vs PROBABILISTIC, Payoffs: 0, 5
2024-12-01 12:48:41,858 - Interaction: DEFECTOR vs COOPERATOR, Payoffs: 5, 0
2024-12-01 12:48:41,861 - Interaction: PROBABILISTIC vs COOPERATOR, Payoffs: 3, 3
2024-12-01 12:48:41,861 - New agent spawned with strategy: COOPERATOR
2024-12-01 12:48:41,861 - Interaction: PROBABILISTIC vs PROBABILISTIC, Payoffs: 3, 3
2024-12-01 12:48:41,862 - Interaction: PROBABILISTIC vs COOPERATOR, Payoffs: 3, 3
2024-12-01 12:48:41,863 - Interaction: COOPERATOR vs PROBABILISTIC, Payoffs: 3, 3
2024-12-01 12:48:41,863 - Interaction: COOPERATOR vs PROBABILISTIC, Payoffs: 3, 3
2024-12-01 12:48:41,865 - Interaction: PROBABILISTIC vs DEFECTOR, Payoffs: 1, 1
2024-12-01 12:48:41,867 - Interaction: COOPERATOR vs COOPERATOR, Payoffs: 3, 3
2024-12-01 12:48:41,868 - Interaction: PROBABILISTIC vs TEMPORAL, Payoffs: 5, 0
2024-12-01 12:48:41,869 - Interaction: PROBABILISTIC vs PROBABILISTIC, Payoffs: 1, 1
2024-12-01 12:48:41,872 - Interaction: COOPERATOR vs PROBABILISTIC, Payoffs: 3, 3
2024-12-01 12:48:41,874 - Interaction: COOPERATOR vs COOPERATOR, Payoffs: 3, 3
2024-12-01 12:48:41,876 - Interaction: PROBABILISTIC vs COOPERATOR, Payoffs: 3, 3
2024-12-01 12:48:41,877 - Interaction: COOPERATOR vs PROBABILISTIC, Payoffs: 3, 3
2024-12-01 12:48:41,882 - Interaction: PROBABILISTIC vs PROBABILISTIC, Payoffs: 3, 3
2024-12-01 12:48:41,883 - Interaction: COOPERATOR vs DEFECTOR, Payoffs: 0, 5
2024-12-01 12:48:41,885 - Interaction: PROBABILISTIC vs PROBABILISTIC, Payoffs: 3, 3
2024-12-01 12:48:41,885 - Interaction: PROBABILISTIC vs PROBABILISTIC, Payoffs: 3, 3
2024-12-01 12:48:41,885 - Interaction: PROBABILISTIC vs COOPERATOR, Payoffs: 3, 3
2024-12-01 12:48:41,886 - Interaction: PROBABILISTIC vs TEMPORAL, Payoffs: 5, 0
2024-12-01 12:48:41,886 - Interaction: PROBABILISTIC vs PROBABILISTIC, Payoffs: 1, 1
2024-12-01 12:48:41,887 - Interaction: COOPERATOR vs PROBABILISTIC, Payoffs: 3, 3
2024-12-01 12:48:41,887 - Interaction: COOPERATOR vs COOPERATOR, Payoffs: 3, 3
2024-12-01 12:48:41,887 - Interaction: COOPERATOR vs PROBABILISTIC, Payoffs: 3, 3
2024-12-01 12:48:41,887 - Agents count: 62
2024-12-01 12:48:41,922 - Interaction: DEFECTOR vs PROBABILISTIC, Payoffs: 1, 1
2024-12-01 12:48:41,923 - Interaction: TEMPORAL vs PROBABILISTIC, Payoffs: 0, 5
2024-12-01 12:48:41,923 - Interaction: TEMPORAL vs PROBABILISTIC, Payoffs: 3, 3
2024-12-01 12:48:41,925 - Interaction: DEFECTOR vs COOPERATOR, Payoffs: 5, 0
2024-12-01 12:48:41,927 - Interaction: PROBABILISTIC vs COOPERATOR, Payoffs: 3, 3
2024-12-01 12:48:41,927 - Interaction: PROBABILISTIC vs COOPERATOR, Payoffs: 3, 3
2024-12-01 12:48:41,927 - Interaction: PROBABILISTIC vs PROBABILISTIC, Payoffs: 3, 3
2024-12-01 12:48:41,927 - Interaction: PROBABILISTIC vs COOPERATOR, Payoffs: 3, 3
2024-12-01 12:48:41,928 - Interaction: COOPERATOR vs PROBABILISTIC, Payoffs: 3, 3
2024-12-01 12:48:41,929 - Interaction: COOPERATOR vs COOPERATOR, Payoffs: 3, 3
2024-12-01 12:48:41,929 - Interaction: COOPERATOR vs PROBABILISTIC, Payoffs: 3, 3
2024-12-01 12:48:41,932 - Interaction: PROBABILISTIC vs DEFECTOR, Payoffs: 1, 1
2024-12-01 12:48:41,939 - Interaction: COOPERATOR vs COOPERATOR, Payoffs: 3, 3
2024-12-01 12:48:41,941 - Interaction: PROBABILISTIC vs TEMPORAL, Payoffs: 5, 0
2024-12-01 12:48:41,942 - Interaction: PROBABILISTIC vs PROBABILISTIC, Payoffs: 5, 0
2024-12-01 12:48:41,945 - Interaction: COOPERATOR vs PROBABILISTIC, Payoffs: 3, 3
2024-12-01 12:48:41,950 - Interaction: COOPERATOR vs COOPERATOR, Payoffs: 3, 3
2024-12-01 12:48:41,952 - Interaction: PROBABILISTIC vs COOPERATOR, Payoffs: 3, 3
2024-12-01 12:48:41,952 - Interaction: COOPERATOR vs PROBABILISTIC, Payoffs: 3, 3
2024-12-01 12:48:41,959 - Interaction: PROBABILISTIC vs PROBABILISTIC, Payoffs: 3, 3
2024-12-01 12:48:41,960 - Interaction: COOPERATOR vs DEFECTOR, Payoffs: 0, 5
2024-12-01 12:48:41,961 - Interaction: PROBABILISTIC vs PROBABILISTIC, Payoffs: 3, 3
2024-12-01 12:48:41,962 - Interaction: PROBABILISTIC vs PROBABILISTIC, Payoffs: 3, 3
2024-12-01 12:48:41,962 - Interaction: PROBABILISTIC vs COOPERATOR, Payoffs: 3, 3
2024-12-01 12:48:41,963 - Interaction: PROBABILISTIC vs TEMPORAL, Payoffs: 3, 3
2024-12-01 12:48:41,963 - Interaction: PROBABILISTIC vs PROBABILISTIC, Payoffs: 0, 5
2024-12-01 12:48:41,964 - Interaction: COOPERATOR vs PROBABILISTIC, Payoffs: 3, 3
2024-12-01 12:48:41,964 - Interaction: COOPERATOR vs COOPERATOR, Payoffs: 3, 3
2024-12-01 12:48:41,964 - Agents count: 62
2024-12-01 12:48:42,008 - Interaction: DEFECTOR vs PROBABILISTIC, Payoffs: 1, 1
2024-12-01 12:48:42,009 - Interaction: TEMPORAL vs PROBABILISTIC, Payoffs: 0, 5
2024-12-01 12:48:42,009 - Interaction: TEMPORAL vs PROBABILISTIC, Payoffs: 3, 3
2024-12-01 12:48:42,013 - Interaction: DEFECTOR vs COOPERATOR, Payoffs: 5, 0
2024-12-01 12:48:42,016 - Interaction: PROBABILISTIC vs COOPERATOR, Payoffs: 3, 3
2024-12-01 12:48:42,016 - Interaction: PROBABILISTIC vs COOPERATOR, Payoffs: 3, 3
2024-12-01 12:48:42,017 - Interaction: PROBABILISTIC vs PROBABILISTIC, Payoffs: 3, 3
2024-12-01 12:48:42,017 - Interaction: PROBABILISTIC vs COOPERATOR, Payoffs: 3, 3
2024-12-01 12:48:42,019 - Interaction: COOPERATOR vs PROBABILISTIC, Payoffs: 3, 3
2024-12-01 12:48:42,019 - Interaction: COOPERATOR vs COOPERATOR, Payoffs: 3, 3
2024-12-01 12:48:42,021 - Interaction: PROBABILISTIC vs DEFECTOR, Payoffs: 1, 1
2024-12-01 12:48:42,025 - Interaction: COOPERATOR vs COOPERATOR, Payoffs: 3, 3
2024-12-01 12:48:42,026 - Interaction: PROBABILISTIC vs TEMPORAL, Payoffs: 5, 0
2024-12-01 12:48:42,026 - Interaction: PROBABILISTIC vs PROBABILISTIC, Payoffs: 3, 3
2024-12-01 12:48:42,028 - Interaction: COOPERATOR vs PROBABILISTIC, Payoffs: 3, 3
2024-12-01 12:48:42,031 - Interaction: COOPERATOR vs COOPERATOR, Payoffs: 3, 3
2024-12-01 12:48:42,032 - Interaction: PROBABILISTIC vs COOPERATOR, Payoffs: 3, 3
2024-12-01 12:48:42,032 - Interaction: COOPERATOR vs PROBABILISTIC, Payoffs: 3, 3
2024-12-01 12:48:42,038 - Interaction: PROBABILISTIC vs PROBABILISTIC, Payoffs: 3, 3
2024-12-01 12:48:42,040 - Interaction: COOPERATOR vs DEFECTOR, Payoffs: 0, 5
2024-12-01 12:48:42,041 - Interaction: PROBABILISTIC vs PROBABILISTIC, Payoffs: 3, 3
2024-12-01 12:48:42,042 - Interaction: PROBABILISTIC vs PROBABILISTIC, Payoffs: 3, 3
2024-12-01 12:48:42,043 - Interaction: PROBABILISTIC vs TEMPORAL, Payoffs: 3, 3
2024-12-01 12:48:42,043 - Interaction: PROBABILISTIC vs PROBABILISTIC, Payoffs: 3, 3
2024-12-01 12:48:42,044 - Interaction: COOPERATOR vs PROBABILISTIC, Payoffs: 3, 3
2024-12-01 12:48:42,044 - Interaction: COOPERATOR vs COOPERATOR, Payoffs: 3, 3
2024-12-01 12:48:42,319 - Agents count: 62
2024-12-01 12:48:42,356 - Interaction: DEFECTOR vs PROBABILISTIC, Payoffs: 1, 1
2024-12-01 12:48:42,357 - Interaction: TEMPORAL vs PROBABILISTIC, Payoffs: 3, 3
2024-12-01 12:48:42,357 - Interaction: TEMPORAL vs PROBABILISTIC, Payoffs: 3, 3
2024-12-01 12:48:42,360 - Interaction: DEFECTOR vs COOPERATOR, Payoffs: 5, 0
2024-12-01 12:48:42,364 - Interaction: PROBABILISTIC vs PROBABILISTIC, Payoffs: 3, 3
2024-12-01 12:48:42,364 - New agent spawned with strategy: PROBABILISTIC
2024-12-01 12:48:42,365 - Interaction: PROBABILISTIC vs COOPERATOR, Payoffs: 3, 3
2024-12-01 12:48:42,367 - Interaction: COOPERATOR vs COOPERATOR, Payoffs: 3, 3
2024-12-01 12:48:42,368 - Interaction: PROBABILISTIC vs DEFECTOR, Payoffs: 1, 1
2024-12-01 12:48:42,370 - Interaction: PROBABILISTIC vs COOPERATOR, Payoffs: 3, 3
2024-12-01 12:48:42,373 - Interaction: COOPERATOR vs PROBABILISTIC, Payoffs: 3, 3
2024-12-01 12:48:42,373 - Interaction: COOPERATOR vs COOPERATOR, Payoffs: 3, 3
2024-12-01 12:48:42,374 - Interaction: PROBABILISTIC vs TEMPORAL, Payoffs: 3, 3
2024-12-01 12:48:42,374 - Interaction: PROBABILISTIC vs PROBABILISTIC, Payoffs: 3, 3
2024-12-01 12:48:42,375 - Interaction: COOPERATOR vs PROBABILISTIC, Payoffs: 3, 3
2024-12-01 12:48:42,376 - Interaction: COOPERATOR vs COOPERATOR, Payoffs: 3, 3
2024-12-01 12:48:42,377 - Interaction: PROBABILISTIC vs COOPERATOR, Payoffs: 3, 3
2024-12-01 12:48:42,377 - Interaction: COOPERATOR vs PROBABILISTIC, Payoffs: 3, 3
2024-12-01 12:48:42,383 - Interaction: PROBABILISTIC vs PROBABILISTIC, Payoffs: 3, 3
2024-12-01 12:48:42,384 - Interaction: COOPERATOR vs DEFECTOR, Payoffs: 0, 5
2024-12-01 12:48:42,385 - Interaction: PROBABILISTIC vs PROBABILISTIC, Payoffs: 3, 3
2024-12-01 12:48:42,386 - Interaction: PROBABILISTIC vs PROBABILISTIC, Payoffs: 3, 3
2024-12-01 12:48:42,386 - Interaction: PROBABILISTIC vs TEMPORAL, Payoffs: 3, 3
2024-12-01 12:48:42,387 - Interaction: PROBABILISTIC vs PROBABILISTIC, Payoffs: 3, 3
2024-12-01 12:48:42,387 - Interaction: COOPERATOR vs COOPERATOR, Payoffs: 3, 3
2024-12-01 12:48:42,388 - Interaction: PROBABILISTIC vs PROBABILISTIC, Payoffs: 5, 0
2024-12-01 12:48:42,388 - Interaction: PROBABILISTIC vs COOPERATOR, Payoffs: 5, 0
2024-12-01 12:48:42,388 - Interaction: PROBABILISTIC vs PROBABILISTIC, Payoffs: 5, 0
2024-12-01 12:48:42,388 - Agents count: 63
2024-12-01 12:48:42,426 - Interaction: DEFECTOR vs PROBABILISTIC, Payoffs: 1, 1
2024-12-01 12:48:42,427 - Interaction: TEMPORAL vs PROBABILISTIC, Payoffs: 3, 3
2024-12-01 12:48:42,429 - Interaction: TEMPORAL vs PROBABILISTIC, Payoffs: 3, 3
2024-12-01 12:48:42,432 - Interaction: DEFECTOR vs COOPERATOR, Payoffs: 5, 0
2024-12-01 12:48:42,435 - Interaction: COOPERATOR vs PROBABILISTIC, Payoffs: 3, 3
2024-12-01 12:48:42,436 - Interaction: PROBABILISTIC vs PROBABILISTIC, Payoffs: 3, 3
2024-12-01 12:48:42,436 - Interaction: PROBABILISTIC vs PROBABILISTIC, Payoffs: 0, 5
2024-12-01 12:48:42,437 - Interaction: PROBABILISTIC vs COOPERATOR, Payoffs: 3, 3
2024-12-01 12:48:42,439 - Interaction: COOPERATOR vs COOPERATOR, Payoffs: 3, 3
2024-12-01 12:48:42,439 - Interaction: COOPERATOR vs PROBABILISTIC, Payoffs: 3, 3
2024-12-01 12:48:42,440 - Interaction: PROBABILISTIC vs DEFECTOR, Payoffs: 1, 1
2024-12-01 12:48:42,442 - Interaction: PROBABILISTIC vs COOPERATOR, Payoffs: 3, 3
2024-12-01 12:48:42,443 - Interaction: PROBABILISTIC vs COOPERATOR, Payoffs: 3, 3
2024-12-01 12:48:42,445 - Interaction: COOPERATOR vs PROBABILISTIC, Payoffs: 3, 3
2024-12-01 12:48:42,445 - Interaction: COOPERATOR vs COOPERATOR, Payoffs: 3, 3
2024-12-01 12:48:42,446 - Interaction: PROBABILISTIC vs TEMPORAL, Payoffs: 3, 3
2024-12-01 12:48:42,449 - Interaction: COOPERATOR vs PROBABILISTIC, Payoffs: 3, 3
2024-12-01 12:48:42,453 - Interaction: COOPERATOR vs PROBABILISTIC, Payoffs: 3, 3
2024-12-01 12:48:42,454 - Interaction: COOPERATOR vs COOPERATOR, Payoffs: 3, 3
2024-12-01 12:48:42,455 - Interaction: PROBABILISTIC vs COOPERATOR, Payoffs: 3, 3
2024-12-01 12:48:42,456 - Interaction: COOPERATOR vs PROBABILISTIC, Payoffs: 3, 3
2024-12-01 12:48:42,467 - Interaction: PROBABILISTIC vs COOPERATOR, Payoffs: 3, 3
2024-12-01 12:48:42,468 - Interaction: PROBABILISTIC vs PROBABILISTIC, Payoffs: 3, 3
2024-12-01 12:48:42,471 - Interaction: COOPERATOR vs DEFECTOR, Payoffs: 0, 5
2024-12-01 12:48:42,472 - Interaction: PROBABILISTIC vs PROBABILISTIC, Payoffs: 3, 3
2024-12-01 12:48:42,473 - Interaction: PROBABILISTIC vs PROBABILISTIC, Payoffs: 3, 3
2024-12-01 12:48:42,473 - Interaction: PROBABILISTIC vs PROBABILISTIC, Payoffs: 3, 3
2024-12-01 12:48:42,474 - Interaction: PROBABILISTIC vs TEMPORAL, Payoffs: 3, 3
2024-12-01 12:48:42,475 - Interaction: COOPERATOR vs COOPERATOR, Payoffs: 3, 3
2024-12-01 12:48:42,475 - Interaction: PROBABILISTIC vs PROBABILISTIC, Payoffs: 3, 3
2024-12-01 12:48:42,475 - Interaction: PROBABILISTIC vs COOPERATOR, Payoffs: 3, 3
2024-12-01 12:48:42,475 - Interaction: PROBABILISTIC vs PROBABILISTIC, Payoffs: 3, 3
2024-12-01 12:48:42,475 - Agents count: 63
2024-12-01 12:48:42,527 - Interaction: DEFECTOR vs PROBABILISTIC, Payoffs: 1, 1
2024-12-01 12:48:42,528 - Interaction: TEMPORAL vs PROBABILISTIC, Payoffs: 3, 3
2024-12-01 12:48:42,528 - Interaction: TEMPORAL vs PROBABILISTIC, Payoffs: 3, 3
2024-12-01 12:48:42,531 - Interaction: DEFECTOR vs COOPERATOR, Payoffs: 5, 0
2024-12-01 12:48:42,534 - Interaction: HYBRID vs PROBABILISTIC, Payoffs: 3, 3
2024-12-01 12:48:42,535 - Interaction: COOPERATOR vs PROBABILISTIC, Payoffs: 3, 3
2024-12-01 12:48:42,536 - Interaction: PROBABILISTIC vs PROBABILISTIC, Payoffs: 3, 3
2024-12-01 12:48:42,536 - Interaction: PROBABILISTIC vs PROBABILISTIC, Payoffs: 3, 3
2024-12-01 12:48:42,536 - Interaction: PROBABILISTIC vs COOPERATOR, Payoffs: 3, 3
2024-12-01 12:48:42,538 - Interaction: COOPERATOR vs COOPERATOR, Payoffs: 3, 3
2024-12-01 12:48:42,541 - Interaction: PROBABILISTIC vs DEFECTOR, Payoffs: 1, 1
2024-12-01 12:48:42,542 - Interaction: PROBABILISTIC vs COOPERATOR, Payoffs: 3, 3
2024-12-01 12:48:42,543 - Interaction: PROBABILISTIC vs COOPERATOR, Payoffs: 3, 3
2024-12-01 12:48:42,546 - Interaction: COOPERATOR vs PROBABILISTIC, Payoffs: 3, 3
2024-12-01 12:48:42,546 - Interaction: COOPERATOR vs COOPERATOR, Payoffs: 3, 3
2024-12-01 12:48:42,547 - Interaction: PROBABILISTIC vs TEMPORAL, Payoffs: 3, 3
2024-12-01 12:48:42,549 - Interaction: COOPERATOR vs PROBABILISTIC, Payoffs: 3, 3
2024-12-01 12:48:42,550 - Interaction: COOPERATOR vs PROBABILISTIC, Payoffs: 3, 3
2024-12-01 12:48:42,551 - Interaction: COOPERATOR vs COOPERATOR, Payoffs: 3, 3
2024-12-01 12:48:42,551 - Interaction: PROBABILISTIC vs COOPERATOR, Payoffs: 3, 3
2024-12-01 12:48:42,552 - Interaction: COOPERATOR vs PROBABILISTIC, Payoffs: 3, 3
2024-12-01 12:48:42,560 - Interaction: PROBABILISTIC vs COOPERATOR, Payoffs: 3, 3
2024-12-01 12:48:42,563 - Interaction: COOPERATOR vs DEFECTOR, Payoffs: 0, 5
2024-12-01 12:48:42,566 - Interaction: PROBABILISTIC vs PROBABILISTIC, Payoffs: 3, 3
2024-12-01 12:48:42,567 - Interaction: PROBABILISTIC vs PROBABILISTIC, Payoffs: 3, 3
2024-12-01 12:48:42,568 - Interaction: PROBABILISTIC vs TEMPORAL, Payoffs: 3, 3
2024-12-01 12:48:42,568 - Interaction: PROBABILISTIC vs HYBRID, Payoffs: 3, 3
2024-12-01 12:48:42,569 - Interaction: COOPERATOR vs COOPERATOR, Payoffs: 3, 3
2024-12-01 12:48:42,570 - Interaction: PROBABILISTIC vs PROBABILISTIC, Payoffs: 3, 3
2024-12-01 12:48:42,570 - Interaction: PROBABILISTIC vs PROBABILISTIC, Payoffs: 3, 3
2024-12-01 12:48:42,875 - Agents count: 63
2024-12-01 12:48:42,908 - Interaction: DEFECTOR vs PROBABILISTIC, Payoffs: 1, 1
2024-12-01 12:48:42,908 - Interaction: TEMPORAL vs PROBABILISTIC, Payoffs: 3, 3
2024-12-01 12:48:42,908 - New agent spawned with strategy: PROBABILISTIC
2024-12-01 12:48:42,909 - Interaction: TEMPORAL vs PROBABILISTIC, Payoffs: 3, 3
2024-12-01 12:48:42,909 - Interaction: DEFECTOR vs COOPERATOR, Payoffs: 5, 0
2024-12-01 12:48:42,912 - Interaction: HYBRID vs PROBABILISTIC, Payoffs: 3, 3
2024-12-01 12:48:42,912 - Interaction: COOPERATOR vs PROBABILISTIC, Payoffs: 3, 3
2024-12-01 12:48:42,913 - Interaction: PROBABILISTIC vs PROBABILISTIC, Payoffs: 3, 3
2024-12-01 12:48:42,914 - Interaction: PROBABILISTIC vs COOPERATOR, Payoffs: 3, 3
2024-12-01 12:48:42,916 - Interaction: COOPERATOR vs COOPERATOR, Payoffs: 3, 3
2024-12-01 12:48:42,918 - Interaction: PROBABILISTIC vs DEFECTOR, Payoffs: 1, 1
2024-12-01 12:48:42,919 - Interaction: PROBABILISTIC vs COOPERATOR, Payoffs: 3, 3
2024-12-01 12:48:42,919 - Interaction: PROBABILISTIC vs COOPERATOR, Payoffs: 3, 3
2024-12-01 12:48:42,921 - Interaction: COOPERATOR vs PROBABILISTIC, Payoffs: 3, 3
2024-12-01 12:48:42,921 - Interaction: COOPERATOR vs COOPERATOR, Payoffs: 3, 3
2024-12-01 12:48:42,922 - Interaction: PROBABILISTIC vs TEMPORAL, Payoffs: 3, 3
2024-12-01 12:48:42,923 - Interaction: COOPERATOR vs PROBABILISTIC, Payoffs: 3, 3
2024-12-01 12:48:42,925 - Interaction: COOPERATOR vs PROBABILISTIC, Payoffs: 3, 3
2024-12-01 12:48:42,925 - Interaction: COOPERATOR vs COOPERATOR, Payoffs: 3, 3
2024-12-01 12:48:42,925 - Interaction: PROBABILISTIC vs COOPERATOR, Payoffs: 3, 3
2024-12-01 12:48:42,925 - Interaction: COOPERATOR vs PROBABILISTIC, Payoffs: 3, 3
2024-12-01 12:48:42,929 - Interaction: PROBABILISTIC vs COOPERATOR, Payoffs: 3, 3
2024-12-01 12:48:42,931 - Interaction: COOPERATOR vs DEFECTOR, Payoffs: 0, 5
2024-12-01 12:48:42,932 - Interaction: PROBABILISTIC vs PROBABILISTIC, Payoffs: 3, 3
2024-12-01 12:48:42,932 - Interaction: PROBABILISTIC vs PROBABILISTIC, Payoffs: 3, 3
2024-12-01 12:48:42,933 - Interaction: PROBABILISTIC vs TEMPORAL, Payoffs: 3, 3
2024-12-01 12:48:42,933 - Interaction: PROBABILISTIC vs HYBRID, Payoffs: 3, 3
2024-12-01 12:48:42,934 - Interaction: COOPERATOR vs COOPERATOR, Payoffs: 3, 3
2024-12-01 12:48:42,934 - Interaction: PROBABILISTIC vs PROBABILISTIC, Payoffs: 3, 3
2024-12-01 12:48:42,935 - Interaction: PROBABILISTIC vs TEMPORAL, Payoffs: 5, 0
2024-12-01 12:48:42,935 - Interaction: PROBABILISTIC vs PROBABILISTIC, Payoffs: 5, 0
2024-12-01 12:48:42,935 - Agents count: 64
2024-12-01 12:48:42,970 - Interaction: DEFECTOR vs PROBABILISTIC, Payoffs: 1, 1
2024-12-01 12:48:42,971 - Interaction: TEMPORAL vs PROBABILISTIC, Payoffs: 3, 3
2024-12-01 12:48:42,971 - Interaction: TEMPORAL vs PROBABILISTIC, Payoffs: 0, 5
2024-12-01 12:48:42,972 - Interaction: DEFECTOR vs COOPERATOR, Payoffs: 5, 0
2024-12-01 12:48:42,973 - Interaction: HYBRID vs PROBABILISTIC, Payoffs: 3, 3
2024-12-01 12:48:42,974 - Interaction: COOPERATOR vs PROBABILISTIC, Payoffs: 3, 3
2024-12-01 12:48:42,974 - Interaction: PROBABILISTIC vs PROBABILISTIC, Payoffs: 3, 3
2024-12-01 12:48:42,975 - Interaction: PROBABILISTIC vs COOPERATOR, Payoffs: 3, 3
2024-12-01 12:48:42,976 - Interaction: COOPERATOR vs COOPERATOR, Payoffs: 3, 3
2024-12-01 12:48:42,978 - Interaction: PROBABILISTIC vs DEFECTOR, Payoffs: 1, 1
2024-12-01 12:48:42,979 - Interaction: PROBABILISTIC vs COOPERATOR, Payoffs: 3, 3
2024-12-01 12:48:42,979 - Interaction: PROBABILISTIC vs COOPERATOR, Payoffs: 3, 3
2024-12-01 12:48:42,982 - Interaction: COOPERATOR vs PROBABILISTIC, Payoffs: 3, 3
2024-12-01 12:48:42,982 - Interaction: COOPERATOR vs COOPERATOR, Payoffs: 3, 3
2024-12-01 12:48:42,983 - Interaction: PROBABILISTIC vs TEMPORAL, Payoffs: 3, 3
2024-12-01 12:48:42,983 - Interaction: PROBABILISTIC vs PROBABILISTIC, Payoffs: 0, 5
2024-12-01 12:48:42,984 - Interaction: COOPERATOR vs PROBABILISTIC, Payoffs: 3, 3
2024-12-01 12:48:42,985 - Interaction: COOPERATOR vs PROBABILISTIC, Payoffs: 3, 3
2024-12-01 12:48:42,985 - Interaction: COOPERATOR vs COOPERATOR, Payoffs: 3, 3
2024-12-01 12:48:42,986 - Interaction: PROBABILISTIC vs COOPERATOR, Payoffs: 3, 3
2024-12-01 12:48:42,986 - Interaction: COOPERATOR vs PROBABILISTIC, Payoffs: 3, 3
2024-12-01 12:48:42,990 - Interaction: PROBABILISTIC vs COOPERATOR, Payoffs: 3, 3
2024-12-01 12:48:42,991 - Interaction: COOPERATOR vs DEFECTOR, Payoffs: 0, 5
2024-12-01 12:48:42,992 - Interaction: PROBABILISTIC vs PROBABILISTIC, Payoffs: 3, 3
2024-12-01 12:48:42,992 - Interaction: PROBABILISTIC vs PROBABILISTIC, Payoffs: 3, 3
2024-12-01 12:48:42,993 - Interaction: PROBABILISTIC vs HYBRID, Payoffs: 3, 3
2024-12-01 12:48:42,994 - Interaction: COOPERATOR vs COOPERATOR, Payoffs: 3, 3
2024-12-01 12:48:42,994 - Interaction: PROBABILISTIC vs PROBABILISTIC, Payoffs: 3, 3
2024-12-01 12:48:42,995 - Interaction: PROBABILISTIC vs TEMPORAL, Payoffs: 5, 0
2024-12-01 12:48:42,995 - Interaction: PROBABILISTIC vs PROBABILISTIC, Payoffs: 3, 3
2024-12-01 12:48:42,995 - Agents count: 64
2024-12-01 12:48:43,033 - Interaction: DEFECTOR vs PROBABILISTIC, Payoffs: 1, 1
2024-12-01 12:48:43,034 - Interaction: TEMPORAL vs PROBABILISTIC, Payoffs: 3, 3
2024-12-01 12:48:43,035 - Interaction: TEMPORAL vs PROBABILISTIC, Payoffs: 3, 3
2024-12-01 12:48:43,037 - Interaction: DEFECTOR vs COOPERATOR, Payoffs: 5, 0
2024-12-01 12:48:43,043 - Interaction: HYBRID vs PROBABILISTIC, Payoffs: 3, 3
2024-12-01 12:48:43,045 - Interaction: PROBABILISTIC vs PROBABILISTIC, Payoffs: 3, 3
2024-12-01 12:48:43,046 - Interaction: PROBABILISTIC vs COOPERATOR, Payoffs: 3, 3
2024-12-01 12:48:43,047 - Interaction: COOPERATOR vs COOPERATOR, Payoffs: 3, 3
2024-12-01 12:48:43,050 - Interaction: PROBABILISTIC vs DEFECTOR, Payoffs: 1, 1
2024-12-01 12:48:43,050 - Interaction: PROBABILISTIC vs COOPERATOR, Payoffs: 3, 3
2024-12-01 12:48:43,050 - Interaction: PROBABILISTIC vs COOPERATOR, Payoffs: 3, 3
2024-12-01 12:48:43,054 - Interaction: COOPERATOR vs PROBABILISTIC, Payoffs: 3, 3
2024-12-01 12:48:43,054 - Interaction: COOPERATOR vs COOPERATOR, Payoffs: 3, 3
2024-12-01 12:48:43,055 - Interaction: PROBABILISTIC vs TEMPORAL, Payoffs: 0, 5
2024-12-01 12:48:43,055 - Interaction: PROBABILISTIC vs PROBABILISTIC, Payoffs: 3, 3
2024-12-01 12:48:43,056 - Interaction: COOPERATOR vs PROBABILISTIC, Payoffs: 3, 3
2024-12-01 12:48:43,058 - Interaction: COOPERATOR vs PROBABILISTIC, Payoffs: 3, 3
2024-12-01 12:48:43,058 - Interaction: COOPERATOR vs COOPERATOR, Payoffs: 3, 3
2024-12-01 12:48:43,058 - Interaction: PROBABILISTIC vs COOPERATOR, Payoffs: 3, 3
2024-12-01 12:48:43,059 - Interaction: COOPERATOR vs PROBABILISTIC, Payoffs: 3, 3
2024-12-01 12:48:43,064 - Interaction: COOPERATOR vs DEFECTOR, Payoffs: 0, 5
2024-12-01 12:48:43,067 - Interaction: PROBABILISTIC vs PROBABILISTIC, Payoffs: 3, 3
2024-12-01 12:48:43,068 - Interaction: PROBABILISTIC vs PROBABILISTIC, Payoffs: 3, 3
2024-12-01 12:48:43,069 - Interaction: PROBABILISTIC vs HYBRID, Payoffs: 3, 3
2024-12-01 12:48:43,070 - Interaction: COOPERATOR vs COOPERATOR, Payoffs: 3, 3
2024-12-01 12:48:43,071 - Interaction: PROBABILISTIC vs PROBABILISTIC, Payoffs: 3, 3
2024-12-01 12:48:43,072 - Interaction: PROBABILISTIC vs TEMPORAL, Payoffs: 0, 5
2024-12-01 12:48:43,073 - Interaction: PROBABILISTIC vs PROBABILISTIC, Payoffs: 3, 3
2024-12-01 12:48:43,407 - Agents count: 64
2024-12-01 12:48:43,459 - Interaction: DEFECTOR vs PROBABILISTIC, Payoffs: 1, 1
2024-12-01 12:48:43,461 - Interaction: TEMPORAL vs PROBABILISTIC, Payoffs: 5, 0
2024-12-01 12:48:43,462 - Interaction: TEMPORAL vs PROBABILISTIC, Payoffs: 5, 0
2024-12-01 12:48:43,469 - Interaction: HYBRID vs PROBABILISTIC, Payoffs: 3, 3
2024-12-01 12:48:43,470 - New agent spawned with strategy: PROBABILISTIC
2024-12-01 12:48:43,474 - Interaction: PROBABILISTIC vs COOPERATOR, Payoffs: 3, 3
2024-12-01 12:48:43,477 - Interaction: COOPERATOR vs COOPERATOR, Payoffs: 3, 3
2024-12-01 12:48:43,480 - Interaction: PROBABILISTIC vs DEFECTOR, Payoffs: 1, 1
2024-12-01 12:48:43,484 - Interaction: PROBABILISTIC vs COOPERATOR, Payoffs: 3, 3
2024-12-01 12:48:43,484 - Interaction: PROBABILISTIC vs COOPERATOR, Payoffs: 3, 3
2024-12-01 12:48:43,487 - Interaction: COOPERATOR vs PROBABILISTIC, Payoffs: 3, 3
2024-12-01 12:48:43,488 - Interaction: COOPERATOR vs COOPERATOR, Payoffs: 3, 3
2024-12-01 12:48:43,488 - Interaction: PROBABILISTIC vs TEMPORAL, Payoffs: 0, 5
2024-12-01 12:48:43,489 - Interaction: PROBABILISTIC vs PROBABILISTIC, Payoffs: 3, 3
2024-12-01 12:48:43,491 - Interaction: COOPERATOR vs PROBABILISTIC, Payoffs: 3, 3
2024-12-01 12:48:43,493 - Interaction: COOPERATOR vs PROBABILISTIC, Payoffs: 3, 3
2024-12-01 12:48:43,493 - Interaction: COOPERATOR vs COOPERATOR, Payoffs: 3, 3
2024-12-01 12:48:43,494 - Interaction: PROBABILISTIC vs COOPERATOR, Payoffs: 3, 3
2024-12-01 12:48:43,495 - Interaction: COOPERATOR vs PROBABILISTIC, Payoffs: 3, 3
2024-12-01 12:48:43,506 - Interaction: PROBABILISTIC vs HYBRID, Payoffs: 3, 3
2024-12-01 12:48:43,507 - Interaction: COOPERATOR vs COOPERATOR, Payoffs: 3, 3
2024-12-01 12:48:43,509 - Interaction: PROBABILISTIC vs TEMPORAL, Payoffs: 0, 5
2024-12-01 12:48:43,509 - Interaction: PROBABILISTIC vs PROBABILISTIC, Payoffs: 3, 3
2024-12-01 12:48:43,510 - Interaction: PROBABILISTIC vs HYBRID, Payoffs: 3, 3
2024-12-01 12:48:43,511 - Interaction: PROBABILISTIC vs PROBABILISTIC, Payoffs: 3, 3
2024-12-01 12:48:43,511 - Agents count: 65
2024-12-01 12:48:43,557 - Interaction: DEFECTOR vs PROBABILISTIC, Payoffs: 5, 0
2024-12-01 12:48:43,559 - Interaction: TEMPORAL vs PROBABILISTIC, Payoffs: 5, 0
2024-12-01 12:48:43,559 - Interaction: TEMPORAL vs PROBABILISTIC, Payoffs: 5, 0
2024-12-01 12:48:43,564 - Interaction: HYBRID vs PROBABILISTIC, Payoffs: 3, 3
2024-12-01 12:48:43,564 - Interaction: HYBRID vs PROBABILISTIC, Payoffs: 3, 3
2024-12-01 12:48:43,566 - Interaction: PROBABILISTIC vs DEFECTOR, Payoffs: 0, 5
2024-12-01 12:48:43,566 - Interaction: PROBABILISTIC vs COOPERATOR, Payoffs: 3, 3
2024-12-01 12:48:43,568 - Interaction: COOPERATOR vs COOPERATOR, Payoffs: 3, 3
2024-12-01 12:48:43,574 - Interaction: PROBABILISTIC vs COOPERATOR, Payoffs: 3, 3
2024-12-01 12:48:43,577 - Interaction: COOPERATOR vs PROBABILISTIC, Payoffs: 3, 3
2024-12-01 12:48:43,577 - Interaction: PROBABILISTIC vs TEMPORAL, Payoffs: 0, 5
2024-12-01 12:48:43,577 - Interaction: PROBABILISTIC vs PROBABILISTIC, Payoffs: 3, 3
2024-12-01 12:48:43,580 - Interaction: COOPERATOR vs PROBABILISTIC, Payoffs: 3, 3
2024-12-01 12:48:43,583 - Interaction: PROBABILISTIC vs COOPERATOR, Payoffs: 3, 3
2024-12-01 12:48:43,583 - Interaction: COOPERATOR vs PROBABILISTIC, Payoffs: 3, 3
2024-12-01 12:48:43,604 - Interaction: PROBABILISTIC vs HYBRID, Payoffs: 3, 3
2024-12-01 12:48:43,605 - Interaction: PROBABILISTIC vs PROBABILISTIC, Payoffs: 3, 3
2024-12-01 12:48:43,606 - Interaction: COOPERATOR vs COOPERATOR, Payoffs: 3, 3
2024-12-01 12:48:43,608 - Interaction: PROBABILISTIC vs TEMPORAL, Payoffs: 0, 5
2024-12-01 12:48:43,608 - Interaction: PROBABILISTIC vs PROBABILISTIC, Payoffs: 3, 3
2024-12-01 12:48:43,609 - Interaction: PROBABILISTIC vs HYBRID, Payoffs: 3, 3
2024-12-01 12:48:43,610 - Interaction: PROBABILISTIC vs PROBABILISTIC, Payoffs: 3, 3
2024-12-01 12:48:43,975 - Agents count: 65
2024-12-01 12:48:44,053 - Interaction: DEFECTOR vs PROBABILISTIC, Payoffs: 5, 0
2024-12-01 12:48:44,057 - Interaction: TEMPORAL vs PROBABILISTIC, Payoffs: 5, 0
2024-12-01 12:48:44,057 - Interaction: TEMPORAL vs PROBABILISTIC, Payoffs: 5, 0
2024-12-01 12:48:44,069 - Interaction: HYBRID vs PROBABILISTIC, Payoffs: 3, 3
2024-12-01 12:48:44,069 - New agent spawned with strategy: PROBABILISTIC
2024-12-01 12:48:44,070 - Interaction: HYBRID vs PROBABILISTIC, Payoffs: 3, 3
2024-12-01 12:48:44,073 - Interaction: PROBABILISTIC vs DEFECTOR, Payoffs: 0, 5
2024-12-01 12:48:44,075 - Interaction: PROBABILISTIC vs COOPERATOR, Payoffs: 3, 3
2024-12-01 12:48:44,079 - Interaction: COOPERATOR vs COOPERATOR, Payoffs: 3, 3
2024-12-01 12:48:44,090 - Interaction: PROBABILISTIC vs COOPERATOR, Payoffs: 3, 3
2024-12-01 12:48:44,097 - Interaction: COOPERATOR vs PROBABILISTIC, Payoffs: 3, 3
2024-12-01 12:48:44,099 - Interaction: PROBABILISTIC vs TEMPORAL, Payoffs: 0, 5
2024-12-01 12:48:44,099 - Interaction: PROBABILISTIC vs PROBABILISTIC, Payoffs: 3, 3
2024-12-01 12:48:44,102 - Interaction: COOPERATOR vs PROBABILISTIC, Payoffs: 3, 3
2024-12-01 12:48:44,107 - Interaction: PROBABILISTIC vs COOPERATOR, Payoffs: 3, 3
2024-12-01 12:48:44,107 - Interaction: COOPERATOR vs PROBABILISTIC, Payoffs: 3, 3
2024-12-01 12:48:44,130 - Interaction: PROBABILISTIC vs HYBRID, Payoffs: 3, 3
2024-12-01 12:48:44,130 - Interaction: PROBABILISTIC vs PROBABILISTIC, Payoffs: 3, 3
2024-12-01 12:48:44,132 - Interaction: COOPERATOR vs COOPERATOR, Payoffs: 3, 3
2024-12-01 12:48:44,135 - Interaction: PROBABILISTIC vs TEMPORAL, Payoffs: 0, 5
2024-12-01 12:48:44,136 - Interaction: PROBABILISTIC vs PROBABILISTIC, Payoffs: 3, 3
2024-12-01 12:48:44,137 - Interaction: PROBABILISTIC vs HYBRID, Payoffs: 3, 3
2024-12-01 12:48:44,138 - Interaction: PROBABILISTIC vs PROBABILISTIC, Payoffs: 3, 3
2024-12-01 12:48:44,139 - Interaction: PROBABILISTIC vs HYBRID, Payoffs: 5, 0
2024-12-01 12:48:44,140 - Interaction: PROBABILISTIC vs PROBABILISTIC, Payoffs: 5, 0
2024-12-01 12:48:44,140 - Interaction: PROBABILISTIC vs PROBABILISTIC, Payoffs: 5, 0
2024-12-01 12:48:44,684 - Agents count: 66
2024-12-01 12:48:44,727 - Interaction: DEFECTOR vs PROBABILISTIC, Payoffs: 5, 0
2024-12-01 12:48:44,728 - Interaction: TEMPORAL vs PROBABILISTIC, Payoffs: 5, 0
2024-12-01 12:48:44,728 - Interaction: TEMPORAL vs PROBABILISTIC, Payoffs: 5, 0
2024-12-01 12:48:44,733 - Interaction: HYBRID vs PROBABILISTIC, Payoffs: 3, 3
2024-12-01 12:48:44,733 - New agent spawned with strategy: PROBABILISTIC
2024-12-01 12:48:44,733 - Interaction: HYBRID vs PROBABILISTIC, Payoffs: 3, 3
2024-12-01 12:48:44,733 - Interaction: HYBRID vs PROBABILISTIC, Payoffs: 0, 5
2024-12-01 12:48:44,735 - Interaction: PROBABILISTIC vs DEFECTOR, Payoffs: 0, 5
2024-12-01 12:48:44,735 - Interaction: PROBABILISTIC vs COOPERATOR, Payoffs: 3, 3
2024-12-01 12:48:44,737 - Interaction: COOPERATOR vs COOPERATOR, Payoffs: 3, 3
2024-12-01 12:48:44,741 - Interaction: PROBABILISTIC vs COOPERATOR, Payoffs: 3, 3
2024-12-01 12:48:44,744 - Interaction: COOPERATOR vs PROBABILISTIC, Payoffs: 3, 3
2024-12-01 12:48:44,745 - Interaction: PROBABILISTIC vs TEMPORAL, Payoffs: 0, 5
2024-12-01 12:48:44,745 - Interaction: PROBABILISTIC vs PROBABILISTIC, Payoffs: 3, 3
2024-12-01 12:48:44,746 - Interaction: COOPERATOR vs PROBABILISTIC, Payoffs: 3, 3
2024-12-01 12:48:44,749 - Interaction: PROBABILISTIC vs COOPERATOR, Payoffs: 3, 3
2024-12-01 12:48:44,749 - Interaction: COOPERATOR vs PROBABILISTIC, Payoffs: 3, 3
2024-12-01 12:48:44,759 - Interaction: PROBABILISTIC vs HYBRID, Payoffs: 3, 3
2024-12-01 12:48:44,759 - Interaction: PROBABILISTIC vs PROBABILISTIC, Payoffs: 3, 3
2024-12-01 12:48:44,760 - Interaction: PROBABILISTIC vs PROBABILISTIC, Payoffs: 0, 5
2024-12-01 12:48:44,760 - Interaction: COOPERATOR vs COOPERATOR, Payoffs: 3, 3
2024-12-01 12:48:44,761 - Interaction: PROBABILISTIC vs TEMPORAL, Payoffs: 0, 5
2024-12-01 12:48:44,761 - Interaction: PROBABILISTIC vs PROBABILISTIC, Payoffs: 3, 3
2024-12-01 12:48:44,762 - Interaction: PROBABILISTIC vs HYBRID, Payoffs: 3, 3
2024-12-01 12:48:44,762 - Interaction: PROBABILISTIC vs PROBABILISTIC, Payoffs: 3, 3
2024-12-01 12:48:44,763 - Interaction: PROBABILISTIC vs PROBABILISTIC, Payoffs: 0, 5
2024-12-01 12:48:44,763 - Interaction: PROBABILISTIC vs HYBRID, Payoffs: 5, 0
2024-12-01 12:48:44,764 - Interaction: PROBABILISTIC vs PROBABILISTIC, Payoffs: 5, 0
2024-12-01 12:48:44,764 - Interaction: PROBABILISTIC vs PROBABILISTIC, Payoffs: 5, 0
2024-12-01 12:48:44,765 - Interaction: PROBABILISTIC vs HYBRID, Payoffs: 5, 0
2024-12-01 12:48:44,765 - Interaction: PROBABILISTIC vs PROBABILISTIC, Payoffs: 5, 0
2024-12-01 12:48:44,765 - Interaction: PROBABILISTIC vs PROBABILISTIC, Payoffs: 1, 1
2024-12-01 12:48:45,108 - Agents count: 67
2024-12-01 12:48:45,153 - Interaction: DEFECTOR vs PROBABILISTIC, Payoffs: 5, 0
2024-12-01 12:48:45,154 - Interaction: TEMPORAL vs PROBABILISTIC, Payoffs: 5, 0
2024-12-01 12:48:45,155 - Interaction: TEMPORAL vs PROBABILISTIC, Payoffs: 5, 0
2024-12-01 12:48:45,159 - Interaction: HYBRID vs PROBABILISTIC, Payoffs: 3, 3
2024-12-01 12:48:45,159 - Interaction: HYBRID vs PROBABILISTIC, Payoffs: 3, 3
2024-12-01 12:48:45,159 - Interaction: HYBRID vs PROBABILISTIC, Payoffs: 0, 5
2024-12-01 12:48:45,161 - Interaction: HYBRID vs PROBABILISTIC, Payoffs: 0, 5
2024-12-01 12:48:45,162 - Interaction: PROBABILISTIC vs DEFECTOR, Payoffs: 0, 5
2024-12-01 12:48:45,163 - Interaction: PROBABILISTIC vs COOPERATOR, Payoffs: 3, 3
2024-12-01 12:48:45,165 - Interaction: COOPERATOR vs COOPERATOR, Payoffs: 3, 3
2024-12-01 12:48:45,171 - Interaction: PROBABILISTIC vs COOPERATOR, Payoffs: 3, 3
2024-12-01 12:48:45,174 - Interaction: COOPERATOR vs PROBABILISTIC, Payoffs: 3, 3
2024-12-01 12:48:45,176 - Interaction: PROBABILISTIC vs TEMPORAL, Payoffs: 0, 5
2024-12-01 12:48:45,176 - Interaction: PROBABILISTIC vs PROBABILISTIC, Payoffs: 3, 3
2024-12-01 12:48:45,181 - Interaction: COOPERATOR vs PROBABILISTIC, Payoffs: 3, 3
2024-12-01 12:48:45,193 - Interaction: PROBABILISTIC vs HYBRID, Payoffs: 3, 3
2024-12-01 12:48:45,193 - Interaction: PROBABILISTIC vs PROBABILISTIC, Payoffs: 3, 3
2024-12-01 12:48:45,193 - Interaction: PROBABILISTIC vs PROBABILISTIC, Payoffs: 0, 5
2024-12-01 12:48:45,195 - Interaction: COOPERATOR vs COOPERATOR, Payoffs: 3, 3
2024-12-01 12:48:45,197 - Interaction: PROBABILISTIC vs TEMPORAL, Payoffs: 0, 5
2024-12-01 12:48:45,199 - Interaction: PROBABILISTIC vs PROBABILISTIC, Payoffs: 3, 3
2024-12-01 12:48:45,199 - Interaction: PROBABILISTIC vs HYBRID, Payoffs: 3, 3
2024-12-01 12:48:45,200 - Interaction: PROBABILISTIC vs PROBABILISTIC, Payoffs: 3, 3
2024-12-01 12:48:45,200 - Interaction: PROBABILISTIC vs PROBABILISTIC, Payoffs: 0, 5
2024-12-01 12:48:45,200 - Interaction: PROBABILISTIC vs PROBABILISTIC, Payoffs: 0, 5
2024-12-01 12:48:45,201 - Interaction: PROBABILISTIC vs HYBRID, Payoffs: 5, 0
2024-12-01 12:48:45,202 - Interaction: PROBABILISTIC vs PROBABILISTIC, Payoffs: 5, 0
2024-12-01 12:48:45,202 - Interaction: PROBABILISTIC vs PROBABILISTIC, Payoffs: 5, 0
2024-12-01 12:48:45,202 - Interaction: PROBABILISTIC vs PROBABILISTIC, Payoffs: 1, 1
2024-12-01 12:48:45,203 - Interaction: PROBABILISTIC vs HYBRID, Payoffs: 5, 0
2024-12-01 12:48:45,203 - Interaction: PROBABILISTIC vs PROBABILISTIC, Payoffs: 5, 0
2024-12-01 12:48:45,204 - Interaction: PROBABILISTIC vs PROBABILISTIC, Payoffs: 1, 1
2024-12-01 12:48:45,204 - Agents count: 67
2024-12-01 12:48:45,256 - Interaction: DEFECTOR vs PROBABILISTIC, Payoffs: 1, 1
2024-12-01 12:48:45,257 - Interaction: TEMPORAL vs PROBABILISTIC, Payoffs: 5, 0
2024-12-01 12:48:45,257 - Interaction: TEMPORAL vs PROBABILISTIC, Payoffs: 5, 0
2024-12-01 12:48:45,264 - Interaction: HYBRID vs PROBABILISTIC, Payoffs: 3, 3
2024-12-01 12:48:45,265 - New agent spawned with strategy: PROBABILISTIC
2024-12-01 12:48:45,265 - Interaction: HYBRID vs PROBABILISTIC, Payoffs: 0, 5
2024-12-01 12:48:45,266 - Interaction: HYBRID vs PROBABILISTIC, Payoffs: 0, 5
2024-12-01 12:48:45,266 - Interaction: HYBRID vs PROBABILISTIC, Payoffs: 3, 3
2024-12-01 12:48:45,267 - Interaction: PROBABILISTIC vs DEFECTOR, Payoffs: 1, 1
2024-12-01 12:48:45,269 - Interaction: PROBABILISTIC vs COOPERATOR, Payoffs: 3, 3
2024-12-01 12:48:45,271 - Interaction: COOPERATOR vs COOPERATOR, Payoffs: 3, 3
2024-12-01 12:48:45,276 - Interaction: PROBABILISTIC vs COOPERATOR, Payoffs: 3, 3
2024-12-01 12:48:45,279 - Interaction: COOPERATOR vs COOPERATOR, Payoffs: 3, 3
2024-12-01 12:48:45,282 - Interaction: COOPERATOR vs PROBABILISTIC, Payoffs: 3, 3
2024-12-01 12:48:45,284 - Interaction: PROBABILISTIC vs TEMPORAL, Payoffs: 0, 5
2024-12-01 12:48:45,284 - Interaction: PROBABILISTIC vs PROBABILISTIC, Payoffs: 3, 3
2024-12-01 12:48:45,289 - Interaction: COOPERATOR vs PROBABILISTIC, Payoffs: 3, 3
2024-12-01 12:48:45,290 - Interaction: COOPERATOR vs COOPERATOR, Payoffs: 3, 3
2024-12-01 12:48:45,300 - Interaction: PROBABILISTIC vs HYBRID, Payoffs: 3, 3
2024-12-01 12:48:45,301 - Interaction: PROBABILISTIC vs PROBABILISTIC, Payoffs: 3, 3
2024-12-01 12:48:45,301 - Interaction: PROBABILISTIC vs PROBABILISTIC, Payoffs: 0, 5
2024-12-01 12:48:45,302 - Interaction: COOPERATOR vs COOPERATOR, Payoffs: 3, 3
2024-12-01 12:48:45,303 - Interaction: PROBABILISTIC vs TEMPORAL, Payoffs: 0, 5
2024-12-01 12:48:45,304 - Interaction: PROBABILISTIC vs PROBABILISTIC, Payoffs: 3, 3
2024-12-01 12:48:45,304 - Interaction: PROBABILISTIC vs HYBRID, Payoffs: 3, 3
2024-12-01 12:48:45,305 - Interaction: PROBABILISTIC vs PROBABILISTIC, Payoffs: 0, 5
2024-12-01 12:48:45,305 - Interaction: PROBABILISTIC vs PROBABILISTIC, Payoffs: 0, 5
2024-12-01 12:48:45,306 - Interaction: PROBABILISTIC vs PROBABILISTIC, Payoffs: 3, 3
2024-12-01 12:48:45,307 - Interaction: PROBABILISTIC vs HYBRID, Payoffs: 5, 0
2024-12-01 12:48:45,307 - Interaction: PROBABILISTIC vs PROBABILISTIC, Payoffs: 5, 0
2024-12-01 12:48:45,307 - Interaction: PROBABILISTIC vs PROBABILISTIC, Payoffs: 1, 1
2024-12-01 12:48:45,307 - Interaction: PROBABILISTIC vs PROBABILISTIC, Payoffs: 5, 0
2024-12-01 12:48:45,309 - Interaction: PROBABILISTIC vs HYBRID, Payoffs: 5, 0
2024-12-01 12:48:45,309 - Interaction: PROBABILISTIC vs PROBABILISTIC, Payoffs: 5, 0
2024-12-01 12:48:45,309 - Interaction: PROBABILISTIC vs PROBABILISTIC, Payoffs: 1, 1
2024-12-01 12:48:45,310 - Interaction: PROBABILISTIC vs HYBRID, Payoffs: 5, 0
2024-12-01 12:48:45,310 - Interaction: PROBABILISTIC vs PROBABILISTIC, Payoffs: 5, 0
2024-12-01 12:48:45,310 - Interaction: PROBABILISTIC vs PROBABILISTIC, Payoffs: 1, 1
2024-12-01 12:48:45,311 - Interaction: PROBABILISTIC vs PROBABILISTIC, Payoffs: 1, 1
2024-12-01 12:48:45,632 - Agents count: 68
2024-12-01 12:48:45,673 - Interaction: DEFECTOR vs PROBABILISTIC, Payoffs: 1, 1
2024-12-01 12:48:45,674 - Interaction: TEMPORAL vs PROBABILISTIC, Payoffs: 5, 0
2024-12-01 12:48:45,674 - Interaction: TEMPORAL vs PROBABILISTIC, Payoffs: 5, 0
2024-12-01 12:48:45,677 - Interaction: HYBRID vs PROBABILISTIC, Payoffs: 3, 3
2024-12-01 12:48:45,677 - Interaction: HYBRID vs PROBABILISTIC, Payoffs: 0, 5
2024-12-01 12:48:45,677 - Interaction: HYBRID vs PROBABILISTIC, Payoffs: 0, 5
2024-12-01 12:48:45,678 - Interaction: HYBRID vs PROBABILISTIC, Payoffs: 0, 5
2024-12-01 12:48:45,679 - Interaction: PROBABILISTIC vs DEFECTOR, Payoffs: 1, 1
2024-12-01 12:48:45,680 - Interaction: PROBABILISTIC vs COOPERATOR, Payoffs: 3, 3
2024-12-01 12:48:45,682 - Interaction: COOPERATOR vs COOPERATOR, Payoffs: 3, 3
2024-12-01 12:48:45,688 - Interaction: COOPERATOR vs COOPERATOR, Payoffs: 3, 3
2024-12-01 12:48:45,690 - Interaction: PROBABILISTIC vs TEMPORAL, Payoffs: 0, 5
2024-12-01 12:48:45,691 - Interaction: PROBABILISTIC vs PROBABILISTIC, Payoffs: 3, 3
2024-12-01 12:48:45,694 - Interaction: COOPERATOR vs PROBABILISTIC, Payoffs: 3, 3
2024-12-01 12:48:45,695 - Interaction: COOPERATOR vs COOPERATOR, Payoffs: 3, 3
2024-12-01 12:48:45,703 - Interaction: PROBABILISTIC vs PROBABILISTIC, Payoffs: 3, 3
2024-12-01 12:48:45,704 - Interaction: COOPERATOR vs COOPERATOR, Payoffs: 3, 3
2024-12-01 12:48:45,705 - Interaction: PROBABILISTIC vs TEMPORAL, Payoffs: 0, 5
2024-12-01 12:48:45,705 - Interaction: PROBABILISTIC vs PROBABILISTIC, Payoffs: 3, 3
2024-12-01 12:48:45,706 - Interaction: PROBABILISTIC vs HYBRID, Payoffs: 3, 3
2024-12-01 12:48:45,706 - Interaction: PROBABILISTIC vs PROBABILISTIC, Payoffs: 0, 5
2024-12-01 12:48:45,707 - Interaction: PROBABILISTIC vs PROBABILISTIC, Payoffs: 0, 5
2024-12-01 12:48:45,707 - Interaction: PROBABILISTIC vs PROBABILISTIC, Payoffs: 3, 3
2024-12-01 12:48:45,707 - Interaction: PROBABILISTIC vs HYBRID, Payoffs: 5, 0
2024-12-01 12:48:45,707 - Interaction: PROBABILISTIC vs PROBABILISTIC, Payoffs: 0, 5
2024-12-01 12:48:45,707 - Interaction: PROBABILISTIC vs PROBABILISTIC, Payoffs: 0, 5
2024-12-01 12:48:45,708 - Interaction: PROBABILISTIC vs HYBRID, Payoffs: 5, 0
2024-12-01 12:48:45,708 - Interaction: PROBABILISTIC vs PROBABILISTIC, Payoffs: 5, 0
2024-12-01 12:48:45,708 - Interaction: PROBABILISTIC vs PROBABILISTIC, Payoffs: 5, 0
2024-12-01 12:48:45,708 - Interaction: PROBABILISTIC vs PROBABILISTIC, Payoffs: 1, 1
2024-12-01 12:48:45,709 - Interaction: PROBABILISTIC vs HYBRID, Payoffs: 5, 0
2024-12-01 12:48:45,709 - Interaction: PROBABILISTIC vs PROBABILISTIC, Payoffs: 5, 0
2024-12-01 12:48:45,709 - Interaction: PROBABILISTIC vs PROBABILISTIC, Payoffs: 5, 0
2024-12-01 12:48:45,711 - Interaction: PROBABILISTIC vs PROBABILISTIC, Payoffs: 1, 1
2024-12-01 12:48:45,711 - Agents count: 68
2024-12-01 12:48:45,754 - Interaction: DEFECTOR vs PROBABILISTIC, Payoffs: 1, 1
2024-12-01 12:48:45,755 - Interaction: TEMPORAL vs PROBABILISTIC, Payoffs: 5, 0
2024-12-01 12:48:45,758 - Interaction: HYBRID vs PROBABILISTIC, Payoffs: 3, 3
2024-12-01 12:48:45,758 - Interaction: HYBRID vs PROBABILISTIC, Payoffs: 3, 3
2024-12-01 12:48:45,759 - Interaction: HYBRID vs PROBABILISTIC, Payoffs: 0, 5
2024-12-01 12:48:45,759 - Interaction: HYBRID vs PROBABILISTIC, Payoffs: 0, 5
2024-12-01 12:48:45,760 - Interaction: PROBABILISTIC vs DEFECTOR, Payoffs: 1, 1
2024-12-01 12:48:45,760 - Interaction: PROBABILISTIC vs COOPERATOR, Payoffs: 3, 3
2024-12-01 12:48:45,762 - Interaction: COOPERATOR vs COOPERATOR, Payoffs: 3, 3
2024-12-01 12:48:45,767 - Interaction: COOPERATOR vs COOPERATOR, Payoffs: 3, 3
2024-12-01 12:48:45,767 - New agent spawned with strategy: COOPERATOR
2024-12-01 12:48:45,770 - Interaction: PROBABILISTIC vs TEMPORAL, Payoffs: 0, 5
2024-12-01 12:48:45,773 - Interaction: COOPERATOR vs PROBABILISTIC, Payoffs: 3, 3
2024-12-01 12:48:45,774 - Interaction: COOPERATOR vs COOPERATOR, Payoffs: 3, 3
2024-12-01 12:48:45,784 - Interaction: COOPERATOR vs COOPERATOR, Payoffs: 3, 3
2024-12-01 12:48:45,786 - Interaction: PROBABILISTIC vs HYBRID, Payoffs: 3, 3
2024-12-01 12:48:45,787 - Interaction: PROBABILISTIC vs PROBABILISTIC, Payoffs: 0, 5
2024-12-01 12:48:45,787 - Interaction: PROBABILISTIC vs PROBABILISTIC, Payoffs: 0, 5
2024-12-01 12:48:45,788 - Interaction: PROBABILISTIC vs HYBRID, Payoffs: 3, 3
2024-12-01 12:48:45,788 - Interaction: PROBABILISTIC vs PROBABILISTIC, Payoffs: 0, 5
2024-12-01 12:48:45,789 - Interaction: PROBABILISTIC vs HYBRID, Payoffs: 5, 0
2024-12-01 12:48:45,789 - Interaction: PROBABILISTIC vs PROBABILISTIC, Payoffs: 5, 0
2024-12-01 12:48:45,789 - Interaction: PROBABILISTIC vs PROBABILISTIC, Payoffs: 1, 1
2024-12-01 12:48:45,790 - Interaction: PROBABILISTIC vs HYBRID, Payoffs: 5, 0
2024-12-01 12:48:45,790 - Interaction: PROBABILISTIC vs PROBABILISTIC, Payoffs: 5, 0
2024-12-01 12:48:45,790 - Interaction: PROBABILISTIC vs PROBABILISTIC, Payoffs: 5, 0
2024-12-01 12:48:45,790 - Interaction: PROBABILISTIC vs PROBABILISTIC, Payoffs: 1, 1
2024-12-01 12:48:45,791 - Interaction: COOPERATOR vs COOPERATOR, Payoffs: 3, 3
2024-12-01 12:48:45,792 - Interaction: COOPERATOR vs COOPERATOR, Payoffs: 3, 3
2024-12-01 12:48:45,792 - Agents count: 69
2024-12-01 12:48:45,842 - Interaction: TEMPORAL vs PROBABILISTIC, Payoffs: 5, 0
2024-12-01 12:48:45,849 - Interaction: HYBRID vs PROBABILISTIC, Payoffs: 3, 3
2024-12-01 12:48:45,849 - Interaction: HYBRID vs PROBABILISTIC, Payoffs: 3, 3
2024-12-01 12:48:45,849 - Interaction: HYBRID vs PROBABILISTIC, Payoffs: 0, 5
2024-12-01 12:48:45,851 - Interaction: HYBRID vs PROBABILISTIC, Payoffs: 0, 5
2024-12-01 12:48:45,855 - Interaction: COOPERATOR vs COOPERATOR, Payoffs: 3, 3
2024-12-01 12:48:45,862 - Interaction: COOPERATOR vs COOPERATOR, Payoffs: 3, 3
2024-12-01 12:48:45,862 - Interaction: COOPERATOR vs COOPERATOR, Payoffs: 3, 3
2024-12-01 12:48:45,866 - Interaction: PROBABILISTIC vs TEMPORAL, Payoffs: 0, 5
2024-12-01 12:48:45,875 - Interaction: COOPERATOR vs COOPERATOR, Payoffs: 3, 3
2024-12-01 12:48:45,876 - Interaction: COOPERATOR vs COOPERATOR, Payoffs: 3, 3
2024-12-01 12:48:45,900 - Interaction: COOPERATOR vs COOPERATOR, Payoffs: 3, 3
2024-12-01 12:48:45,904 - Interaction: PROBABILISTIC vs HYBRID, Payoffs: 3, 3
2024-12-01 12:48:45,905 - Interaction: PROBABILISTIC vs PROBABILISTIC, Payoffs: 0, 5
2024-12-01 12:48:45,907 - Interaction: PROBABILISTIC vs HYBRID, Payoffs: 3, 3
2024-12-01 12:48:45,907 - Interaction: PROBABILISTIC vs PROBABILISTIC, Payoffs: 0, 5
2024-12-01 12:48:45,910 - Interaction: PROBABILISTIC vs HYBRID, Payoffs: 5, 0
2024-12-01 12:48:45,911 - Interaction: PROBABILISTIC vs HYBRID, Payoffs: 5, 0
2024-12-01 12:48:45,912 - Interaction: PROBABILISTIC vs PROBABILISTIC, Payoffs: 3, 3
2024-12-01 12:48:45,912 - Interaction: PROBABILISTIC vs PROBABILISTIC, Payoffs: 3, 3
2024-12-01 12:48:45,916 - Interaction: COOPERATOR vs COOPERATOR, Payoffs: 3, 3
2024-12-01 12:48:45,917 - Interaction: COOPERATOR vs COOPERATOR, Payoffs: 3, 3
2024-12-01 12:48:46,635 - Agents count: 69
2024-12-01 12:48:46,701 - Interaction: TEMPORAL vs PROBABILISTIC, Payoffs: 3, 3
2024-12-01 12:48:46,701 - New agent spawned with strategy: PROBABILISTIC
2024-12-01 12:48:46,707 - Interaction: HYBRID vs PROBABILISTIC, Payoffs: 3, 3
2024-12-01 12:48:46,709 - Interaction: HYBRID vs PROBABILISTIC, Payoffs: 3, 3
2024-12-01 12:48:46,709 - Interaction: HYBRID vs PROBABILISTIC, Payoffs: 3, 3
2024-12-01 12:48:46,715 - Interaction: COOPERATOR vs COOPERATOR, Payoffs: 3, 3
2024-12-01 12:48:46,724 - Interaction: COOPERATOR vs COOPERATOR, Payoffs: 3, 3
2024-12-01 12:48:46,724 - Interaction: COOPERATOR vs COOPERATOR, Payoffs: 3, 3
2024-12-01 12:48:46,727 - Interaction: PROBABILISTIC vs TEMPORAL, Payoffs: 3, 3
2024-12-01 12:48:46,736 - Interaction: COOPERATOR vs COOPERATOR, Payoffs: 3, 3
2024-12-01 12:48:46,736 - Interaction: COOPERATOR vs COOPERATOR, Payoffs: 3, 3
2024-12-01 12:48:46,751 - Interaction: COOPERATOR vs COOPERATOR, Payoffs: 3, 3
2024-12-01 12:48:46,754 - Interaction: PROBABILISTIC vs HYBRID, Payoffs: 3, 3
2024-12-01 12:48:46,755 - Interaction: PROBABILISTIC vs HYBRID, Payoffs: 3, 3
2024-12-01 12:48:46,756 - Interaction: PROBABILISTIC vs PROBABILISTIC, Payoffs: 3, 3
2024-12-01 12:48:46,757 - Interaction: PROBABILISTIC vs HYBRID, Payoffs: 3, 3
2024-12-01 12:48:46,759 - Interaction: PROBABILISTIC vs PROBABILISTIC, Payoffs: 3, 3
2024-12-01 12:48:46,759 - Interaction: COOPERATOR vs COOPERATOR, Payoffs: 3, 3
2024-12-01 12:48:46,760 - Interaction: COOPERATOR vs COOPERATOR, Payoffs: 3, 3
2024-12-01 12:48:46,761 - Interaction: PROBABILISTIC vs TEMPORAL, Payoffs: 5, 0
2024-12-01 12:48:46,762 - Interaction: PROBABILISTIC vs PROBABILISTIC, Payoffs: 5, 0
2024-12-01 12:48:47,442 - Agents count: 70
2024-12-01 12:48:47,489 - Interaction: TEMPORAL vs PROBABILISTIC, Payoffs: 0, 5
2024-12-01 12:48:47,490 - Interaction: TEMPORAL vs PROBABILISTIC, Payoffs: 3, 3
2024-12-01 12:48:47,490 - New agent spawned with strategy: PROBABILISTIC
2024-12-01 12:48:47,492 - Interaction: DEFECTOR vs PROBABILISTIC, Payoffs: 1, 1
2024-12-01 12:48:47,492 - Interaction: HYBRID vs PROBABILISTIC, Payoffs: 0, 5
2024-12-01 12:48:47,493 - Interaction: HYBRID vs PROBABILISTIC, Payoffs: 3, 3
2024-12-01 12:48:47,493 - Interaction: HYBRID vs PROBABILISTIC, Payoffs: 3, 3
2024-12-01 12:48:47,494 - Interaction: COOPERATOR vs COOPERATOR, Payoffs: 3, 3
2024-12-01 12:48:47,497 - Interaction: PROBABILISTIC vs DEFECTOR, Payoffs: 1, 1
2024-12-01 12:48:47,499 - Interaction: COOPERATOR vs COOPERATOR, Payoffs: 3, 3
2024-12-01 12:48:47,499 - Interaction: COOPERATOR vs COOPERATOR, Payoffs: 3, 3
2024-12-01 12:48:47,501 - Interaction: PROBABILISTIC vs PROBABILISTIC, Payoffs: 0, 5
2024-12-01 12:48:47,505 - Interaction: COOPERATOR vs COOPERATOR, Payoffs: 3, 3
2024-12-01 12:48:47,505 - Interaction: COOPERATOR vs COOPERATOR, Payoffs: 3, 3
2024-12-01 12:48:47,516 - Interaction: COOPERATOR vs COOPERATOR, Payoffs: 3, 3
2024-12-01 12:48:47,517 - Interaction: PROBABILISTIC vs HYBRID, Payoffs: 5, 0
2024-12-01 12:48:47,518 - Interaction: PROBABILISTIC vs TEMPORAL, Payoffs: 3, 3
2024-12-01 12:48:47,518 - Interaction: PROBABILISTIC vs HYBRID, Payoffs: 3, 3
2024-12-01 12:48:47,519 - Interaction: PROBABILISTIC vs PROBABILISTIC, Payoffs: 3, 3
2024-12-01 12:48:47,520 - Interaction: PROBABILISTIC vs HYBRID, Payoffs: 3, 3
2024-12-01 12:48:47,520 - Interaction: PROBABILISTIC vs PROBABILISTIC, Payoffs: 3, 3
2024-12-01 12:48:47,520 - Interaction: COOPERATOR vs COOPERATOR, Payoffs: 3, 3
2024-12-01 12:48:47,521 - Interaction: COOPERATOR vs COOPERATOR, Payoffs: 3, 3
2024-12-01 12:48:47,521 - Interaction: PROBABILISTIC vs TEMPORAL, Payoffs: 5, 0
2024-12-01 12:48:47,522 - Interaction: PROBABILISTIC vs PROBABILISTIC, Payoffs: 5, 0
2024-12-01 12:48:47,523 - Interaction: PROBABILISTIC vs TEMPORAL, Payoffs: 3, 3
2024-12-01 12:48:47,523 - Interaction: PROBABILISTIC vs HYBRID, Payoffs: 3, 3
2024-12-01 12:48:47,523 - Interaction: PROBABILISTIC vs PROBABILISTIC, Payoffs: 3, 3
2024-12-01 12:48:47,523 - Interaction: PROBABILISTIC vs PROBABILISTIC, Payoffs: 3, 3
2024-12-01 12:48:47,807 - Agents count: 71
2024-12-01 12:48:47,850 - Interaction: TEMPORAL vs PROBABILISTIC, Payoffs: 0, 5
2024-12-01 12:48:47,851 - Interaction: TEMPORAL vs PROBABILISTIC, Payoffs: 3, 3
2024-12-01 12:48:47,851 - Interaction: TEMPORAL vs PROBABILISTIC, Payoffs: 3, 3
2024-12-01 12:48:47,852 - Interaction: TEMPORAL vs COOPERATOR, Payoffs: 5, 0
2024-12-01 12:48:47,855 - Interaction: DEFECTOR vs PROBABILISTIC, Payoffs: 1, 1
2024-12-01 12:48:47,856 - Interaction: HYBRID vs PROBABILISTIC, Payoffs: 3, 3
2024-12-01 12:48:47,856 - Interaction: HYBRID vs PROBABILISTIC, Payoffs: 3, 3
2024-12-01 12:48:47,857 - Interaction: HYBRID vs PROBABILISTIC, Payoffs: 3, 3
2024-12-01 12:48:47,865 - Interaction: PROBABILISTIC vs DEFECTOR, Payoffs: 1, 1
2024-12-01 12:48:47,869 - Interaction: COOPERATOR vs COOPERATOR, Payoffs: 3, 3
2024-12-01 12:48:47,869 - Interaction: COOPERATOR vs COOPERATOR, Payoffs: 3, 3
2024-12-01 12:48:47,871 - Interaction: PROBABILISTIC vs PROBABILISTIC, Payoffs: 0, 5
2024-12-01 12:48:47,879 - Interaction: COOPERATOR vs COOPERATOR, Payoffs: 3, 3
2024-12-01 12:48:47,879 - Interaction: COOPERATOR vs COOPERATOR, Payoffs: 3, 3
2024-12-01 12:48:47,896 - Interaction: COOPERATOR vs TEMPORAL, Payoffs: 0, 5
2024-12-01 12:48:47,899 - Interaction: PROBABILISTIC vs HYBRID, Payoffs: 3, 3
2024-12-01 12:48:47,901 - Interaction: PROBABILISTIC vs TEMPORAL, Payoffs: 3, 3
2024-12-01 12:48:47,902 - Interaction: PROBABILISTIC vs PROBABILISTIC, Payoffs: 3, 3
2024-12-01 12:48:47,902 - Interaction: PROBABILISTIC vs PROBABILISTIC, Payoffs: 3, 3
2024-12-01 12:48:47,906 - Interaction: PROBABILISTIC vs HYBRID, Payoffs: 3, 3
2024-12-01 12:48:47,907 - Interaction: PROBABILISTIC vs PROBABILISTIC, Payoffs: 3, 3
2024-12-01 12:48:47,907 - Interaction: PROBABILISTIC vs PROBABILISTIC, Payoffs: 3, 3
2024-12-01 12:48:47,910 - Interaction: COOPERATOR vs COOPERATOR, Payoffs: 3, 3
2024-12-01 12:48:47,910 - Interaction: COOPERATOR vs COOPERATOR, Payoffs: 3, 3
2024-12-01 12:48:47,913 - Interaction: PROBABILISTIC vs TEMPORAL, Payoffs: 5, 0
2024-12-01 12:48:47,914 - Interaction: PROBABILISTIC vs PROBABILISTIC, Payoffs: 5, 0
2024-12-01 12:48:47,916 - Interaction: PROBABILISTIC vs TEMPORAL, Payoffs: 3, 3
2024-12-01 12:48:47,917 - Interaction: PROBABILISTIC vs HYBRID, Payoffs: 3, 3
2024-12-01 12:48:47,917 - Interaction: PROBABILISTIC vs PROBABILISTIC, Payoffs: 3, 3
2024-12-01 12:48:47,917 - Interaction: PROBABILISTIC vs PROBABILISTIC, Payoffs: 3, 3
2024-12-01 12:48:47,919 - Agents count: 71
2024-12-01 12:48:47,985 - Interaction: TEMPORAL vs PROBABILISTIC, Payoffs: 0, 5
2024-12-01 12:48:47,986 - Interaction: TEMPORAL vs PROBABILISTIC, Payoffs: 3, 3
2024-12-01 12:48:47,987 - Interaction: TEMPORAL vs COOPERATOR, Payoffs: 5, 0
2024-12-01 12:48:47,990 - Interaction: DEFECTOR vs PROBABILISTIC, Payoffs: 1, 1
2024-12-01 12:48:47,991 - Interaction: HYBRID vs PROBABILISTIC, Payoffs: 3, 3
2024-12-01 12:48:47,992 - New agent spawned with strategy: PROBABILISTIC
2024-12-01 12:48:47,992 - Interaction: HYBRID vs PROBABILISTIC, Payoffs: 3, 3
2024-12-01 12:48:47,999 - Interaction: PROBABILISTIC vs DEFECTOR, Payoffs: 1, 1
2024-12-01 12:48:48,002 - Interaction: COOPERATOR vs COOPERATOR, Payoffs: 3, 3
2024-12-01 12:48:48,004 - Interaction: PROBABILISTIC vs PROBABILISTIC, Payoffs: 0, 5
2024-12-01 12:48:48,009 - Interaction: COOPERATOR vs COOPERATOR, Payoffs: 3, 3
2024-12-01 12:48:48,009 - Interaction: COOPERATOR vs COOPERATOR, Payoffs: 3, 3
2024-12-01 12:48:48,015 - Interaction: PROBABILISTIC vs PROBABILISTIC, Payoffs: 3, 3
2024-12-01 12:48:48,018 - Interaction: PROBABILISTIC vs PROBABILISTIC, Payoffs: 3, 3
2024-12-01 12:48:48,019 - Interaction: COOPERATOR vs TEMPORAL, Payoffs: 0, 5
2024-12-01 12:48:48,022 - Interaction: PROBABILISTIC vs PROBABILISTIC, Payoffs: 3, 3
2024-12-01 12:48:48,022 - Interaction: PROBABILISTIC vs PROBABILISTIC, Payoffs: 3, 3
2024-12-01 12:48:48,024 - Interaction: PROBABILISTIC vs HYBRID, Payoffs: 3, 3
2024-12-01 12:48:48,024 - Interaction: PROBABILISTIC vs PROBABILISTIC, Payoffs: 3, 3
2024-12-01 12:48:48,024 - Interaction: PROBABILISTIC vs PROBABILISTIC, Payoffs: 3, 3
2024-12-01 12:48:48,025 - Interaction: COOPERATOR vs COOPERATOR, Payoffs: 3, 3
2024-12-01 12:48:48,026 - Interaction: PROBABILISTIC vs TEMPORAL, Payoffs: 5, 0
2024-12-01 12:48:48,026 - Interaction: PROBABILISTIC vs PROBABILISTIC, Payoffs: 5, 0
2024-12-01 12:48:48,027 - Interaction: PROBABILISTIC vs TEMPORAL, Payoffs: 3, 3
2024-12-01 12:48:48,027 - Interaction: PROBABILISTIC vs HYBRID, Payoffs: 3, 3
2024-12-01 12:48:48,027 - Interaction: PROBABILISTIC vs PROBABILISTIC, Payoffs: 3, 3
2024-12-01 12:48:48,028 - Interaction: PROBABILISTIC vs PROBABILISTIC, Payoffs: 3, 3
2024-12-01 12:48:48,028 - Interaction: PROBABILISTIC vs HYBRID, Payoffs: 3, 3
2024-12-01 12:48:48,029 - Interaction: PROBABILISTIC vs PROBABILISTIC, Payoffs: 3, 3
2024-12-01 12:48:48,029 - Interaction: PROBABILISTIC vs PROBABILISTIC, Payoffs: 3, 3
2024-12-01 12:48:48,029 - Interaction: PROBABILISTIC vs PROBABILISTIC, Payoffs: 3, 3
2024-12-01 12:48:48,273 - Agents count: 72
2024-12-01 12:48:48,323 - Interaction: TEMPORAL vs PROBABILISTIC, Payoffs: 3, 3
2024-12-01 12:48:48,324 - Interaction: TEMPORAL vs COOPERATOR, Payoffs: 5, 0
2024-12-01 12:48:48,325 - Interaction: DEFECTOR vs PROBABILISTIC, Payoffs: 1, 1
2024-12-01 12:48:48,326 - Interaction: HYBRID vs PROBABILISTIC, Payoffs: 3, 3
2024-12-01 12:48:48,326 - Interaction: HYBRID vs PROBABILISTIC, Payoffs: 3, 3
2024-12-01 12:48:48,331 - Interaction: PROBABILISTIC vs DEFECTOR, Payoffs: 1, 1
2024-12-01 12:48:48,333 - Interaction: COOPERATOR vs COOPERATOR, Payoffs: 3, 3
2024-12-01 12:48:48,335 - Interaction: PROBABILISTIC vs PROBABILISTIC, Payoffs: 1, 1
2024-12-01 12:48:48,338 - Interaction: COOPERATOR vs COOPERATOR, Payoffs: 3, 3
2024-12-01 12:48:48,338 - Interaction: COOPERATOR vs COOPERATOR, Payoffs: 3, 3
2024-12-01 12:48:48,341 - Interaction: PROBABILISTIC vs PROBABILISTIC, Payoffs: 3, 3
2024-12-01 12:48:48,343 - Interaction: PROBABILISTIC vs PROBABILISTIC, Payoffs: 3, 3
2024-12-01 12:48:48,344 - Interaction: COOPERATOR vs TEMPORAL, Payoffs: 0, 5
2024-12-01 12:48:48,346 - Interaction: PROBABILISTIC vs PROBABILISTIC, Payoffs: 3, 3
2024-12-01 12:48:48,347 - Interaction: PROBABILISTIC vs PROBABILISTIC, Payoffs: 3, 3
2024-12-01 12:48:48,347 - Interaction: PROBABILISTIC vs HYBRID, Payoffs: 3, 3
2024-12-01 12:48:48,349 - Interaction: PROBABILISTIC vs PROBABILISTIC, Payoffs: 3, 3
2024-12-01 12:48:48,349 - Interaction: PROBABILISTIC vs PROBABILISTIC, Payoffs: 3, 3
2024-12-01 12:48:48,349 - Interaction: COOPERATOR vs COOPERATOR, Payoffs: 3, 3
2024-12-01 12:48:48,351 - Interaction: PROBABILISTIC vs PROBABILISTIC, Payoffs: 1, 1
2024-12-01 12:48:48,351 - Interaction: PROBABILISTIC vs TEMPORAL, Payoffs: 3, 3
2024-12-01 12:48:48,352 - Interaction: PROBABILISTIC vs PROBABILISTIC, Payoffs: 3, 3
2024-12-01 12:48:48,352 - Interaction: PROBABILISTIC vs PROBABILISTIC, Payoffs: 3, 3
2024-12-01 12:48:48,352 - Interaction: PROBABILISTIC vs PROBABILISTIC, Payoffs: 3, 3
2024-12-01 12:48:48,352 - Interaction: PROBABILISTIC vs HYBRID, Payoffs: 3, 3
2024-12-01 12:48:48,352 - Interaction: PROBABILISTIC vs PROBABILISTIC, Payoffs: 3, 3
2024-12-01 12:48:48,352 - Interaction: PROBABILISTIC vs PROBABILISTIC, Payoffs: 3, 3
2024-12-01 12:48:48,352 - Interaction: PROBABILISTIC vs PROBABILISTIC, Payoffs: 3, 3
2024-12-01 12:48:48,352 - Agents count: 72
2024-12-01 12:48:48,392 - Interaction: TEMPORAL vs PROBABILISTIC, Payoffs: 3, 3
2024-12-01 12:48:48,393 - Interaction: TEMPORAL vs COOPERATOR, Payoffs: 5, 0
2024-12-01 12:48:48,395 - Interaction: DEFECTOR vs PROBABILISTIC, Payoffs: 1, 1
2024-12-01 12:48:48,396 - Interaction: HYBRID vs PROBABILISTIC, Payoffs: 3, 3
2024-12-01 12:48:48,396 - Interaction: HYBRID vs PROBABILISTIC, Payoffs: 3, 3
2024-12-01 12:48:48,401 - Interaction: PROBABILISTIC vs DEFECTOR, Payoffs: 1, 1
2024-12-01 12:48:48,403 - Interaction: COOPERATOR vs COOPERATOR, Payoffs: 3, 3
2024-12-01 12:48:48,405 - Interaction: PROBABILISTIC vs PROBABILISTIC, Payoffs: 1, 1
2024-12-01 12:48:48,409 - Interaction: COOPERATOR vs COOPERATOR, Payoffs: 3, 3
2024-12-01 12:48:48,409 - Interaction: COOPERATOR vs COOPERATOR, Payoffs: 3, 3
2024-12-01 12:48:48,410 - Interaction: COOPERATOR vs COOPERATOR, Payoffs: 3, 3
2024-12-01 12:48:48,413 - Interaction: PROBABILISTIC vs PROBABILISTIC, Payoffs: 3, 3
2024-12-01 12:48:48,418 - Interaction: PROBABILISTIC vs PROBABILISTIC, Payoffs: 3, 3
2024-12-01 12:48:48,420 - Interaction: COOPERATOR vs TEMPORAL, Payoffs: 0, 5
2024-12-01 12:48:48,420 - Interaction: COOPERATOR vs COOPERATOR, Payoffs: 3, 3
2024-12-01 12:48:48,422 - Interaction: PROBABILISTIC vs PROBABILISTIC, Payoffs: 3, 3
2024-12-01 12:48:48,423 - Interaction: PROBABILISTIC vs PROBABILISTIC, Payoffs: 3, 3
2024-12-01 12:48:48,424 - Interaction: PROBABILISTIC vs HYBRID, Payoffs: 3, 3
2024-12-01 12:48:48,424 - Interaction: PROBABILISTIC vs PROBABILISTIC, Payoffs: 3, 3
2024-12-01 12:48:48,424 - Interaction: PROBABILISTIC vs PROBABILISTIC, Payoffs: 3, 3
2024-12-01 12:48:48,425 - Interaction: COOPERATOR vs COOPERATOR, Payoffs: 3, 3
2024-12-01 12:48:48,426 - Interaction: PROBABILISTIC vs PROBABILISTIC, Payoffs: 1, 1
2024-12-01 12:48:48,426 - Interaction: PROBABILISTIC vs TEMPORAL, Payoffs: 3, 3
2024-12-01 12:48:48,427 - Interaction: PROBABILISTIC vs PROBABILISTIC, Payoffs: 3, 3
2024-12-01 12:48:48,427 - Interaction: PROBABILISTIC vs PROBABILISTIC, Payoffs: 3, 3
2024-12-01 12:48:48,427 - Interaction: PROBABILISTIC vs PROBABILISTIC, Payoffs: 3, 3
2024-12-01 12:48:48,428 - Interaction: PROBABILISTIC vs HYBRID, Payoffs: 3, 3
2024-12-01 12:48:48,428 - Interaction: PROBABILISTIC vs PROBABILISTIC, Payoffs: 3, 3
2024-12-01 12:48:48,428 - Interaction: PROBABILISTIC vs PROBABILISTIC, Payoffs: 3, 3
2024-12-01 12:48:48,429 - Interaction: PROBABILISTIC vs PROBABILISTIC, Payoffs: 3, 3
2024-12-01 12:48:48,429 - Agents count: 72
2024-12-01 12:48:48,485 - Interaction: TEMPORAL vs PROBABILISTIC, Payoffs: 3, 3
2024-12-01 12:48:48,487 - Interaction: TEMPORAL vs COOPERATOR, Payoffs: 5, 0
2024-12-01 12:48:48,493 - Interaction: DEFECTOR vs PROBABILISTIC, Payoffs: 1, 1
2024-12-01 12:48:48,495 - Interaction: HYBRID vs PROBABILISTIC, Payoffs: 3, 3
2024-12-01 12:48:48,495 - New agent spawned with strategy: PROBABILISTIC
2024-12-01 12:48:48,496 - Interaction: HYBRID vs PROBABILISTIC, Payoffs: 3, 3
2024-12-01 12:48:48,507 - Interaction: PROBABILISTIC vs DEFECTOR, Payoffs: 1, 1
2024-12-01 12:48:48,519 - Interaction: PROBABILISTIC vs PROBABILISTIC, Payoffs: 1, 1
2024-12-01 12:48:48,530 - Interaction: COOPERATOR vs COOPERATOR, Payoffs: 3, 3
2024-12-01 12:48:48,542 - Interaction: PROBABILISTIC vs PROBABILISTIC, Payoffs: 3, 3
2024-12-01 12:48:48,549 - Interaction: PROBABILISTIC vs PROBABILISTIC, Payoffs: 3, 3
2024-12-01 12:48:48,552 - Interaction: COOPERATOR vs TEMPORAL, Payoffs: 0, 5
2024-12-01 12:48:48,558 - Interaction: PROBABILISTIC vs PROBABILISTIC, Payoffs: 3, 3
2024-12-01 12:48:48,559 - Interaction: PROBABILISTIC vs PROBABILISTIC, Payoffs: 3, 3
2024-12-01 12:48:48,561 - Interaction: PROBABILISTIC vs HYBRID, Payoffs: 3, 3
2024-12-01 12:48:48,561 - Interaction: PROBABILISTIC vs PROBABILISTIC, Payoffs: 3, 3
2024-12-01 12:48:48,562 - Interaction: PROBABILISTIC vs PROBABILISTIC, Payoffs: 3, 3
2024-12-01 12:48:48,562 - Interaction: COOPERATOR vs COOPERATOR, Payoffs: 3, 3
2024-12-01 12:48:48,564 - Interaction: PROBABILISTIC vs PROBABILISTIC, Payoffs: 1, 1
2024-12-01 12:48:48,565 - Interaction: PROBABILISTIC vs TEMPORAL, Payoffs: 3, 3
2024-12-01 12:48:48,566 - Interaction: PROBABILISTIC vs PROBABILISTIC, Payoffs: 3, 3
2024-12-01 12:48:48,566 - Interaction: PROBABILISTIC vs PROBABILISTIC, Payoffs: 3, 3
2024-12-01 12:48:48,566 - Interaction: PROBABILISTIC vs PROBABILISTIC, Payoffs: 3, 3
2024-12-01 12:48:48,567 - Interaction: PROBABILISTIC vs HYBRID, Payoffs: 3, 3
2024-12-01 12:48:48,568 - Interaction: PROBABILISTIC vs PROBABILISTIC, Payoffs: 3, 3
2024-12-01 12:48:48,568 - Interaction: PROBABILISTIC vs PROBABILISTIC, Payoffs: 3, 3
2024-12-01 12:48:48,569 - Interaction: PROBABILISTIC vs PROBABILISTIC, Payoffs: 3, 3
2024-12-01 12:48:48,570 - Interaction: PROBABILISTIC vs HYBRID, Payoffs: 3, 3
2024-12-01 12:48:48,571 - Interaction: PROBABILISTIC vs PROBABILISTIC, Payoffs: 3, 3
2024-12-01 12:48:48,571 - Interaction: PROBABILISTIC vs PROBABILISTIC, Payoffs: 3, 3
2024-12-01 12:48:48,857 - Agents count: 73
2024-12-01 12:48:48,904 - Interaction: TEMPORAL vs PROBABILISTIC, Payoffs: 3, 3
2024-12-01 12:48:48,905 - Interaction: TEMPORAL vs COOPERATOR, Payoffs: 5, 0
2024-12-01 12:48:48,907 - Interaction: DEFECTOR vs PROBABILISTIC, Payoffs: 1, 1
2024-12-01 12:48:48,908 - Interaction: HYBRID vs PROBABILISTIC, Payoffs: 3, 3
2024-12-01 12:48:48,908 - Interaction: HYBRID vs PROBABILISTIC, Payoffs: 3, 3
2024-12-01 12:48:48,908 - Interaction: HYBRID vs PROBABILISTIC, Payoffs: 3, 3
2024-12-01 12:48:48,911 - Interaction: HYBRID vs PROBABILISTIC, Payoffs: 3, 3
2024-12-01 12:48:48,915 - Interaction: PROBABILISTIC vs DEFECTOR, Payoffs: 1, 1
2024-12-01 12:48:48,920 - Interaction: PROBABILISTIC vs PROBABILISTIC, Payoffs: 1, 1
2024-12-01 12:48:48,924 - Interaction: COOPERATOR vs COOPERATOR, Payoffs: 3, 3
2024-12-01 12:48:48,934 - Interaction: COOPERATOR vs TEMPORAL, Payoffs: 0, 5
2024-12-01 12:48:48,934 - Interaction: PROBABILISTIC vs HYBRID, Payoffs: 3, 3
2024-12-01 12:48:48,937 - Interaction: PROBABILISTIC vs HYBRID, Payoffs: 3, 3
2024-12-01 12:48:48,937 - Interaction: PROBABILISTIC vs PROBABILISTIC, Payoffs: 3, 3
2024-12-01 12:48:48,937 - Interaction: PROBABILISTIC vs PROBABILISTIC, Payoffs: 3, 3
2024-12-01 12:48:48,937 - Interaction: PROBABILISTIC vs PROBABILISTIC, Payoffs: 3, 3
2024-12-01 12:48:48,939 - Interaction: COOPERATOR vs COOPERATOR, Payoffs: 3, 3
2024-12-01 12:48:48,940 - Interaction: PROBABILISTIC vs PROBABILISTIC, Payoffs: 1, 1
2024-12-01 12:48:48,940 - Interaction: PROBABILISTIC vs TEMPORAL, Payoffs: 3, 3
2024-12-01 12:48:48,941 - Interaction: PROBABILISTIC vs PROBABILISTIC, Payoffs: 3, 3
2024-12-01 12:48:48,941 - Interaction: PROBABILISTIC vs PROBABILISTIC, Payoffs: 3, 3
2024-12-01 12:48:48,942 - Interaction: PROBABILISTIC vs HYBRID, Payoffs: 3, 3
2024-12-01 12:48:48,942 - Interaction: PROBABILISTIC vs PROBABILISTIC, Payoffs: 3, 3
2024-12-01 12:48:48,942 - Interaction: PROBABILISTIC vs PROBABILISTIC, Payoffs: 3, 3
2024-12-01 12:48:48,942 - Interaction: PROBABILISTIC vs PROBABILISTIC, Payoffs: 3, 3
2024-12-01 12:48:48,943 - Interaction: PROBABILISTIC vs HYBRID, Payoffs: 3, 3
2024-12-01 12:48:48,944 - Interaction: PROBABILISTIC vs PROBABILISTIC, Payoffs: 3, 3
2024-12-01 12:48:48,944 - Interaction: PROBABILISTIC vs PROBABILISTIC, Payoffs: 3, 3
2024-12-01 12:48:48,944 - Agents count: 73
2024-12-01 12:48:48,989 - Interaction: TEMPORAL vs PROBABILISTIC, Payoffs: 3, 3
2024-12-01 12:48:48,989 - Interaction: TEMPORAL vs COOPERATOR, Payoffs: 5, 0
2024-12-01 12:48:48,993 - Interaction: DEFECTOR vs PROBABILISTIC, Payoffs: 1, 1
2024-12-01 12:48:48,994 - Interaction: HYBRID vs PROBABILISTIC, Payoffs: 3, 3
2024-12-01 12:48:48,994 - Interaction: HYBRID vs PROBABILISTIC, Payoffs: 3, 3
2024-12-01 12:48:48,994 - Interaction: HYBRID vs PROBABILISTIC, Payoffs: 3, 3
2024-12-01 12:48:48,997 - Interaction: HYBRID vs PROBABILISTIC, Payoffs: 3, 3
2024-12-01 12:48:48,997 - New agent spawned with strategy: PROBABILISTIC
2024-12-01 12:48:48,998 - Interaction: COOPERATOR vs COOPERATOR, Payoffs: 3, 3
2024-12-01 12:48:49,001 - Interaction: PROBABILISTIC vs DEFECTOR, Payoffs: 1, 1
2024-12-01 12:48:49,005 - Interaction: PROBABILISTIC vs PROBABILISTIC, Payoffs: 1, 1
2024-12-01 12:48:49,010 - Interaction: COOPERATOR vs COOPERATOR, Payoffs: 3, 3
2024-12-01 12:48:49,021 - Interaction: COOPERATOR vs TEMPORAL, Payoffs: 0, 5
2024-12-01 12:48:49,022 - Interaction: PROBABILISTIC vs HYBRID, Payoffs: 3, 3
2024-12-01 12:48:49,025 - Interaction: PROBABILISTIC vs HYBRID, Payoffs: 3, 3
2024-12-01 12:48:49,025 - Interaction: PROBABILISTIC vs PROBABILISTIC, Payoffs: 3, 3
2024-12-01 12:48:49,025 - Interaction: PROBABILISTIC vs PROBABILISTIC, Payoffs: 3, 3
2024-12-01 12:48:49,026 - Interaction: PROBABILISTIC vs PROBABILISTIC, Payoffs: 3, 3
2024-12-01 12:48:49,027 - Interaction: PROBABILISTIC vs PROBABILISTIC, Payoffs: 1, 1
2024-12-01 12:48:49,027 - Interaction: PROBABILISTIC vs TEMPORAL, Payoffs: 3, 3
2024-12-01 12:48:49,029 - Interaction: PROBABILISTIC vs PROBABILISTIC, Payoffs: 3, 3
2024-12-01 12:48:49,029 - Interaction: PROBABILISTIC vs HYBRID, Payoffs: 3, 3
2024-12-01 12:48:49,029 - Interaction: PROBABILISTIC vs PROBABILISTIC, Payoffs: 3, 3
2024-12-01 12:48:49,030 - Interaction: PROBABILISTIC vs PROBABILISTIC, Payoffs: 3, 3
2024-12-01 12:48:49,031 - Interaction: PROBABILISTIC vs HYBRID, Payoffs: 3, 3
2024-12-01 12:48:49,031 - Interaction: PROBABILISTIC vs PROBABILISTIC, Payoffs: 3, 3
2024-12-01 12:48:49,031 - Interaction: PROBABILISTIC vs PROBABILISTIC, Payoffs: 3, 3
2024-12-01 12:48:49,032 - Interaction: PROBABILISTIC vs HYBRID, Payoffs: 5, 0
2024-12-01 12:48:49,032 - Interaction: PROBABILISTIC vs PROBABILISTIC, Payoffs: 5, 0
2024-12-01 12:48:49,032 - Interaction: PROBABILISTIC vs COOPERATOR, Payoffs: 5, 0
2024-12-01 12:48:49,033 - Agents count: 74
2024-12-01 12:48:49,080 - Interaction: TEMPORAL vs PROBABILISTIC, Payoffs: 3, 3
2024-12-01 12:48:49,082 - Interaction: TEMPORAL vs COOPERATOR, Payoffs: 5, 0
2024-12-01 12:48:49,085 - Interaction: DEFECTOR vs PROBABILISTIC, Payoffs: 1, 1
2024-12-01 12:48:49,086 - Interaction: HYBRID vs PROBABILISTIC, Payoffs: 3, 3
2024-12-01 12:48:49,086 - Interaction: HYBRID vs PROBABILISTIC, Payoffs: 3, 3
2024-12-01 12:48:49,089 - Interaction: HYBRID vs PROBABILISTIC, Payoffs: 3, 3
2024-12-01 12:48:49,089 - Interaction: HYBRID vs PROBABILISTIC, Payoffs: 0, 5
2024-12-01 12:48:49,090 - Interaction: COOPERATOR vs COOPERATOR, Payoffs: 3, 3
2024-12-01 12:48:49,092 - Interaction: PROBABILISTIC vs DEFECTOR, Payoffs: 1, 1
2024-12-01 12:48:49,097 - Interaction: COOPERATOR vs PROBABILISTIC, Payoffs: 0, 5
2024-12-01 12:48:49,097 - Interaction: PROBABILISTIC vs PROBABILISTIC, Payoffs: 1, 1
2024-12-01 12:48:49,104 - Interaction: COOPERATOR vs COOPERATOR, Payoffs: 3, 3
2024-12-01 12:48:49,111 - Interaction: COOPERATOR vs TEMPORAL, Payoffs: 0, 5
2024-12-01 12:48:49,112 - Interaction: PROBABILISTIC vs HYBRID, Payoffs: 3, 3
2024-12-01 12:48:49,112 - Interaction: PROBABILISTIC vs PROBABILISTIC, Payoffs: 0, 5
2024-12-01 12:48:49,116 - Interaction: PROBABILISTIC vs PROBABILISTIC, Payoffs: 3, 3
2024-12-01 12:48:49,117 - Interaction: PROBABILISTIC vs PROBABILISTIC, Payoffs: 3, 3
2024-12-01 12:48:49,117 - Interaction: PROBABILISTIC vs PROBABILISTIC, Payoffs: 3, 3
2024-12-01 12:48:49,118 - Interaction: PROBABILISTIC vs PROBABILISTIC, Payoffs: 1, 1
2024-12-01 12:48:49,119 - Interaction: PROBABILISTIC vs TEMPORAL, Payoffs: 3, 3
2024-12-01 12:48:49,119 - Interaction: PROBABILISTIC vs PROBABILISTIC, Payoffs: 3, 3
2024-12-01 12:48:49,120 - Interaction: PROBABILISTIC vs HYBRID, Payoffs: 3, 3
2024-12-01 12:48:49,120 - Interaction: PROBABILISTIC vs PROBABILISTIC, Payoffs: 3, 3
2024-12-01 12:48:49,120 - Interaction: PROBABILISTIC vs PROBABILISTIC, Payoffs: 3, 3
2024-12-01 12:48:49,121 - Interaction: PROBABILISTIC vs HYBRID, Payoffs: 3, 3
2024-12-01 12:48:49,121 - Interaction: PROBABILISTIC vs PROBABILISTIC, Payoffs: 3, 3
2024-12-01 12:48:49,121 - Interaction: PROBABILISTIC vs PROBABILISTIC, Payoffs: 3, 3
2024-12-01 12:48:49,122 - Interaction: PROBABILISTIC vs HYBRID, Payoffs: 5, 0
2024-12-01 12:48:49,122 - Interaction: PROBABILISTIC vs PROBABILISTIC, Payoffs: 5, 0
2024-12-01 12:48:49,122 - Interaction: PROBABILISTIC vs COOPERATOR, Payoffs: 5, 0
2024-12-01 12:48:49,389 - Agents count: 74
2024-12-01 12:48:49,427 - Interaction: TEMPORAL vs PROBABILISTIC, Payoffs: 3, 3
2024-12-01 12:48:49,428 - Interaction: TEMPORAL vs COOPERATOR, Payoffs: 5, 0
2024-12-01 12:48:49,431 - Interaction: DEFECTOR vs PROBABILISTIC, Payoffs: 1, 1
2024-12-01 12:48:49,432 - Interaction: HYBRID vs PROBABILISTIC, Payoffs: 3, 3
2024-12-01 12:48:49,433 - Interaction: HYBRID vs PROBABILISTIC, Payoffs: 3, 3
2024-12-01 12:48:49,435 - Interaction: HYBRID vs PROBABILISTIC, Payoffs: 3, 3
2024-12-01 12:48:49,435 - Interaction: HYBRID vs PROBABILISTIC, Payoffs: 0, 5
2024-12-01 12:48:49,436 - Interaction: COOPERATOR vs COOPERATOR, Payoffs: 3, 3
2024-12-01 12:48:49,438 - Interaction: PROBABILISTIC vs DEFECTOR, Payoffs: 1, 1
2024-12-01 12:48:49,441 - Interaction: PROBABILISTIC vs PROBABILISTIC, Payoffs: 1, 1
2024-12-01 12:48:49,446 - Interaction: COOPERATOR vs COOPERATOR, Payoffs: 3, 3
2024-12-01 12:48:49,455 - Interaction: COOPERATOR vs TEMPORAL, Payoffs: 0, 5
2024-12-01 12:48:49,455 - Interaction: PROBABILISTIC vs HYBRID, Payoffs: 3, 3
2024-12-01 12:48:49,455 - Interaction: PROBABILISTIC vs PROBABILISTIC, Payoffs: 0, 5
2024-12-01 12:48:49,459 - Interaction: PROBABILISTIC vs PROBABILISTIC, Payoffs: 3, 3
2024-12-01 12:48:49,459 - Interaction: PROBABILISTIC vs PROBABILISTIC, Payoffs: 3, 3
2024-12-01 12:48:49,460 - Interaction: PROBABILISTIC vs PROBABILISTIC, Payoffs: 1, 1
2024-12-01 12:48:49,460 - Interaction: PROBABILISTIC vs TEMPORAL, Payoffs: 3, 3
2024-12-01 12:48:49,460 - Interaction: PROBABILISTIC vs PROBABILISTIC, Payoffs: 3, 3
2024-12-01 12:48:49,461 - Interaction: PROBABILISTIC vs HYBRID, Payoffs: 3, 3
2024-12-01 12:48:49,461 - Interaction: PROBABILISTIC vs PROBABILISTIC, Payoffs: 3, 3
2024-12-01 12:48:49,462 - Interaction: PROBABILISTIC vs HYBRID, Payoffs: 3, 3
2024-12-01 12:48:49,462 - Interaction: PROBABILISTIC vs PROBABILISTIC, Payoffs: 3, 3
2024-12-01 12:48:49,462 - Interaction: PROBABILISTIC vs PROBABILISTIC, Payoffs: 3, 3
2024-12-01 12:48:49,463 - Interaction: PROBABILISTIC vs HYBRID, Payoffs: 3, 3
2024-12-01 12:48:49,464 - Interaction: PROBABILISTIC vs PROBABILISTIC, Payoffs: 3, 3
2024-12-01 12:48:49,464 - Agents count: 74
2024-12-01 12:48:49,506 - Interaction: TEMPORAL vs PROBABILISTIC, Payoffs: 3, 3
2024-12-01 12:48:49,506 - New agent spawned with strategy: PROBABILISTIC
2024-12-01 12:48:49,507 - Interaction: TEMPORAL vs COOPERATOR, Payoffs: 5, 0
2024-12-01 12:48:49,510 - Interaction: DEFECTOR vs PROBABILISTIC, Payoffs: 1, 1
2024-12-01 12:48:49,510 - Interaction: DEFECTOR vs COOPERATOR, Payoffs: 5, 0
2024-12-01 12:48:49,511 - Interaction: HYBRID vs PROBABILISTIC, Payoffs: 3, 3
2024-12-01 12:48:49,511 - Interaction: HYBRID vs PROBABILISTIC, Payoffs: 3, 3
2024-12-01 12:48:49,514 - Interaction: HYBRID vs PROBABILISTIC, Payoffs: 3, 3
2024-12-01 12:48:49,515 - Interaction: HYBRID vs PROBABILISTIC, Payoffs: 3, 3
2024-12-01 12:48:49,515 - Interaction: COOPERATOR vs COOPERATOR, Payoffs: 3, 3
2024-12-01 12:48:49,518 - Interaction: PROBABILISTIC vs DEFECTOR, Payoffs: 1, 1
2024-12-01 12:48:49,521 - Interaction: COOPERATOR vs DEFECTOR, Payoffs: 0, 5
2024-12-01 12:48:49,522 - Interaction: PROBABILISTIC vs PROBABILISTIC, Payoffs: 1, 1
2024-12-01 12:48:49,527 - Interaction: COOPERATOR vs COOPERATOR, Payoffs: 3, 3
2024-12-01 12:48:49,535 - Interaction: COOPERATOR vs TEMPORAL, Payoffs: 0, 5
2024-12-01 12:48:49,536 - Interaction: PROBABILISTIC vs HYBRID, Payoffs: 3, 3
2024-12-01 12:48:49,536 - Interaction: PROBABILISTIC vs PROBABILISTIC, Payoffs: 3, 3
2024-12-01 12:48:49,540 - Interaction: PROBABILISTIC vs PROBABILISTIC, Payoffs: 3, 3
2024-12-01 12:48:49,540 - Interaction: PROBABILISTIC vs PROBABILISTIC, Payoffs: 1, 1
2024-12-01 12:48:49,541 - Interaction: PROBABILISTIC vs TEMPORAL, Payoffs: 3, 3
2024-12-01 12:48:49,542 - Interaction: PROBABILISTIC vs PROBABILISTIC, Payoffs: 3, 3
2024-12-01 12:48:49,542 - Interaction: PROBABILISTIC vs HYBRID, Payoffs: 3, 3
2024-12-01 12:48:49,543 - Interaction: PROBABILISTIC vs PROBABILISTIC, Payoffs: 3, 3
2024-12-01 12:48:49,543 - Interaction: PROBABILISTIC vs HYBRID, Payoffs: 3, 3
2024-12-01 12:48:49,544 - Interaction: PROBABILISTIC vs PROBABILISTIC, Payoffs: 3, 3
2024-12-01 12:48:49,544 - Interaction: PROBABILISTIC vs HYBRID, Payoffs: 3, 3
2024-12-01 12:48:49,545 - Interaction: PROBABILISTIC vs PROBABILISTIC, Payoffs: 3, 3
2024-12-01 12:48:49,545 - Interaction: PROBABILISTIC vs TEMPORAL, Payoffs: 5, 0
2024-12-01 12:48:49,546 - Interaction: PROBABILISTIC vs PROBABILISTIC, Payoffs: 5, 0
2024-12-01 12:48:49,546 - Interaction: PROBABILISTIC vs PROBABILISTIC, Payoffs: 5, 0
2024-12-01 12:48:49,546 - Agents count: 75
2024-12-01 12:48:49,590 - Interaction: TEMPORAL vs PROBABILISTIC, Payoffs: 3, 3
2024-12-01 12:48:49,590 - Interaction: TEMPORAL vs PROBABILISTIC, Payoffs: 0, 5
2024-12-01 12:48:49,591 - Interaction: TEMPORAL vs COOPERATOR, Payoffs: 5, 0
2024-12-01 12:48:49,592 - Interaction: DEFECTOR vs PROBABILISTIC, Payoffs: 1, 1
2024-12-01 12:48:49,592 - Interaction: DEFECTOR vs COOPERATOR, Payoffs: 5, 0
2024-12-01 12:48:49,593 - Interaction: HYBRID vs PROBABILISTIC, Payoffs: 3, 3
2024-12-01 12:48:49,594 - Interaction: PROBABILISTIC vs COOPERATOR, Payoffs: 5, 0
2024-12-01 12:48:49,594 - Interaction: HYBRID vs PROBABILISTIC, Payoffs: 3, 3
2024-12-01 12:48:49,594 - Interaction: HYBRID vs PROBABILISTIC, Payoffs: 3, 3
2024-12-01 12:48:49,595 - Interaction: COOPERATOR vs COOPERATOR, Payoffs: 3, 3
2024-12-01 12:48:49,598 - Interaction: PROBABILISTIC vs DEFECTOR, Payoffs: 1, 1
2024-12-01 12:48:49,601 - Interaction: COOPERATOR vs DEFECTOR, Payoffs: 0, 5
2024-12-01 12:48:49,601 - Interaction: PROBABILISTIC vs PROBABILISTIC, Payoffs: 1, 1
2024-12-01 12:48:49,605 - Interaction: COOPERATOR vs COOPERATOR, Payoffs: 3, 3
2024-12-01 12:48:49,608 - Interaction: COOPERATOR vs PROBABILISTIC, Payoffs: 0, 5
2024-12-01 12:48:49,609 - Interaction: COOPERATOR vs TEMPORAL, Payoffs: 0, 5
2024-12-01 12:48:49,609 - Interaction: PROBABILISTIC vs HYBRID, Payoffs: 3, 3
2024-12-01 12:48:49,611 - Interaction: PROBABILISTIC vs PROBABILISTIC, Payoffs: 3, 3
2024-12-01 12:48:49,612 - Interaction: PROBABILISTIC vs PROBABILISTIC, Payoffs: 3, 3
2024-12-01 12:48:49,613 - Interaction: PROBABILISTIC vs PROBABILISTIC, Payoffs: 0, 5
2024-12-01 12:48:49,614 - Interaction: PROBABILISTIC vs PROBABILISTIC, Payoffs: 1, 1
2024-12-01 12:48:49,616 - Interaction: PROBABILISTIC vs TEMPORAL, Payoffs: 3, 3
2024-12-01 12:48:49,616 - Interaction: PROBABILISTIC vs PROBABILISTIC, Payoffs: 3, 3
2024-12-01 12:48:49,616 - Interaction: PROBABILISTIC vs PROBABILISTIC, Payoffs: 0, 5
2024-12-01 12:48:49,617 - Interaction: PROBABILISTIC vs PROBABILISTIC, Payoffs: 3, 3
2024-12-01 12:48:49,618 - Interaction: PROBABILISTIC vs HYBRID, Payoffs: 3, 3
2024-12-01 12:48:49,618 - Interaction: PROBABILISTIC vs PROBABILISTIC, Payoffs: 3, 3
2024-12-01 12:48:49,618 - Interaction: PROBABILISTIC vs HYBRID, Payoffs: 3, 3
2024-12-01 12:48:49,619 - Interaction: PROBABILISTIC vs PROBABILISTIC, Payoffs: 3, 3
2024-12-01 12:48:49,619 - Interaction: PROBABILISTIC vs TEMPORAL, Payoffs: 5, 0
2024-12-01 12:48:49,619 - Interaction: PROBABILISTIC vs PROBABILISTIC, Payoffs: 5, 0
2024-12-01 12:48:49,619 - Interaction: PROBABILISTIC vs PROBABILISTIC, Payoffs: 5, 0
2024-12-01 12:48:49,619 - Agents count: 75
2024-12-01 12:48:49,660 - Interaction: TEMPORAL vs PROBABILISTIC, Payoffs: 3, 3
2024-12-01 12:48:49,660 - Interaction: TEMPORAL vs PROBABILISTIC, Payoffs: 0, 5
2024-12-01 12:48:49,661 - Interaction: TEMPORAL vs COOPERATOR, Payoffs: 5, 0
2024-12-01 12:48:49,664 - Interaction: DEFECTOR vs PROBABILISTIC, Payoffs: 1, 1
2024-12-01 12:48:49,664 - Interaction: DEFECTOR vs COOPERATOR, Payoffs: 5, 0
2024-12-01 12:48:49,665 - Interaction: HYBRID vs PROBABILISTIC, Payoffs: 3, 3
2024-12-01 12:48:49,667 - Interaction: PROBABILISTIC vs COOPERATOR, Payoffs: 5, 0
2024-12-01 12:48:49,668 - Interaction: DEFECTOR vs COOPERATOR, Payoffs: 5, 0
2024-12-01 12:48:49,668 - Interaction: HYBRID vs PROBABILISTIC, Payoffs: 3, 3
2024-12-01 12:48:49,668 - Interaction: HYBRID vs PROBABILISTIC, Payoffs: 3, 3
2024-12-01 12:48:49,669 - Interaction: COOPERATOR vs COOPERATOR, Payoffs: 3, 3
2024-12-01 12:48:49,671 - Interaction: PROBABILISTIC vs DEFECTOR, Payoffs: 1, 1
2024-12-01 12:48:49,674 - Interaction: COOPERATOR vs DEFECTOR, Payoffs: 0, 5
2024-12-01 12:48:49,675 - Interaction: COOPERATOR vs DEFECTOR, Payoffs: 0, 5
2024-12-01 12:48:49,676 - Interaction: PROBABILISTIC vs PROBABILISTIC, Payoffs: 1, 1
2024-12-01 12:48:49,682 - Interaction: COOPERATOR vs COOPERATOR, Payoffs: 3, 3
2024-12-01 12:48:49,686 - Interaction: COOPERATOR vs PROBABILISTIC, Payoffs: 0, 5
2024-12-01 12:48:49,689 - Interaction: COOPERATOR vs TEMPORAL, Payoffs: 0, 5
2024-12-01 12:48:49,689 - Interaction: PROBABILISTIC vs HYBRID, Payoffs: 3, 3
2024-12-01 12:48:49,690 - Interaction: PROBABILISTIC vs PROBABILISTIC, Payoffs: 3, 3
2024-12-01 12:48:49,693 - Interaction: PROBABILISTIC vs PROBABILISTIC, Payoffs: 3, 3
2024-12-01 12:48:49,693 - Interaction: PROBABILISTIC vs PROBABILISTIC, Payoffs: 0, 5
2024-12-01 12:48:49,694 - Interaction: PROBABILISTIC vs PROBABILISTIC, Payoffs: 1, 1
2024-12-01 12:48:49,695 - Interaction: PROBABILISTIC vs TEMPORAL, Payoffs: 3, 3
2024-12-01 12:48:49,695 - Interaction: PROBABILISTIC vs PROBABILISTIC, Payoffs: 3, 3
2024-12-01 12:48:49,695 - Interaction: PROBABILISTIC vs PROBABILISTIC, Payoffs: 0, 5
2024-12-01 12:48:49,696 - Interaction: PROBABILISTIC vs PROBABILISTIC, Payoffs: 3, 3
2024-12-01 12:48:49,696 - Interaction: PROBABILISTIC vs HYBRID, Payoffs: 3, 3
2024-12-01 12:48:49,697 - Interaction: PROBABILISTIC vs PROBABILISTIC, Payoffs: 3, 3
2024-12-01 12:48:49,697 - Interaction: PROBABILISTIC vs HYBRID, Payoffs: 3, 3
2024-12-01 12:48:49,698 - Interaction: PROBABILISTIC vs PROBABILISTIC, Payoffs: 3, 3
2024-12-01 12:48:49,698 - Interaction: PROBABILISTIC vs TEMPORAL, Payoffs: 3, 3
2024-12-01 12:48:49,699 - Interaction: PROBABILISTIC vs PROBABILISTIC, Payoffs: 3, 3
2024-12-01 12:48:49,699 - Interaction: PROBABILISTIC vs PROBABILISTIC, Payoffs: 0, 5
2024-12-01 12:48:49,957 - Agents count: 75
2024-12-01 12:48:49,997 - Interaction: TEMPORAL vs PROBABILISTIC, Payoffs: 0, 5
2024-12-01 12:48:49,998 - Interaction: TEMPORAL vs PROBABILISTIC, Payoffs: 3, 3
2024-12-01 12:48:49,999 - Interaction: TEMPORAL vs COOPERATOR, Payoffs: 3, 3
2024-12-01 12:48:50,000 - Interaction: DEFECTOR vs PROBABILISTIC, Payoffs: 5, 0
2024-12-01 12:48:50,001 - Interaction: DEFECTOR vs PROBABILISTIC, Payoffs: 1, 1
2024-12-01 12:48:50,002 - Interaction: DEFECTOR vs COOPERATOR, Payoffs: 5, 0
2024-12-01 12:48:50,002 - Interaction: HYBRID vs PROBABILISTIC, Payoffs: 3, 3
2024-12-01 12:48:50,003 - Interaction: PROBABILISTIC vs COOPERATOR, Payoffs: 5, 0
2024-12-01 12:48:50,004 - Interaction: DEFECTOR vs COOPERATOR, Payoffs: 5, 0
2024-12-01 12:48:50,005 - Interaction: HYBRID vs PROBABILISTIC, Payoffs: 3, 3
2024-12-01 12:48:50,005 - Interaction: HYBRID vs PROBABILISTIC, Payoffs: 3, 3
2024-12-01 12:48:50,006 - Interaction: COOPERATOR vs COOPERATOR, Payoffs: 3, 3
2024-12-01 12:48:50,008 - Interaction: PROBABILISTIC vs DEFECTOR, Payoffs: 1, 1
2024-12-01 12:48:50,010 - Interaction: COOPERATOR vs DEFECTOR, Payoffs: 0, 5
2024-12-01 12:48:50,010 - Interaction: COOPERATOR vs DEFECTOR, Payoffs: 0, 5
2024-12-01 12:48:50,014 - Interaction: COOPERATOR vs COOPERATOR, Payoffs: 3, 3
2024-12-01 12:48:50,015 - New agent spawned with strategy: COOPERATOR
2024-12-01 12:48:50,020 - Interaction: COOPERATOR vs PROBABILISTIC, Payoffs: 3, 3
2024-12-01 12:48:50,022 - Interaction: COOPERATOR vs TEMPORAL, Payoffs: 3, 3
2024-12-01 12:48:50,023 - Interaction: PROBABILISTIC vs HYBRID, Payoffs: 3, 3
2024-12-01 12:48:50,023 - Interaction: PROBABILISTIC vs PROBABILISTIC, Payoffs: 3, 3
2024-12-01 12:48:50,025 - Interaction: PROBABILISTIC vs PROBABILISTIC, Payoffs: 3, 3
2024-12-01 12:48:50,026 - Interaction: PROBABILISTIC vs TEMPORAL, Payoffs: 1, 1
2024-12-01 12:48:50,026 - Interaction: PROBABILISTIC vs PROBABILISTIC, Payoffs: 5, 0
2024-12-01 12:48:50,027 - Interaction: PROBABILISTIC vs DEFECTOR, Payoffs: 0, 5
2024-12-01 12:48:50,027 - Interaction: PROBABILISTIC vs PROBABILISTIC, Payoffs: 3, 3
2024-12-01 12:48:50,027 - Interaction: PROBABILISTIC vs HYBRID, Payoffs: 3, 3
2024-12-01 12:48:50,027 - Interaction: PROBABILISTIC vs PROBABILISTIC, Payoffs: 3, 3
2024-12-01 12:48:50,028 - Interaction: PROBABILISTIC vs HYBRID, Payoffs: 3, 3
2024-12-01 12:48:50,028 - Interaction: PROBABILISTIC vs PROBABILISTIC, Payoffs: 3, 3
2024-12-01 12:48:50,029 - Interaction: PROBABILISTIC vs TEMPORAL, Payoffs: 0, 5
2024-12-01 12:48:50,029 - Interaction: PROBABILISTIC vs PROBABILISTIC, Payoffs: 3, 3
2024-12-01 12:48:50,029 - Interaction: PROBABILISTIC vs PROBABILISTIC, Payoffs: 0, 5
2024-12-01 12:48:50,029 - Interaction: COOPERATOR vs COOPERATOR, Payoffs: 3, 3
2024-12-01 12:48:50,029 - Interaction: COOPERATOR vs COOPERATOR, Payoffs: 3, 3
2024-12-01 12:48:50,030 - Agents count: 76
2024-12-01 12:48:50,083 - Interaction: TEMPORAL vs PROBABILISTIC, Payoffs: 5, 0
2024-12-01 12:48:50,084 - Interaction: TEMPORAL vs PROBABILISTIC, Payoffs: 1, 1
2024-12-01 12:48:50,086 - Interaction: TEMPORAL vs COOPERATOR, Payoffs: 3, 3
2024-12-01 12:48:50,089 - Interaction: DEFECTOR vs PROBABILISTIC, Payoffs: 5, 0
2024-12-01 12:48:50,092 - Interaction: DEFECTOR vs COOPERATOR, Payoffs: 5, 0
2024-12-01 12:48:50,094 - Interaction: HYBRID vs PROBABILISTIC, Payoffs: 3, 3
2024-12-01 12:48:50,097 - Interaction: PROBABILISTIC vs COOPERATOR, Payoffs: 3, 3
2024-12-01 12:48:50,099 - Interaction: DEFECTOR vs COOPERATOR, Payoffs: 5, 0
2024-12-01 12:48:50,100 - Interaction: HYBRID vs PROBABILISTIC, Payoffs: 3, 3
2024-12-01 12:48:50,100 - Interaction: HYBRID vs PROBABILISTIC, Payoffs: 3, 3
2024-12-01 12:48:50,101 - Interaction: COOPERATOR vs COOPERATOR, Payoffs: 3, 3
2024-12-01 12:48:50,101 - Interaction: COOPERATOR vs COOPERATOR, Payoffs: 3, 3
2024-12-01 12:48:50,108 - Interaction: COOPERATOR vs DEFECTOR, Payoffs: 0, 5
2024-12-01 12:48:50,111 - Interaction: COOPERATOR vs DEFECTOR, Payoffs: 0, 5
2024-12-01 12:48:50,118 - Interaction: COOPERATOR vs COOPERATOR, Payoffs: 3, 3
2024-12-01 12:48:50,118 - Interaction: COOPERATOR vs COOPERATOR, Payoffs: 3, 3
2024-12-01 12:48:50,123 - Interaction: COOPERATOR vs PROBABILISTIC, Payoffs: 3, 3
2024-12-01 12:48:50,125 - Interaction: COOPERATOR vs TEMPORAL, Payoffs: 3, 3
2024-12-01 12:48:50,126 - Interaction: PROBABILISTIC vs HYBRID, Payoffs: 3, 3
2024-12-01 12:48:50,126 - Interaction: PROBABILISTIC vs PROBABILISTIC, Payoffs: 3, 3
2024-12-01 12:48:50,129 - Interaction: PROBABILISTIC vs PROBABILISTIC, Payoffs: 3, 3
2024-12-01 12:48:50,130 - Interaction: PROBABILISTIC vs TEMPORAL, Payoffs: 1, 1
2024-12-01 12:48:50,130 - Interaction: PROBABILISTIC vs PROBABILISTIC, Payoffs: 5, 0
2024-12-01 12:48:50,131 - Interaction: PROBABILISTIC vs DEFECTOR, Payoffs: 0, 5
2024-12-01 12:48:50,131 - Interaction: PROBABILISTIC vs PROBABILISTIC, Payoffs: 3, 3
2024-12-01 12:48:50,132 - Interaction: PROBABILISTIC vs HYBRID, Payoffs: 3, 3
2024-12-01 12:48:50,132 - Interaction: PROBABILISTIC vs PROBABILISTIC, Payoffs: 3, 3
2024-12-01 12:48:50,132 - Interaction: PROBABILISTIC vs HYBRID, Payoffs: 3, 3
2024-12-01 12:48:50,133 - Interaction: PROBABILISTIC vs PROBABILISTIC, Payoffs: 3, 3
2024-12-01 12:48:50,133 - Interaction: PROBABILISTIC vs TEMPORAL, Payoffs: 0, 5
2024-12-01 12:48:50,134 - Interaction: PROBABILISTIC vs PROBABILISTIC, Payoffs: 3, 3
2024-12-01 12:48:50,134 - Interaction: PROBABILISTIC vs PROBABILISTIC, Payoffs: 0, 5
2024-12-01 12:48:50,134 - Interaction: COOPERATOR vs COOPERATOR, Payoffs: 3, 3
2024-12-01 12:48:50,135 - Interaction: COOPERATOR vs COOPERATOR, Payoffs: 3, 3
2024-12-01 12:48:50,135 - Agents count: 76
2024-12-01 12:48:50,187 - Interaction: TEMPORAL vs PROBABILISTIC, Payoffs: 5, 0
2024-12-01 12:48:50,191 - Interaction: DEFECTOR vs PROBABILISTIC, Payoffs: 5, 0
2024-12-01 12:48:50,194 - Interaction: DEFECTOR vs COOPERATOR, Payoffs: 5, 0
2024-12-01 12:48:50,195 - Interaction: HYBRID vs PROBABILISTIC, Payoffs: 3, 3
2024-12-01 12:48:50,197 - Interaction: PROBABILISTIC vs COOPERATOR, Payoffs: 3, 3
2024-12-01 12:48:50,199 - Interaction: DEFECTOR vs COOPERATOR, Payoffs: 5, 0
2024-12-01 12:48:50,199 - Interaction: HYBRID vs PROBABILISTIC, Payoffs: 3, 3
2024-12-01 12:48:50,200 - Interaction: HYBRID vs PROBABILISTIC, Payoffs: 3, 3
2024-12-01 12:48:50,201 - Interaction: COOPERATOR vs COOPERATOR, Payoffs: 3, 3
2024-12-01 12:48:50,201 - Interaction: COOPERATOR vs COOPERATOR, Payoffs: 3, 3
2024-12-01 12:48:50,207 - Interaction: COOPERATOR vs DEFECTOR, Payoffs: 0, 5
2024-12-01 12:48:50,208 - Interaction: COOPERATOR vs DEFECTOR, Payoffs: 0, 5
2024-12-01 12:48:50,214 - Interaction: COOPERATOR vs COOPERATOR, Payoffs: 3, 3
2024-12-01 12:48:50,214 - Interaction: COOPERATOR vs COOPERATOR, Payoffs: 3, 3
2024-12-01 12:48:50,219 - Interaction: COOPERATOR vs PROBABILISTIC, Payoffs: 3, 3
2024-12-01 12:48:50,221 - Interaction: PROBABILISTIC vs HYBRID, Payoffs: 3, 3
2024-12-01 12:48:50,221 - Interaction: PROBABILISTIC vs PROBABILISTIC, Payoffs: 3, 3
2024-12-01 12:48:50,225 - Interaction: PROBABILISTIC vs PROBABILISTIC, Payoffs: 5, 0
2024-12-01 12:48:50,225 - Interaction: PROBABILISTIC vs DEFECTOR, Payoffs: 0, 5
2024-12-01 12:48:50,225 - Interaction: PROBABILISTIC vs PROBABILISTIC, Payoffs: 3, 3
2024-12-01 12:48:50,226 - Interaction: PROBABILISTIC vs HYBRID, Payoffs: 3, 3
2024-12-01 12:48:50,226 - Interaction: PROBABILISTIC vs PROBABILISTIC, Payoffs: 3, 3
2024-12-01 12:48:50,226 - Interaction: PROBABILISTIC vs HYBRID, Payoffs: 3, 3
2024-12-01 12:48:50,226 - Interaction: PROBABILISTIC vs PROBABILISTIC, Payoffs: 3, 3
2024-12-01 12:48:50,227 - Interaction: PROBABILISTIC vs TEMPORAL, Payoffs: 0, 5
2024-12-01 12:48:50,227 - Interaction: PROBABILISTIC vs PROBABILISTIC, Payoffs: 3, 3
2024-12-01 12:48:50,227 - Interaction: COOPERATOR vs COOPERATOR, Payoffs: 3, 3
2024-12-01 12:48:50,227 - Interaction: COOPERATOR vs COOPERATOR, Payoffs: 3, 3
2024-12-01 12:48:50,425 - Agents count: 76
2024-12-01 12:48:50,479 - Interaction: TEMPORAL vs PROBABILISTIC, Payoffs: 5, 0
2024-12-01 12:48:50,483 - Interaction: DEFECTOR vs PROBABILISTIC, Payoffs: 5, 0
2024-12-01 12:48:50,487 - Interaction: DEFECTOR vs COOPERATOR, Payoffs: 5, 0
2024-12-01 12:48:50,491 - Interaction: PROBABILISTIC vs COOPERATOR, Payoffs: 3, 3
2024-12-01 12:48:50,494 - Interaction: DEFECTOR vs COOPERATOR, Payoffs: 5, 0
2024-12-01 12:48:50,495 - Interaction: HYBRID vs PROBABILISTIC, Payoffs: 3, 3
2024-12-01 12:48:50,495 - Interaction: HYBRID vs PROBABILISTIC, Payoffs: 3, 3
2024-12-01 12:48:50,497 - Interaction: COOPERATOR vs COOPERATOR, Payoffs: 3, 3
2024-12-01 12:48:50,497 - Interaction: COOPERATOR vs COOPERATOR, Payoffs: 3, 3
2024-12-01 12:48:50,507 - Interaction: COOPERATOR vs DEFECTOR, Payoffs: 0, 5
2024-12-01 12:48:50,512 - Interaction: COOPERATOR vs DEFECTOR, Payoffs: 0, 5
2024-12-01 12:48:50,525 - Interaction: COOPERATOR vs COOPERATOR, Payoffs: 3, 3
2024-12-01 12:48:50,525 - New agent spawned with strategy: COOPERATOR
2024-12-01 12:48:50,526 - Interaction: COOPERATOR vs COOPERATOR, Payoffs: 3, 3
2024-12-01 12:48:50,539 - Interaction: COOPERATOR vs PROBABILISTIC, Payoffs: 3, 3
2024-12-01 12:48:50,546 - Interaction: PROBABILISTIC vs HYBRID, Payoffs: 3, 3
2024-12-01 12:48:50,555 - Interaction: PROBABILISTIC vs PROBABILISTIC, Payoffs: 3, 3
2024-12-01 12:48:50,557 - Interaction: PROBABILISTIC vs DEFECTOR, Payoffs: 0, 5
2024-12-01 12:48:50,557 - Interaction: PROBABILISTIC vs PROBABILISTIC, Payoffs: 3, 3
2024-12-01 12:48:50,559 - Interaction: PROBABILISTIC vs PROBABILISTIC, Payoffs: 3, 3
2024-12-01 12:48:50,561 - Interaction: PROBABILISTIC vs HYBRID, Payoffs: 3, 3
2024-12-01 12:48:50,563 - Interaction: PROBABILISTIC vs TEMPORAL, Payoffs: 0, 5
2024-12-01 12:48:50,564 - Interaction: PROBABILISTIC vs PROBABILISTIC, Payoffs: 3, 3
2024-12-01 12:48:50,565 - Interaction: COOPERATOR vs COOPERATOR, Payoffs: 3, 3
2024-12-01 12:48:50,566 - Interaction: COOPERATOR vs COOPERATOR, Payoffs: 3, 3
2024-12-01 12:48:50,567 - Interaction: COOPERATOR vs COOPERATOR, Payoffs: 3, 3
2024-12-01 12:48:50,569 - Interaction: COOPERATOR vs COOPERATOR, Payoffs: 3, 3
2024-12-01 12:48:50,569 - Interaction: COOPERATOR vs COOPERATOR, Payoffs: 3, 3
2024-12-01 12:48:50,570 - Agents count: 77
2024-12-01 12:48:50,643 - Interaction: TEMPORAL vs PROBABILISTIC, Payoffs: 5, 0
2024-12-01 12:48:50,645 - Interaction: DEFECTOR vs PROBABILISTIC, Payoffs: 5, 0
2024-12-01 12:48:50,647 - Interaction: DEFECTOR vs COOPERATOR, Payoffs: 5, 0
2024-12-01 12:48:50,648 - Interaction: PROBABILISTIC vs COOPERATOR, Payoffs: 3, 3
2024-12-01 12:48:50,650 - Interaction: DEFECTOR vs COOPERATOR, Payoffs: 5, 0
2024-12-01 12:48:50,650 - Interaction: HYBRID vs PROBABILISTIC, Payoffs: 3, 3
2024-12-01 12:48:50,650 - Interaction: HYBRID vs PROBABILISTIC, Payoffs: 3, 3
2024-12-01 12:48:50,651 - Interaction: COOPERATOR vs COOPERATOR, Payoffs: 3, 3
2024-12-01 12:48:50,651 - Interaction: COOPERATOR vs COOPERATOR, Payoffs: 3, 3
2024-12-01 12:48:50,651 - Interaction: COOPERATOR vs COOPERATOR, Payoffs: 3, 3
2024-12-01 12:48:50,655 - Interaction: COOPERATOR vs PROBABILISTIC, Payoffs: 3, 3
2024-12-01 12:48:50,656 - Interaction: COOPERATOR vs DEFECTOR, Payoffs: 0, 5
2024-12-01 12:48:50,657 - Interaction: COOPERATOR vs DEFECTOR, Payoffs: 0, 5
2024-12-01 12:48:50,658 - Interaction: PROBABILISTIC vs COOPERATOR, Payoffs: 3, 3
2024-12-01 12:48:50,662 - Interaction: COOPERATOR vs COOPERATOR, Payoffs: 3, 3
2024-12-01 12:48:50,662 - Interaction: COOPERATOR vs COOPERATOR, Payoffs: 3, 3
2024-12-01 12:48:50,662 - Interaction: COOPERATOR vs COOPERATOR, Payoffs: 3, 3
2024-12-01 12:48:50,667 - Interaction: COOPERATOR vs PROBABILISTIC, Payoffs: 3, 3
2024-12-01 12:48:50,670 - Interaction: PROBABILISTIC vs HYBRID, Payoffs: 3, 3
2024-12-01 12:48:50,674 - Interaction: PROBABILISTIC vs PROBABILISTIC, Payoffs: 3, 3
2024-12-01 12:48:50,674 - Interaction: PROBABILISTIC vs DEFECTOR, Payoffs: 0, 5
2024-12-01 12:48:50,675 - Interaction: PROBABILISTIC vs HYBRID, Payoffs: 3, 3
2024-12-01 12:48:50,676 - Interaction: PROBABILISTIC vs TEMPORAL, Payoffs: 0, 5
2024-12-01 12:48:50,676 - Interaction: PROBABILISTIC vs PROBABILISTIC, Payoffs: 3, 3
2024-12-01 12:48:50,676 - Interaction: COOPERATOR vs COOPERATOR, Payoffs: 3, 3
2024-12-01 12:48:50,677 - Interaction: COOPERATOR vs COOPERATOR, Payoffs: 3, 3
2024-12-01 12:48:50,677 - Interaction: COOPERATOR vs COOPERATOR, Payoffs: 3, 3
2024-12-01 12:48:50,677 - Interaction: COOPERATOR vs COOPERATOR, Payoffs: 3, 3
2024-12-01 12:48:50,678 - Interaction: COOPERATOR vs COOPERATOR, Payoffs: 3, 3
2024-12-01 12:48:50,678 - Interaction: COOPERATOR vs COOPERATOR, Payoffs: 3, 3
2024-12-01 12:48:50,678 - Agents count: 77
2024-12-01 12:48:50,720 - Interaction: TEMPORAL vs PROBABILISTIC, Payoffs: 5, 0
2024-12-01 12:48:50,721 - Interaction: DEFECTOR vs PROBABILISTIC, Payoffs: 5, 0
2024-12-01 12:48:50,724 - Interaction: PROBABILISTIC vs COOPERATOR, Payoffs: 3, 3
2024-12-01 12:48:50,725 - Interaction: DEFECTOR vs COOPERATOR, Payoffs: 5, 0
2024-12-01 12:48:50,726 - Interaction: HYBRID vs PROBABILISTIC, Payoffs: 3, 3
2024-12-01 12:48:50,726 - Interaction: COOPERATOR vs COOPERATOR, Payoffs: 3, 3
2024-12-01 12:48:50,726 - Interaction: COOPERATOR vs COOPERATOR, Payoffs: 3, 3
2024-12-01 12:48:50,727 - Interaction: COOPERATOR vs COOPERATOR, Payoffs: 3, 3
2024-12-01 12:48:50,731 - Interaction: COOPERATOR vs PROBABILISTIC, Payoffs: 3, 3
2024-12-01 12:48:50,732 - Interaction: COOPERATOR vs DEFECTOR, Payoffs: 0, 5
2024-12-01 12:48:50,734 - Interaction: PROBABILISTIC vs COOPERATOR, Payoffs: 3, 3
2024-12-01 12:48:50,738 - Interaction: COOPERATOR vs COOPERATOR, Payoffs: 3, 3
2024-12-01 12:48:50,738 - Interaction: COOPERATOR vs COOPERATOR, Payoffs: 3, 3
2024-12-01 12:48:50,738 - Interaction: COOPERATOR vs COOPERATOR, Payoffs: 3, 3
2024-12-01 12:48:50,743 - Interaction: COOPERATOR vs PROBABILISTIC, Payoffs: 3, 3
2024-12-01 12:48:50,749 - Interaction: PROBABILISTIC vs PROBABILISTIC, Payoffs: 3, 3
2024-12-01 12:48:50,749 - Interaction: PROBABILISTIC vs DEFECTOR, Payoffs: 0, 5
2024-12-01 12:48:50,750 - Interaction: PROBABILISTIC vs HYBRID, Payoffs: 3, 3
2024-12-01 12:48:50,751 - Interaction: PROBABILISTIC vs TEMPORAL, Payoffs: 0, 5
2024-12-01 12:48:50,751 - Interaction: PROBABILISTIC vs PROBABILISTIC, Payoffs: 3, 3
2024-12-01 12:48:50,752 - Interaction: COOPERATOR vs COOPERATOR, Payoffs: 3, 3
2024-12-01 12:48:50,752 - Interaction: COOPERATOR vs COOPERATOR, Payoffs: 3, 3
2024-12-01 12:48:50,752 - Interaction: COOPERATOR vs COOPERATOR, Payoffs: 3, 3
2024-12-01 12:48:50,753 - Interaction: COOPERATOR vs COOPERATOR, Payoffs: 3, 3
2024-12-01 12:48:50,753 - Interaction: COOPERATOR vs COOPERATOR, Payoffs: 3, 3
2024-12-01 12:48:50,753 - Interaction: COOPERATOR vs COOPERATOR, Payoffs: 3, 3
2024-12-01 12:48:51,007 - Agents count: 77
2024-12-01 12:48:51,047 - Interaction: TEMPORAL vs PROBABILISTIC, Payoffs: 5, 0
2024-12-01 12:48:51,050 - Interaction: DEFECTOR vs PROBABILISTIC, Payoffs: 5, 0
2024-12-01 12:48:51,053 - Interaction: PROBABILISTIC vs COOPERATOR, Payoffs: 3, 3
2024-12-01 12:48:51,053 - New agent spawned with strategy: COOPERATOR
2024-12-01 12:48:51,054 - Interaction: DEFECTOR vs COOPERATOR, Payoffs: 5, 0
2024-12-01 12:48:51,054 - Interaction: HYBRID vs PROBABILISTIC, Payoffs: 3, 3
2024-12-01 12:48:51,055 - Interaction: COOPERATOR vs COOPERATOR, Payoffs: 3, 3
2024-12-01 12:48:51,055 - Interaction: COOPERATOR vs COOPERATOR, Payoffs: 3, 3
2024-12-01 12:48:51,057 - Interaction: PROBABILISTIC vs PROBABILISTIC, Payoffs: 5, 0
2024-12-01 12:48:51,058 - Interaction: PROBABILISTIC vs PROBABILISTIC, Payoffs: 0, 5
2024-12-01 12:48:51,058 - Interaction: COOPERATOR vs PROBABILISTIC, Payoffs: 3, 3
2024-12-01 12:48:51,060 - Interaction: COOPERATOR vs DEFECTOR, Payoffs: 0, 5
2024-12-01 12:48:51,062 - Interaction: PROBABILISTIC vs COOPERATOR, Payoffs: 3, 3
2024-12-01 12:48:51,066 - Interaction: COOPERATOR vs COOPERATOR, Payoffs: 3, 3
2024-12-01 12:48:51,067 - Interaction: COOPERATOR vs COOPERATOR, Payoffs: 3, 3
2024-12-01 12:48:51,071 - Interaction: COOPERATOR vs PROBABILISTIC, Payoffs: 3, 3
2024-12-01 12:48:51,077 - Interaction: PROBABILISTIC vs DEFECTOR, Payoffs: 0, 5
2024-12-01 12:48:51,077 - Interaction: PROBABILISTIC vs HYBRID, Payoffs: 3, 3
2024-12-01 12:48:51,078 - Interaction: PROBABILISTIC vs TEMPORAL, Payoffs: 0, 5
2024-12-01 12:48:51,080 - Interaction: COOPERATOR vs COOPERATOR, Payoffs: 3, 3
2024-12-01 12:48:51,080 - Interaction: COOPERATOR vs COOPERATOR, Payoffs: 3, 3
2024-12-01 12:48:51,080 - Interaction: COOPERATOR vs COOPERATOR, Payoffs: 3, 3
2024-12-01 12:48:51,081 - Interaction: COOPERATOR vs COOPERATOR, Payoffs: 3, 3
2024-12-01 12:48:51,082 - Interaction: COOPERATOR vs COOPERATOR, Payoffs: 3, 3
2024-12-01 12:48:51,082 - Interaction: COOPERATOR vs COOPERATOR, Payoffs: 3, 3
2024-12-01 12:48:51,084 - Interaction: COOPERATOR vs PROBABILISTIC, Payoffs: 3, 3
2024-12-01 12:48:51,084 - Interaction: COOPERATOR vs COOPERATOR, Payoffs: 3, 3
2024-12-01 12:48:51,084 - Agents count: 78
2024-12-01 12:48:51,123 - Interaction: DEFECTOR vs COOPERATOR, Payoffs: 5, 0
2024-12-01 12:48:51,124 - Interaction: TEMPORAL vs PROBABILISTIC, Payoffs: 5, 0
2024-12-01 12:48:51,126 - Interaction: DEFECTOR vs PROBABILISTIC, Payoffs: 5, 0
2024-12-01 12:48:51,129 - Interaction: PROBABILISTIC vs COOPERATOR, Payoffs: 3, 3
2024-12-01 12:48:51,129 - Interaction: PROBABILISTIC vs COOPERATOR, Payoffs: 3, 3
2024-12-01 12:48:51,130 - Interaction: DEFECTOR vs COOPERATOR, Payoffs: 5, 0
2024-12-01 12:48:51,130 - Interaction: HYBRID vs PROBABILISTIC, Payoffs: 3, 3
2024-12-01 12:48:51,131 - Interaction: COOPERATOR vs COOPERATOR, Payoffs: 3, 3
2024-12-01 12:48:51,131 - Interaction: COOPERATOR vs COOPERATOR, Payoffs: 3, 3
2024-12-01 12:48:51,133 - Interaction: PROBABILISTIC vs PROBABILISTIC, Payoffs: 5, 0
2024-12-01 12:48:51,134 - Interaction: PROBABILISTIC vs PROBABILISTIC, Payoffs: 0, 5
2024-12-01 12:48:51,135 - Interaction: COOPERATOR vs PROBABILISTIC, Payoffs: 3, 3
2024-12-01 12:48:51,136 - Interaction: COOPERATOR vs DEFECTOR, Payoffs: 0, 5
2024-12-01 12:48:51,137 - Interaction: PROBABILISTIC vs COOPERATOR, Payoffs: 3, 3
2024-12-01 12:48:51,141 - Interaction: COOPERATOR vs COOPERATOR, Payoffs: 3, 3
2024-12-01 12:48:51,141 - Interaction: COOPERATOR vs COOPERATOR, Payoffs: 3, 3
2024-12-01 12:48:51,145 - Interaction: COOPERATOR vs PROBABILISTIC, Payoffs: 3, 3
2024-12-01 12:48:51,146 - Interaction: COOPERATOR vs COOPERATOR, Payoffs: 3, 3
2024-12-01 12:48:51,152 - Interaction: PROBABILISTIC vs DEFECTOR, Payoffs: 0, 5
2024-12-01 12:48:51,153 - Interaction: PROBABILISTIC vs HYBRID, Payoffs: 3, 3
2024-12-01 12:48:51,154 - Interaction: PROBABILISTIC vs TEMPORAL, Payoffs: 0, 5
2024-12-01 12:48:51,154 - Interaction: COOPERATOR vs COOPERATOR, Payoffs: 3, 3
2024-12-01 12:48:51,155 - Interaction: COOPERATOR vs COOPERATOR, Payoffs: 3, 3
2024-12-01 12:48:51,155 - Interaction: COOPERATOR vs COOPERATOR, Payoffs: 3, 3
2024-12-01 12:48:51,155 - Interaction: COOPERATOR vs DEFECTOR, Payoffs: 0, 5
2024-12-01 12:48:51,155 - Interaction: COOPERATOR vs COOPERATOR, Payoffs: 3, 3
2024-12-01 12:48:51,156 - Interaction: COOPERATOR vs COOPERATOR, Payoffs: 3, 3
2024-12-01 12:48:51,156 - Interaction: COOPERATOR vs COOPERATOR, Payoffs: 3, 3
2024-12-01 12:48:51,157 - Interaction: COOPERATOR vs PROBABILISTIC, Payoffs: 3, 3
2024-12-01 12:48:51,157 - Interaction: COOPERATOR vs COOPERATOR, Payoffs: 3, 3
2024-12-01 12:48:51,157 - Agents count: 78
2024-12-01 12:48:51,194 - Interaction: TEMPORAL vs COOPERATOR, Payoffs: 3, 3
2024-12-01 12:48:51,196 - Interaction: DEFECTOR vs COOPERATOR, Payoffs: 5, 0
2024-12-01 12:48:51,196 - Interaction: TEMPORAL vs PROBABILISTIC, Payoffs: 5, 0
2024-12-01 12:48:51,198 - Interaction: DEFECTOR vs PROBABILISTIC, Payoffs: 5, 0
2024-12-01 12:48:51,201 - Interaction: PROBABILISTIC vs COOPERATOR, Payoffs: 3, 3
2024-12-01 12:48:51,202 - Interaction: DEFECTOR vs COOPERATOR, Payoffs: 5, 0
2024-12-01 12:48:51,203 - Interaction: HYBRID vs PROBABILISTIC, Payoffs: 3, 3
2024-12-01 12:48:51,203 - Interaction: COOPERATOR vs COOPERATOR, Payoffs: 3, 3
2024-12-01 12:48:51,203 - Interaction: COOPERATOR vs COOPERATOR, Payoffs: 3, 3
2024-12-01 12:48:51,205 - Interaction: PROBABILISTIC vs PROBABILISTIC, Payoffs: 5, 0
2024-12-01 12:48:51,207 - Interaction: PROBABILISTIC vs PROBABILISTIC, Payoffs: 0, 5
2024-12-01 12:48:51,207 - Interaction: COOPERATOR vs PROBABILISTIC, Payoffs: 3, 3
2024-12-01 12:48:51,208 - Interaction: COOPERATOR vs DEFECTOR, Payoffs: 0, 5
2024-12-01 12:48:51,210 - Interaction: PROBABILISTIC vs COOPERATOR, Payoffs: 3, 3
2024-12-01 12:48:51,213 - Interaction: COOPERATOR vs COOPERATOR, Payoffs: 3, 3
2024-12-01 12:48:51,213 - Interaction: COOPERATOR vs COOPERATOR, Payoffs: 3, 3
2024-12-01 12:48:51,214 - Interaction: COOPERATOR vs TEMPORAL, Payoffs: 3, 3
2024-12-01 12:48:51,219 - Interaction: COOPERATOR vs COOPERATOR, Payoffs: 3, 3
2024-12-01 12:48:51,225 - Interaction: PROBABILISTIC vs DEFECTOR, Payoffs: 0, 5
2024-12-01 12:48:51,226 - Interaction: PROBABILISTIC vs HYBRID, Payoffs: 3, 3
2024-12-01 12:48:51,227 - Interaction: PROBABILISTIC vs TEMPORAL, Payoffs: 0, 5
2024-12-01 12:48:51,227 - Interaction: COOPERATOR vs COOPERATOR, Payoffs: 3, 3
2024-12-01 12:48:51,227 - Interaction: COOPERATOR vs COOPERATOR, Payoffs: 3, 3
2024-12-01 12:48:51,227 - Interaction: COOPERATOR vs COOPERATOR, Payoffs: 3, 3
2024-12-01 12:48:51,227 - Interaction: COOPERATOR vs DEFECTOR, Payoffs: 0, 5
2024-12-01 12:48:51,229 - Interaction: COOPERATOR vs COOPERATOR, Payoffs: 3, 3
2024-12-01 12:48:51,229 - Interaction: COOPERATOR vs COOPERATOR, Payoffs: 3, 3
2024-12-01 12:48:51,229 - Interaction: COOPERATOR vs COOPERATOR, Payoffs: 3, 3
2024-12-01 12:48:51,229 - Interaction: COOPERATOR vs PROBABILISTIC, Payoffs: 3, 3
2024-12-01 12:48:51,230 - Interaction: COOPERATOR vs COOPERATOR, Payoffs: 3, 3
2024-12-01 12:48:51,230 - Agents count: 78
2024-12-01 12:48:51,271 - Interaction: TEMPORAL vs COOPERATOR, Payoffs: 3, 3
2024-12-01 12:48:51,273 - Interaction: DEFECTOR vs COOPERATOR, Payoffs: 5, 0
2024-12-01 12:48:51,273 - Interaction: DEFECTOR vs COOPERATOR, Payoffs: 5, 0
2024-12-01 12:48:51,274 - Interaction: DEFECTOR vs PROBABILISTIC, Payoffs: 5, 0
2024-12-01 12:48:51,277 - Interaction: PROBABILISTIC vs COOPERATOR, Payoffs: 3, 3
2024-12-01 12:48:51,278 - Interaction: HYBRID vs PROBABILISTIC, Payoffs: 3, 3
2024-12-01 12:48:51,278 - Interaction: COOPERATOR vs COOPERATOR, Payoffs: 3, 3
2024-12-01 12:48:51,278 - Interaction: COOPERATOR vs COOPERATOR, Payoffs: 3, 3
2024-12-01 12:48:51,281 - Interaction: PROBABILISTIC vs PROBABILISTIC, Payoffs: 5, 0
2024-12-01 12:48:51,283 - Interaction: PROBABILISTIC vs PROBABILISTIC, Payoffs: 0, 5
2024-12-01 12:48:51,283 - Interaction: COOPERATOR vs PROBABILISTIC, Payoffs: 3, 3
2024-12-01 12:48:51,285 - Interaction: PROBABILISTIC vs COOPERATOR, Payoffs: 3, 3
2024-12-01 12:48:51,287 - Interaction: COOPERATOR vs COOPERATOR, Payoffs: 3, 3
2024-12-01 12:48:51,289 - Interaction: COOPERATOR vs COOPERATOR, Payoffs: 3, 3
2024-12-01 12:48:51,289 - Interaction: COOPERATOR vs TEMPORAL, Payoffs: 3, 3
2024-12-01 12:48:51,293 - Interaction: COOPERATOR vs COOPERATOR, Payoffs: 3, 3
2024-12-01 12:48:51,293 - Interaction: COOPERATOR vs COOPERATOR, Payoffs: 3, 3
2024-12-01 12:48:51,299 - Interaction: PROBABILISTIC vs DEFECTOR, Payoffs: 1, 1
2024-12-01 12:48:51,299 - Interaction: PROBABILISTIC vs HYBRID, Payoffs: 3, 3
2024-12-01 12:48:51,301 - Interaction: COOPERATOR vs DEFECTOR, Payoffs: 0, 5
2024-12-01 12:48:51,301 - Interaction: COOPERATOR vs COOPERATOR, Payoffs: 3, 3
2024-12-01 12:48:51,301 - Interaction: COOPERATOR vs COOPERATOR, Payoffs: 3, 3
2024-12-01 12:48:51,302 - Interaction: COOPERATOR vs COOPERATOR, Payoffs: 3, 3
2024-12-01 12:48:51,302 - Interaction: COOPERATOR vs DEFECTOR, Payoffs: 0, 5
2024-12-01 12:48:51,302 - Interaction: COOPERATOR vs COOPERATOR, Payoffs: 3, 3
2024-12-01 12:48:51,302 - Interaction: COOPERATOR vs COOPERATOR, Payoffs: 3, 3
2024-12-01 12:48:51,303 - Interaction: COOPERATOR vs PROBABILISTIC, Payoffs: 3, 3
2024-12-01 12:48:51,303 - Interaction: COOPERATOR vs COOPERATOR, Payoffs: 3, 3
2024-12-01 12:48:51,533 - Agents count: 78
2024-12-01 12:48:51,573 - Interaction: TEMPORAL vs COOPERATOR, Payoffs: 3, 3
2024-12-01 12:48:51,574 - New agent spawned with strategy: COOPERATOR
2024-12-01 12:48:51,575 - Interaction: DEFECTOR vs COOPERATOR, Payoffs: 5, 0
2024-12-01 12:48:51,575 - Interaction: DEFECTOR vs COOPERATOR, Payoffs: 5, 0
2024-12-01 12:48:51,576 - Interaction: DEFECTOR vs COOPERATOR, Payoffs: 5, 0
2024-12-01 12:48:51,586 - Interaction: DEFECTOR vs PROBABILISTIC, Payoffs: 1, 1
2024-12-01 12:48:51,590 - Interaction: HYBRID vs PROBABILISTIC, Payoffs: 3, 3
2024-12-01 12:48:51,590 - Interaction: PROBABILISTIC vs HYBRID, Payoffs: 3, 3
2024-12-01 12:48:51,595 - Interaction: HYBRID vs PROBABILISTIC, Payoffs: 3, 3
2024-12-01 12:48:51,597 - Interaction: COOPERATOR vs DEFECTOR, Payoffs: 0, 5
2024-12-01 12:48:51,597 - Interaction: COOPERATOR vs COOPERATOR, Payoffs: 3, 3
2024-12-01 12:48:51,597 - Interaction: COOPERATOR vs COOPERATOR, Payoffs: 3, 3
2024-12-01 12:48:51,602 - Interaction: PROBABILISTIC vs PROBABILISTIC, Payoffs: 3, 3
2024-12-01 12:48:51,606 - Interaction: PROBABILISTIC vs PROBABILISTIC, Payoffs: 3, 3
2024-12-01 12:48:51,607 - Interaction: COOPERATOR vs PROBABILISTIC, Payoffs: 3, 3
2024-12-01 12:48:51,612 - Interaction: PROBABILISTIC vs COOPERATOR, Payoffs: 3, 3
2024-12-01 12:48:51,616 - Interaction: COOPERATOR vs COOPERATOR, Payoffs: 3, 3
2024-12-01 12:48:51,619 - Interaction: COOPERATOR vs COOPERATOR, Payoffs: 3, 3
2024-12-01 12:48:51,621 - Interaction: COOPERATOR vs TEMPORAL, Payoffs: 3, 3
2024-12-01 12:48:51,625 - Interaction: COOPERATOR vs COOPERATOR, Payoffs: 3, 3
2024-12-01 12:48:51,625 - Interaction: COOPERATOR vs COOPERATOR, Payoffs: 3, 3
2024-12-01 12:48:51,635 - Interaction: PROBABILISTIC vs DEFECTOR, Payoffs: 1, 1
2024-12-01 12:48:51,636 - Interaction: PROBABILISTIC vs HYBRID, Payoffs: 3, 3
2024-12-01 12:48:51,637 - Interaction: COOPERATOR vs DEFECTOR, Payoffs: 0, 5
2024-12-01 12:48:51,637 - Interaction: COOPERATOR vs COOPERATOR, Payoffs: 3, 3
2024-12-01 12:48:51,638 - Interaction: COOPERATOR vs COOPERATOR, Payoffs: 3, 3
2024-12-01 12:48:51,638 - Interaction: COOPERATOR vs COOPERATOR, Payoffs: 3, 3
2024-12-01 12:48:51,638 - Interaction: COOPERATOR vs DEFECTOR, Payoffs: 0, 5
2024-12-01 12:48:51,639 - Interaction: COOPERATOR vs COOPERATOR, Payoffs: 3, 3
2024-12-01 12:48:51,639 - Interaction: COOPERATOR vs COOPERATOR, Payoffs: 3, 3
2024-12-01 12:48:51,640 - Interaction: COOPERATOR vs COOPERATOR, Payoffs: 3, 3
2024-12-01 12:48:51,640 - Interaction: COOPERATOR vs TEMPORAL, Payoffs: 3, 3
2024-12-01 12:48:51,641 - Interaction: COOPERATOR vs COOPERATOR, Payoffs: 3, 3
2024-12-01 12:48:51,641 - Agents count: 79
2024-12-01 12:48:51,689 - Interaction: TEMPORAL vs COOPERATOR, Payoffs: 3, 3
2024-12-01 12:48:51,689 - Interaction: TEMPORAL vs COOPERATOR, Payoffs: 3, 3
2024-12-01 12:48:51,690 - Interaction: DEFECTOR vs COOPERATOR, Payoffs: 5, 0
2024-12-01 12:48:51,691 - Interaction: DEFECTOR vs COOPERATOR, Payoffs: 5, 0
2024-12-01 12:48:51,691 - Interaction: DEFECTOR vs COOPERATOR, Payoffs: 5, 0
2024-12-01 12:48:51,693 - Interaction: DEFECTOR vs PROBABILISTIC, Payoffs: 1, 1
